2025-11-01 13:54:09 | INFO     | src.core.logging_config | init_logging:134 | 日志系统初始化完成
2025-11-01 13:54:09 | INFO     | src.core.logging_config | init_logging:135 | 日志级别: INFO
2025-11-01 13:54:09 | INFO     | src.core.logging_config | init_logging:136 | 文件日志: 启用
2025-11-01 13:54:10 | INFO     | src.core.logging_config | main:34 | ============================================================
2025-11-01 13:54:10 | INFO     | src.core.logging_config | main:35 | 启动 AI Story Creator Pro
2025-11-01 13:54:10 | INFO     | src.core.logging_config | main:36 | 窗口尺寸: 1500x850
2025-11-01 13:54:10 | INFO     | src.core.logging_config | main:37 | 设计风格: 精致 · 简约 · 专业
2025-11-01 13:54:10 | INFO     | src.core.logging_config | main:38 | ============================================================
2025-11-01 13:54:11 | INFO     | src.gui.modern_app | __init__:89 | ✅ 自动保存功能已启用（每5分钟）
2025-11-01 17:10:28 | INFO     | src.core.logging_config | init_logging:134 | 日志系统初始化完成
2025-11-01 17:10:28 | INFO     | src.core.logging_config | init_logging:135 | 日志级别: INFO
2025-11-01 17:10:28 | INFO     | src.core.logging_config | init_logging:136 | 文件日志: 启用
2025-11-01 17:10:29 | ERROR    | __main__ | main:46 | 无法加载现代化UI: No module named 'src.gui.mixins.helpers'
Traceback (most recent call last):
  File "D:\code\play\Zhihu_short_stories\run_modern_app.py", line 32, in main
    from src.gui.modern_app import ModernApp
  File "D:\code\play\Zhihu_short_stories\src\gui\__init__.py", line 3, in <module>
    from .modern_app import ModernApp
  File "D:\code\play\Zhihu_short_stories\src\gui\modern_app.py", line 12, in <module>
    from .mixins.story_modules import StoryMixin
  File "D:\code\play\Zhihu_short_stories\src\gui\mixins\__init__.py", line 5, in <module>
    from .image_modules import ImageMixin
  File "D:\code\play\Zhihu_short_stories\src\gui\mixins\image_modules\__init__.py", line 10, in <module>
    from .char_photo import CharacterPhotoMixin  # ✅ 恢复：人物照片在图片管理页面生成
    ^^^^^^^^^^^^^^^^^^^^^^^^^^^^^^^^^^^^^^^^^^^
  File "D:\code\play\Zhihu_short_stories\src\gui\mixins\image_modules\char_photo.py", line 17, in <module>
    from .handlers import (
  File "D:\code\play\Zhihu_short_stories\src\gui\mixins\image_modules\handlers\__init__.py", line 4, in <module>
    from .character_photo_generator import CharacterPhotoGenerator
  File "D:\code\play\Zhihu_short_stories\src\gui\mixins\image_modules\handlers\character_photo_generator.py", line 13, in <module>
    from ...helpers.character_prompt_builder import CharacterPromptBuilder
ModuleNotFoundError: No module named 'src.gui.mixins.helpers'
2025-11-01 17:23:45 | INFO     | src.core.logging_config | init_logging:134 | 日志系统初始化完成
2025-11-01 17:23:45 | INFO     | src.core.logging_config | init_logging:135 | 日志级别: INFO
2025-11-01 17:23:45 | INFO     | src.core.logging_config | init_logging:136 | 文件日志: 启用
2025-11-01 17:23:45 | ERROR    | __main__ | main:46 | 无法加载现代化UI: No module named 'models'
Traceback (most recent call last):
  File "D:\code\play\Zhihu_short_stories\src\gui\mixins\director_modules\director_controller.py", line 12, in <module>
    from src.services.director import (
  File "D:\code\play\Zhihu_short_stories\src\services\director\__init__.py", line 4, in <module>
    from .character_service import CharacterService
ImportError: cannot import name 'CharacterService' from 'src.services.director.character_service' (D:\code\play\Zhihu_short_stories\src\services\director\character_service.py)

During handling of the above exception, another exception occurred:

Traceback (most recent call last):
  File "D:\code\play\Zhihu_short_stories\run_modern_app.py", line 32, in main
    from src.gui.modern_app import ModernApp
  File "D:\code\play\Zhihu_short_stories\src\gui\__init__.py", line 3, in <module>
    from .modern_app import ModernApp
  File "D:\code\play\Zhihu_short_stories\src\gui\modern_app.py", line 18, in <module>
    from .mixins.director_modules import DirectorMixin
  File "D:\code\play\Zhihu_short_stories\src\gui\mixins\director_modules\__init__.py", line 5, in <module>
    from .director_controller import DirectorController
  File "D:\code\play\Zhihu_short_stories\src\gui\mixins\director_modules\director_controller.py", line 23, in <module>
    from models import Shot, Character, DirectorProject
ModuleNotFoundError: No module named 'models'
2025-11-01 17:25:13 | INFO     | src.core.logging_config | init_logging:134 | 日志系统初始化完成
2025-11-01 17:25:13 | INFO     | src.core.logging_config | init_logging:135 | 日志级别: INFO
2025-11-01 17:25:13 | INFO     | src.core.logging_config | init_logging:136 | 文件日志: 启用
2025-11-01 17:25:14 | ERROR    | __main__ | main:46 | 无法加载现代化UI: No module named 'models'
Traceback (most recent call last):
  File "D:\code\play\Zhihu_short_stories\src\gui\mixins\director_modules\director_controller.py", line 12, in <module>
    from src.services.director import (
  File "D:\code\play\Zhihu_short_stories\src\services\director\__init__.py", line 4, in <module>
    from .character_service import CharacterService
ImportError: cannot import name 'CharacterService' from 'src.services.director.character_service' (D:\code\play\Zhihu_short_stories\src\services\director\character_service.py)

During handling of the above exception, another exception occurred:

Traceback (most recent call last):
  File "D:\code\play\Zhihu_short_stories\run_modern_app.py", line 32, in main
    from src.gui.modern_app import ModernApp
  File "D:\code\play\Zhihu_short_stories\src\gui\__init__.py", line 3, in <module>
    from .modern_app import ModernApp
  File "D:\code\play\Zhihu_short_stories\src\gui\modern_app.py", line 18, in <module>
    from .mixins.director_modules import DirectorMixin
  File "D:\code\play\Zhihu_short_stories\src\gui\mixins\director_modules\__init__.py", line 5, in <module>
    from .director_controller import DirectorController
  File "D:\code\play\Zhihu_short_stories\src\gui\mixins\director_modules\director_controller.py", line 23, in <module>
    from models import Shot, Character, DirectorProject
ModuleNotFoundError: No module named 'models'
2025-11-01 17:27:03 | INFO     | src.core.logging_config | init_logging:134 | 日志系统初始化完成
2025-11-01 17:27:03 | INFO     | src.core.logging_config | init_logging:135 | 日志级别: INFO
2025-11-01 17:27:03 | INFO     | src.core.logging_config | init_logging:136 | 文件日志: 启用
2025-11-01 17:27:04 | INFO     | src.core.logging_config | main:34 | ============================================================
2025-11-01 17:27:04 | INFO     | src.core.logging_config | main:35 | 启动 AI Story Creator Pro
2025-11-01 17:27:04 | INFO     | src.core.logging_config | main:36 | 窗口尺寸: 1500x850
2025-11-01 17:27:04 | INFO     | src.core.logging_config | main:37 | 设计风格: 精致 · 简约 · 专业
2025-11-01 17:27:04 | INFO     | src.core.logging_config | main:38 | ============================================================
2025-11-01 17:27:05 | ERROR    | src.core.exception_handler | handle_exception:66 | 程序启动失败: AttributeError: '_tkinter.tkapp' object has no attribute '_on_generate_shots'
Traceback (most recent call last):
  File "D:\code\play\Zhihu_short_stories\run_modern_app.py", line 40, in main
    app = ModernApp()
          ^^^^^^^^^^^
  File "D:\code\play\Zhihu_short_stories\src\gui\modern_app.py", line 67, in __init__
    self._build_ui()
  File "D:\code\play\Zhihu_short_stories\src\gui\mixins\ui_mixin.py", line 33, in _build_ui
    self._build_director_page()
  File "D:\code\play\Zhihu_short_stories\src\gui\mixins\director_modules\director_mixin.py", line 56, in _build_director_page
    DirectorUIBuilder.build_left_workflow_panel(director_frame, self)
  File "D:\code\play\Zhihu_short_stories\src\gui\mixins\director_modules\ui\director_ui_builder.py", line 56, in build_left_workflow_panel
    DirectorUIBuilder._add_step2_shots(left_panel, mixin_instance)
  File "D:\code\play\Zhihu_short_stories\src\gui\mixins\director_modules\ui\director_ui_builder.py", line 88, in _add_step2_shots
    command=mixin_instance._on_generate_shots
            ^^^^^^^^^^^^^^^^^^^^^^^^^^^^^^^^^
  File "D:\software\anaconda\envs\play\Lib\tkinter\__init__.py", line 2433, in __getattr__
    return getattr(self.tk, attr)
           ^^^^^^^^^^^^^^^^^^^^^^
AttributeError: '_tkinter.tkapp' object has no attribute '_on_generate_shots'
2025-11-01 17:27:05 | ERROR    | __main__ | main:72 | 程序启动失败
发生错误: '_tkinter.tkapp' object has no attribute '_on_generate_shots'
Traceback (most recent call last):
  File "D:\code\play\Zhihu_short_stories\run_modern_app.py", line 40, in main
    app = ModernApp()
          ^^^^^^^^^^^
  File "D:\code\play\Zhihu_short_stories\src\gui\modern_app.py", line 67, in __init__
    self._build_ui()
  File "D:\code\play\Zhihu_short_stories\src\gui\mixins\ui_mixin.py", line 33, in _build_ui
    self._build_director_page()
  File "D:\code\play\Zhihu_short_stories\src\gui\mixins\director_modules\director_mixin.py", line 56, in _build_director_page
    DirectorUIBuilder.build_left_workflow_panel(director_frame, self)
  File "D:\code\play\Zhihu_short_stories\src\gui\mixins\director_modules\ui\director_ui_builder.py", line 56, in build_left_workflow_panel
    DirectorUIBuilder._add_step2_shots(left_panel, mixin_instance)
  File "D:\code\play\Zhihu_short_stories\src\gui\mixins\director_modules\ui\director_ui_builder.py", line 88, in _add_step2_shots
    command=mixin_instance._on_generate_shots
            ^^^^^^^^^^^^^^^^^^^^^^^^^^^^^^^^^
  File "D:\software\anaconda\envs\play\Lib\tkinter\__init__.py", line 2433, in __getattr__
    return getattr(self.tk, attr)
           ^^^^^^^^^^^^^^^^^^^^^^
AttributeError: '_tkinter.tkapp' object has no attribute '_on_generate_shots'
2025-11-01 17:28:46 | INFO     | src.core.logging_config | init_logging:134 | 日志系统初始化完成
2025-11-01 17:28:46 | INFO     | src.core.logging_config | init_logging:135 | 日志级别: INFO
2025-11-01 17:28:46 | INFO     | src.core.logging_config | init_logging:136 | 文件日志: 启用
2025-11-01 17:28:46 | INFO     | src.core.logging_config | main:34 | ============================================================
2025-11-01 17:28:46 | INFO     | src.core.logging_config | main:35 | 启动 AI Story Creator Pro
2025-11-01 17:28:46 | INFO     | src.core.logging_config | main:36 | 窗口尺寸: 1500x850
2025-11-01 17:28:46 | INFO     | src.core.logging_config | main:37 | 设计风格: 精致 · 简约 · 专业
2025-11-01 17:28:46 | INFO     | src.core.logging_config | main:38 | ============================================================
2025-11-01 17:28:48 | INFO     | src.gui.modern_app | __init__:92 | ✅ 自动保存功能已启用（每5分钟）
2025-11-01 17:28:48 | INFO     | src.gui.mixins.story_modules.input_cache | _bind_input_cache_events:174 | 输入自动保存已启用
2025-11-01 17:28:48 | INFO     | src.gui.mixins.story_modules.input_cache | _load_input_cache:66 | 已恢复上次输入内容
2025-11-01 17:28:48 | INFO     | src.gui.modern_app | _init_startup_state:143 | 启动状态初始化完成（无项目, 有缓存）
2025-11-01 17:28:57 | ERROR    | src.gui.mixins.director_modules.handlers.project_handler | load_director_data_from_project:99 | 加载项目数据失败: 'str' object has no attribute 'get'
Traceback (most recent call last):
  File "D:\code\play\Zhihu_short_stories\src\gui\mixins\director_modules\handlers\project_handler.py", line 95, in load_director_data_from_project
    mixin_instance._refresh_shot_combo(silent=True)
  File "D:\code\play\Zhihu_short_stories\src\gui\mixins\director_modules\director_mixin.py", line 87, in _refresh_shot_combo
    f"分镜{s.get('shot_number', i + 1)}"
           ^^^^^
AttributeError: 'str' object has no attribute 'get'
2025-11-01 17:28:57 | INFO     | src.gui.mixins.project_mixin | _on_load_project:221 | 使用增强加载功能成功加载项目
2025-11-01 17:29:08 | INFO     | httpx | _send_single_request:1025 | HTTP Request: POST https://api.deepseek.com/v1/chat/completions "HTTP/1.1 200 OK"
2025-11-01 17:29:49 | INFO     | httpx | _send_single_request:1025 | HTTP Request: POST https://api.deepseek.com/v1/chat/completions "HTTP/1.1 200 OK"
2025-11-01 17:30:47 | INFO     | httpx | _send_single_request:1025 | HTTP Request: POST https://api.deepseek.com/v1/chat/completions "HTTP/1.1 200 OK"
2025-11-01 17:47:19 | INFO     | httpx | _send_single_request:1025 | HTTP Request: POST https://api.deepseek.com/v1/chat/completions "HTTP/1.1 200 OK"
2025-11-01 17:53:11 | INFO     | httpx | _send_single_request:1025 | HTTP Request: POST https://api.deepseek.com/v1/chat/completions "HTTP/1.1 200 OK"
2025-11-01 17:54:14 | INFO     | httpx | _send_single_request:1025 | HTTP Request: POST https://api.deepseek.com/v1/chat/completions "HTTP/1.1 200 OK"
2025-11-01 17:55:22 | INFO     | httpx | _send_single_request:1025 | HTTP Request: POST https://api.deepseek.com/v1/chat/completions "HTTP/1.1 200 OK"
2025-11-01 17:55:53 | INFO     | src.services.zhihu.browser_manager | initialize:79 | 浏览器初始化成功
2025-11-01 17:55:53 | INFO     | src.services.zhihu.login_handler | check_login_status:28 | 正在访问知乎首页...
2025-11-01 17:56:03 | INFO     | src.services.zhihu.login_handler | check_login_status:52 | 检测到已登录（找到用户元素）
2025-11-01 17:56:03 | INFO     | src.services.zhihu.article_publisher | _navigate_to_editor:104 | 正在打开创作中心...
2025-11-01 17:56:06 | INFO     | src.services.zhihu.article_publisher | _navigate_to_editor:115 | 找到创作中心按钮，点击...
2025-11-01 17:56:09 | INFO     | src.services.zhihu.article_publisher | _navigate_to_editor:126 | 已进入创作中心
2025-11-01 17:56:09 | INFO     | src.services.zhihu.article_publisher | _navigate_to_editor:133 | 查找「内容创作」按钮...
2025-11-01 17:56:09 | WARNING  | src.services.zhihu.article_publisher | _navigate_to_editor:141 | 未找到「内容创作」按钮
2025-11-01 17:56:09 | INFO     | src.services.zhihu.article_publisher | _navigate_to_editor:150 | 查找「发布文章」选项...
2025-11-01 17:56:14 | WARNING  | src.services.zhihu.article_publisher | _navigate_to_editor:171 | 等待「发布文章」超时，尝试直接跳转...
2025-11-01 17:56:19 | INFO     | src.services.zhihu.article_publisher | _navigate_to_editor:189 | 等待编辑器加载...
2025-11-01 17:56:20 | INFO     | src.services.zhihu.article_publisher | _navigate_to_editor:203 | 编辑器已加载 (selector: .public-DraftEditor-content)
2025-11-01 17:56:22 | INFO     | src.services.zhihu.article_publisher | _input_title_and_content:232 | 正在输入标题: 深夜加班...
2025-11-01 17:56:22 | INFO     | src.services.zhihu.article_publisher | _input_title_and_content:246 | 找到标题输入框 (selector: textarea[placeholder*="标题"])
2025-11-01 17:56:22 | INFO     | src.services.zhihu.article_publisher | _input_title_and_content:256 | 标题已输入: 深夜加班...
2025-11-01 17:56:24 | INFO     | src.services.zhihu.article_publisher | _input_title_and_content:273 | 正在输入内容，共 12137 字符...
2025-11-01 17:56:24 | INFO     | src.services.zhihu.article_publisher | _input_title_and_content:288 | 找到内容编辑器 (selector: [contenteditable="true"])
2025-11-01 17:56:25 | INFO     | src.services.zhihu.article_publisher | _input_content_stream:346 | 使用流式输入模式（逐字输入）
2025-11-01 18:15:13 | INFO     | src.services.zhihu.article_publisher | _input_content_stream:362 | 流式输入完成，共 328 段
2025-11-01 18:15:13 | INFO     | src.services.zhihu.article_publisher | _input_title_and_content:313 | 内容已成功填充，共 12137 字符
2025-11-01 18:15:15 | INFO     | src.services.zhihu.article_publisher | _set_question_submission:446 | 正在处理投稿至问题...
2025-11-01 18:15:17 | INFO     | src.services.zhihu.article_publisher | _set_question_submission:458 | 已点击投稿至问题下拉框
2025-11-01 18:15:19 | INFO     | src.services.zhihu.article_publisher | _set_question_submission:474 | 找到弹窗容器 (selector: div[class*="Modal"])
2025-11-01 18:15:19 | WARNING  | src.services.zhihu.article_publisher | _set_question_submission:549 | 未找到「选择」按钮
2025-11-01 18:15:19 | INFO     | src.services.zhihu.article_publisher | _set_creation_declaration:561 | 正在设置创作声明...
2025-11-01 18:15:50 | WARNING  | src.services.zhihu.article_publisher | _set_creation_declaration:594 | 创作声明设置失败（可选操作）: ElementHandle.click: Timeout 30000ms exceeded.
Call log:
  - attempting click action
    - waiting for element to be visible, enabled and stable
    - element is visible, enabled and stable
    - scrolling into view if needed
    - done scrolling
    - <div class="Modal-content">…</div> from <div>…</div> subtree intercepts pointer events
  - retrying click action
    - waiting for element to be visible, enabled and stable
    - element is visible, enabled and stable
    - scrolling into view if needed
    - done scrolling
    - <div class="Modal-backdrop"></div> from <div>…</div> subtree intercepts pointer events
  - retrying click action
    - waiting 20ms
    2 × waiting for element to be visible, enabled and stable
      - element is visible, enabled and stable
      - scrolling into view if needed
      - done scrolling
      - <div class="Modal-content">…</div> from <div>…</div> subtree intercepts pointer events
    - retrying click action
      - waiting 100ms
    14 × waiting for element to be visible, enabled and stable
       - element is visible, enabled and stable
       - scrolling into view if needed
       - done scrolling
       - <div class="Modal-content">…</div> from <div>…</div> subtree intercepts pointer events
     - retrying click action
       - waiting 500ms
       - waiting for element to be visible, enabled and stable
       - element is visible, enabled and stable
       - scrolling into view if needed
       - done scrolling
       - <div class="Modal-backdrop"></div> from <div>…</div> subtree intercepts pointer events
     - retrying click action
       - waiting 500ms
       - waiting for element to be visible, enabled and stable
       - element is visible, enabled and stable
       - scrolling into view if needed
       - done scrolling
       - <div class="Modal-content">…</div> from <div>…</div> subtree intercepts pointer events
     - retrying click action
       - waiting 500ms
       - waiting for element to be visible, enabled and stable
       - element is visible, enabled and stable
       - scrolling into view if needed
       - done scrolling
       - <div class="Modal-content">…</div> from <div>…</div> subtree intercepts pointer events
     - retrying click action
       - waiting 500ms

2025-11-01 18:15:50 | INFO     | src.services.zhihu.article_publisher | _add_topics:607 | 正在提取话题词...
2025-11-01 18:15:51 | INFO     | src.services.zhihu.article_publisher | _add_topics:614 | 提取到话题词: 恐怖, 职场, 校园
2025-11-01 18:15:51 | INFO     | src.services.zhihu.article_publisher | _add_topics:628 | 找到添加话题按钮 (selector: button:has-text("添加话题"))
2025-11-01 18:15:51 | INFO     | src.services.zhihu.article_publisher | _add_topics:635 | 准备添加话题: 恐怖
2025-11-01 18:16:21 | WARNING  | src.services.zhihu.article_publisher | _add_topics:676 | 添加话题失败: ElementHandle.click: Timeout 30000ms exceeded.
Call log:
  - attempting click action
    - waiting for element to be visible, enabled and stable
    - element is visible, enabled and stable
    - scrolling into view if needed
    - done scrolling
    - <div class="css-1w6urav">…</div> from <div>…</div> subtree intercepts pointer events
  - retrying click action
    - waiting for element to be visible, enabled and stable
    - element is visible, enabled and stable
    - scrolling into view if needed
    - done scrolling
    - <div class="Modal-backdrop"></div> from <div>…</div> subtree intercepts pointer events
  - retrying click action
    - waiting 20ms
    2 × waiting for element to be visible, enabled and stable
      - element is visible, enabled and stable
      - scrolling into view if needed
      - done scrolling
      - <div class="css-1w6urav">…</div> from <div>…</div> subtree intercepts pointer events
    - retrying click action
      - waiting 100ms
    14 × waiting for element to be visible, enabled and stable
       - element is visible, enabled and stable
       - scrolling into view if needed
       - done scrolling
       - <div class="css-1w6urav">…</div> from <div>…</div> subtree intercepts pointer events
     - retrying click action
       - waiting 500ms
       - waiting for element to be visible, enabled and stable
       - element is visible, enabled and stable
       - scrolling into view if needed
       - done scrolling
       - <div class="Modal-backdrop"></div> from <div>…</div> subtree intercepts pointer events
     - retrying click action
       - waiting 500ms
       - waiting for element to be visible, enabled and stable
       - element is visible, enabled and stable
       - scrolling into view if needed
       - done scrolling
       - <div class="css-1w6urav">…</div> from <div>…</div> subtree intercepts pointer events
     - retrying click action
       - waiting 500ms
       - waiting for element to be visible, enabled and stable
       - element is visible, enabled and stable
       - scrolling into view if needed
       - done scrolling
       - <div class="css-1w6urav">…</div> from <div>…</div> subtree intercepts pointer events
     - retrying click action
       - waiting 500ms
    - waiting for element to be visible, enabled and stable
    - element is visible, enabled and stable
    - scrolling into view if needed
    - done scrolling
    - <div class="css-1w6urav">…</div> from <div>…</div> subtree intercepts pointer events
  - retrying click action
    - waiting 500ms

2025-11-01 18:16:21 | INFO     | src.services.zhihu.article_publisher | _wait_for_publish_complete:688 | 准备点击发布按钮
2025-11-01 18:16:25 | INFO     | src.services.zhihu.article_publisher | _wait_for_publish_complete:714 | 找到主按钮 (selector: button.Button--primary:has-text("发布"))
2025-11-01 18:16:25 | INFO     | src.services.zhihu.article_publisher | _wait_for_publish_complete:735 | 找到发布按钮！准备点击...
2025-11-01 18:16:56 | ERROR    | src.services.zhihu.article_publisher | _wait_for_publish_complete:748 | 点击按钮失败: ElementHandle.click: Timeout 30000ms exceeded.
Call log:
  - attempting click action
    2 × waiting for element to be visible, enabled and stable
      - element is visible, enabled and stable
      - scrolling into view if needed
      - done scrolling
      - <div class="Modal-backdrop"></div> from <div>…</div> subtree intercepts pointer events
    - retrying click action
    - waiting 20ms
    2 × waiting for element to be visible, enabled and stable
      - element is visible, enabled and stable
      - scrolling into view if needed
      - done scrolling
      - <div class="Modal-backdrop"></div> from <div>…</div> subtree intercepts pointer events
    - retrying click action
      - waiting 100ms
    56 × waiting for element to be visible, enabled and stable
       - element is visible, enabled and stable
       - scrolling into view if needed
       - done scrolling
       - <div class="Modal-backdrop"></div> from <div>…</div> subtree intercepts pointer events
     - retrying click action
       - waiting 500ms

2025-11-01 18:16:56 | ERROR    | src.services.zhihu.article_publisher | _wait_for_publish_complete:771 | 等待发布完成失败: ElementHandle.click: Timeout 30000ms exceeded.
Call log:
  - attempting click action
    2 × waiting for element to be visible, enabled and stable
      - element is visible, enabled and stable
      - scrolling into view if needed
      - done scrolling
      - <div class="Modal-backdrop"></div> from <div>…</div> subtree intercepts pointer events
    - retrying click action
    - waiting 20ms
    2 × waiting for element to be visible, enabled and stable
      - element is visible, enabled and stable
      - scrolling into view if needed
      - done scrolling
      - <div class="Modal-backdrop"></div> from <div>…</div> subtree intercepts pointer events
    - retrying click action
      - waiting 100ms
    56 × waiting for element to be visible, enabled and stable
       - element is visible, enabled and stable
       - scrolling into view if needed
       - done scrolling
       - <div class="Modal-backdrop"></div> from <div>…</div> subtree intercepts pointer events
     - retrying click action
       - waiting 500ms
Traceback (most recent call last):
  File "D:\code\play\Zhihu_short_stories\src\services\zhihu\article_publisher.py", line 739, in _wait_for_publish_complete
    await publish_btn.click()
  File "D:\software\anaconda\envs\play\Lib\site-packages\playwright\async_api\_generated.py", line 2132, in click
    await self._impl_obj.click(
  File "D:\software\anaconda\envs\play\Lib\site-packages\playwright\_impl\_element_handle.py", line 142, in click
    await self._channel.send(
  File "D:\software\anaconda\envs\play\Lib\site-packages\playwright\_impl\_connection.py", line 69, in send
    return await self._connection.wrap_api_call(
           ^^^^^^^^^^^^^^^^^^^^^^^^^^^^^^^^^^^^^
  File "D:\software\anaconda\envs\play\Lib\site-packages\playwright\_impl\_connection.py", line 558, in wrap_api_call
    raise rewrite_error(error, f"{parsed_st['apiName']}: {error}") from None
playwright._impl._errors.TimeoutError: ElementHandle.click: Timeout 30000ms exceeded.
Call log:
  - attempting click action
    2 × waiting for element to be visible, enabled and stable
      - element is visible, enabled and stable
      - scrolling into view if needed
      - done scrolling
      - <div class="Modal-backdrop"></div> from <div>…</div> subtree intercepts pointer events
    - retrying click action
    - waiting 20ms
    2 × waiting for element to be visible, enabled and stable
      - element is visible, enabled and stable
      - scrolling into view if needed
      - done scrolling
      - <div class="Modal-backdrop"></div> from <div>…</div> subtree intercepts pointer events
    - retrying click action
      - waiting 100ms
    56 × waiting for element to be visible, enabled and stable
       - element is visible, enabled and stable
       - scrolling into view if needed
       - done scrolling
       - <div class="Modal-backdrop"></div> from <div>…</div> subtree intercepts pointer events
     - retrying click action
       - waiting 500ms

2025-11-01 18:16:56 | INFO     | src.services.zhihu.browser_manager | close:100 | 浏览器已关闭
2025-11-01 18:16:56 | INFO     | src.services.zhihu.browser_manager | close:108 | Playwright 已停止
2025-11-01 23:12:31 | INFO     | httpx | _send_single_request:1025 | HTTP Request: POST https://api.deepseek.com/v1/chat/completions "HTTP/1.1 200 OK"
2025-11-01 23:12:45 | INFO     | httpx | _send_single_request:1025 | HTTP Request: POST https://api.deepseek.com/v1/chat/completions "HTTP/1.1 200 OK"
2025-11-01 23:42:44 | INFO     | src.core.logging_config | init_logging:134 | 日志系统初始化完成
2025-11-01 23:42:44 | INFO     | src.core.logging_config | init_logging:135 | 日志级别: INFO
2025-11-01 23:42:44 | INFO     | src.core.logging_config | init_logging:136 | 文件日志: 启用
2025-11-01 23:42:44 | INFO     | src.core.logging_config | main:34 | ============================================================
2025-11-01 23:42:44 | INFO     | src.core.logging_config | main:35 | 启动 AI Story Creator Pro
2025-11-01 23:42:44 | INFO     | src.core.logging_config | main:36 | 窗口尺寸: 1500x850
2025-11-01 23:42:44 | INFO     | src.core.logging_config | main:37 | 设计风格: 精致 · 简约 · 专业
2025-11-01 23:42:44 | INFO     | src.core.logging_config | main:38 | ============================================================
2025-11-01 23:42:46 | INFO     | src.gui.modern_app | __init__:92 | ✅ 自动保存功能已启用（每5分钟）
2025-11-01 23:42:46 | INFO     | src.gui.mixins.story_modules.input_cache | _bind_input_cache_events:174 | 输入自动保存已启用
2025-11-01 23:42:46 | INFO     | src.gui.mixins.story_modules.input_cache | _load_input_cache:66 | 已恢复上次输入内容
2025-11-01 23:42:46 | INFO     | src.gui.modern_app | _init_startup_state:143 | 启动状态初始化完成（无项目, 有缓存）
2025-11-01 23:42:50 | ERROR    | src.gui.mixins.director_modules.handlers.project_handler | load_director_data_from_project:99 | 加载项目数据失败: 'str' object has no attribute 'get'
Traceback (most recent call last):
  File "D:\code\play\Zhihu_short_stories\src\gui\mixins\director_modules\handlers\project_handler.py", line 95, in load_director_data_from_project
    mixin_instance._refresh_shot_combo(silent=True)
  File "D:\code\play\Zhihu_short_stories\src\gui\mixins\director_modules\director_mixin.py", line 87, in _refresh_shot_combo
    f"分镜{s.get('shot_number', i + 1)}"
           ^^^^^
AttributeError: 'str' object has no attribute 'get'
2025-11-01 23:42:50 | INFO     | src.gui.mixins.project_mixin | _on_load_project:221 | 使用增强加载功能成功加载项目
2025-11-01 23:42:59 | INFO     | httpx | _send_single_request:1025 | HTTP Request: POST https://api.deepseek.com/v1/chat/completions "HTTP/1.1 200 OK"
2025-11-01 23:43:05 | INFO     | httpx | _send_single_request:1025 | HTTP Request: POST https://api.deepseek.com/v1/chat/completions "HTTP/1.1 200 OK"
2025-11-01 23:50:04 | INFO     | src.core.logging_config | init_logging:134 | 日志系统初始化完成
2025-11-01 23:50:04 | INFO     | src.core.logging_config | init_logging:135 | 日志级别: INFO
2025-11-01 23:50:04 | INFO     | src.core.logging_config | init_logging:136 | 文件日志: 启用
2025-11-01 23:50:05 | INFO     | src.core.logging_config | main:34 | ============================================================
2025-11-01 23:50:05 | INFO     | src.core.logging_config | main:35 | 启动 AI Story Creator Pro
2025-11-01 23:50:05 | INFO     | src.core.logging_config | main:36 | 窗口尺寸: 1500x850
2025-11-01 23:50:05 | INFO     | src.core.logging_config | main:37 | 设计风格: 精致 · 简约 · 专业
2025-11-01 23:50:05 | INFO     | src.core.logging_config | main:38 | ============================================================
2025-11-01 23:50:06 | INFO     | src.gui.modern_app | __init__:92 | ✅ 自动保存功能已启用（每5分钟）
2025-11-01 23:50:06 | INFO     | src.gui.mixins.story_modules.input_cache | _bind_input_cache_events:174 | 输入自动保存已启用
2025-11-01 23:50:06 | INFO     | src.gui.mixins.story_modules.input_cache | _load_input_cache:66 | 已恢复上次输入内容
2025-11-01 23:50:06 | INFO     | src.gui.modern_app | _init_startup_state:143 | 启动状态初始化完成（无项目, 有缓存）
2025-11-01 23:50:14 | INFO     | src.gui.mixins.director_modules.director_mixin | _refresh_shot_combo:96 | 刷新下拉框成功，共 2 个分镜
2025-11-01 23:50:14 | INFO     | src.gui.mixins.director_modules.handlers.project_handler | load_director_data_from_project:118 | 已加载 2 个分镜
2025-11-01 23:50:14 | INFO     | src.gui.mixins.project_mixin | _on_load_project:221 | 使用增强加载功能成功加载项目
2025-11-01 23:50:19 | INFO     | httpx | _send_single_request:1025 | HTTP Request: POST https://api.deepseek.com/v1/chat/completions "HTTP/1.1 200 OK"
2025-11-01 23:50:25 | INFO     | httpx | _send_single_request:1025 | HTTP Request: POST https://api.deepseek.com/v1/chat/completions "HTTP/1.1 200 OK"
2025-11-01 23:56:34 | INFO     | src.core.logging_config | init_logging:134 | 日志系统初始化完成
2025-11-01 23:56:34 | INFO     | src.core.logging_config | init_logging:135 | 日志级别: INFO
2025-11-01 23:56:34 | INFO     | src.core.logging_config | init_logging:136 | 文件日志: 启用
2025-11-01 23:56:34 | INFO     | src.core.logging_config | main:34 | ============================================================
2025-11-01 23:56:34 | INFO     | src.core.logging_config | main:35 | 启动 AI Story Creator Pro
2025-11-01 23:56:34 | INFO     | src.core.logging_config | main:36 | 窗口尺寸: 1500x850
2025-11-01 23:56:34 | INFO     | src.core.logging_config | main:37 | 设计风格: 精致 · 简约 · 专业
2025-11-01 23:56:34 | INFO     | src.core.logging_config | main:38 | ============================================================
2025-11-01 23:56:35 | INFO     | src.gui.modern_app | __init__:92 | ✅ 自动保存功能已启用（每5分钟）
2025-11-01 23:56:36 | INFO     | src.gui.mixins.story_modules.input_cache | _bind_input_cache_events:174 | 输入自动保存已启用
2025-11-01 23:56:36 | INFO     | src.gui.mixins.story_modules.input_cache | _load_input_cache:66 | 已恢复上次输入内容
2025-11-01 23:56:36 | INFO     | src.gui.modern_app | _init_startup_state:143 | 启动状态初始化完成（无项目, 有缓存）
2025-11-01 23:56:39 | INFO     | src.gui.mixins.director_modules.director_mixin | _refresh_shot_combo:96 | 刷新下拉框成功，共 2 个分镜
2025-11-01 23:56:39 | INFO     | src.gui.mixins.director_modules.handlers.project_handler | load_director_data_from_project:118 | 已加载 2 个分镜
2025-11-01 23:56:39 | INFO     | src.gui.mixins.project_mixin | _on_load_project:221 | 使用增强加载功能成功加载项目
2025-11-01 23:57:06 | INFO     | httpx | _send_single_request:1025 | HTTP Request: POST https://api.deepseek.com/v1/chat/completions "HTTP/1.1 200 OK"
2025-11-01 23:57:14 | INFO     | httpx | _send_single_request:1025 | HTTP Request: POST https://api.deepseek.com/v1/chat/completions "HTTP/1.1 200 OK"
2025-11-02 00:02:57 | INFO     | src.core.logging_config | init_logging:134 | 日志系统初始化完成
2025-11-02 00:02:57 | INFO     | src.core.logging_config | init_logging:135 | 日志级别: INFO
2025-11-02 00:02:57 | INFO     | src.core.logging_config | init_logging:136 | 文件日志: 启用
2025-11-02 00:02:57 | INFO     | src.core.logging_config | main:34 | ============================================================
2025-11-02 00:02:57 | INFO     | src.core.logging_config | main:35 | 启动 AI Story Creator Pro
2025-11-02 00:02:57 | INFO     | src.core.logging_config | main:36 | 窗口尺寸: 1500x850
2025-11-02 00:02:57 | INFO     | src.core.logging_config | main:37 | 设计风格: 精致 · 简约 · 专业
2025-11-02 00:02:57 | INFO     | src.core.logging_config | main:38 | ============================================================
2025-11-02 00:02:59 | INFO     | src.gui.modern_app | __init__:92 | ✅ 自动保存功能已启用（每5分钟）
2025-11-02 00:02:59 | INFO     | src.gui.mixins.story_modules.input_cache | _bind_input_cache_events:174 | 输入自动保存已启用
2025-11-02 00:02:59 | INFO     | src.gui.mixins.story_modules.input_cache | _load_input_cache:66 | 已恢复上次输入内容
2025-11-02 00:02:59 | INFO     | src.gui.modern_app | _init_startup_state:143 | 启动状态初始化完成（无项目, 有缓存）
2025-11-02 00:05:06 | INFO     | src.gui.mixins.director_modules.director_mixin | _refresh_shot_combo:96 | 刷新下拉框成功，共 2 个分镜
2025-11-02 00:05:06 | INFO     | src.gui.mixins.director_modules.handlers.project_handler | load_director_data_from_project:118 | 已加载 2 个分镜
2025-11-02 00:05:06 | INFO     | src.gui.mixins.project_mixin | _on_load_project:221 | 使用增强加载功能成功加载项目
2025-11-02 00:05:23 | INFO     | httpx | _send_single_request:1025 | HTTP Request: POST https://api.deepseek.com/v1/chat/completions "HTTP/1.1 200 OK"
2025-11-02 00:05:29 | INFO     | httpx | _send_single_request:1025 | HTTP Request: POST https://api.deepseek.com/v1/chat/completions "HTTP/1.1 200 OK"
2025-11-02 00:19:41 | INFO     | src.core.logging_config | init_logging:134 | 日志系统初始化完成
2025-11-02 00:19:41 | INFO     | src.core.logging_config | init_logging:135 | 日志级别: INFO
2025-11-02 00:19:41 | INFO     | src.core.logging_config | init_logging:136 | 文件日志: 启用
2025-11-02 00:19:41 | INFO     | src.core.logging_config | main:34 | ============================================================
2025-11-02 00:19:41 | INFO     | src.core.logging_config | main:35 | 启动 AI Story Creator Pro
2025-11-02 00:19:41 | INFO     | src.core.logging_config | main:36 | 窗口尺寸: 1500x850
2025-11-02 00:19:41 | INFO     | src.core.logging_config | main:37 | 设计风格: 精致 · 简约 · 专业
2025-11-02 00:19:41 | INFO     | src.core.logging_config | main:38 | ============================================================
2025-11-02 00:19:43 | INFO     | src.gui.modern_app | __init__:92 | ✅ 自动保存功能已启用（每5分钟）
2025-11-02 00:19:43 | INFO     | src.gui.mixins.story_modules.input_cache | _bind_input_cache_events:174 | 输入自动保存已启用
2025-11-02 00:19:43 | INFO     | src.gui.mixins.story_modules.input_cache | _load_input_cache:66 | 已恢复上次输入内容
2025-11-02 00:19:43 | INFO     | src.gui.modern_app | _init_startup_state:143 | 启动状态初始化完成（无项目, 有缓存）
2025-11-02 00:19:57 | INFO     | src.gui.mixins.director_modules.director_mixin | _refresh_shot_combo:96 | 刷新下拉框成功，共 2 个分镜
2025-11-02 00:19:57 | INFO     | src.gui.mixins.director_modules.handlers.project_handler | load_director_data_from_project:118 | 已加载 2 个分镜
2025-11-02 00:19:57 | INFO     | src.gui.mixins.project_mixin | _on_load_project:221 | 使用增强加载功能成功加载项目
2025-11-02 00:20:03 | INFO     | httpx | _send_single_request:1025 | HTTP Request: POST https://api.deepseek.com/v1/chat/completions "HTTP/1.1 200 OK"
2025-11-02 00:22:14 | INFO     | httpx | _send_single_request:1025 | HTTP Request: POST https://api.deepseek.com/v1/chat/completions "HTTP/1.1 200 OK"
2025-11-02 00:23:20 | INFO     | httpx | _send_single_request:1025 | HTTP Request: POST https://api.deepseek.com/v1/chat/completions "HTTP/1.1 200 OK"
2025-11-02 00:24:28 | INFO     | httpx | _send_single_request:1025 | HTTP Request: POST https://api.deepseek.com/v1/chat/completions "HTTP/1.1 200 OK"
2025-11-02 00:25:33 | INFO     | httpx | _send_single_request:1025 | HTTP Request: POST https://api.deepseek.com/v1/chat/completions "HTTP/1.1 200 OK"
2025-11-02 00:26:36 | INFO     | httpx | _send_single_request:1025 | HTTP Request: POST https://api.deepseek.com/v1/chat/completions "HTTP/1.1 200 OK"
2025-11-02 00:27:27 | INFO     | src.core.logging_config | init_logging:134 | 日志系统初始化完成
2025-11-02 00:27:27 | INFO     | src.core.logging_config | init_logging:135 | 日志级别: INFO
2025-11-02 00:27:27 | INFO     | src.core.logging_config | init_logging:136 | 文件日志: 启用
2025-11-02 00:27:28 | INFO     | src.core.logging_config | main:34 | ============================================================
2025-11-02 00:27:28 | INFO     | src.core.logging_config | main:35 | 启动 AI Story Creator Pro
2025-11-02 00:27:28 | INFO     | src.core.logging_config | main:36 | 窗口尺寸: 1500x850
2025-11-02 00:27:28 | INFO     | src.core.logging_config | main:37 | 设计风格: 精致 · 简约 · 专业
2025-11-02 00:27:28 | INFO     | src.core.logging_config | main:38 | ============================================================
2025-11-02 00:27:29 | INFO     | src.gui.modern_app | __init__:92 | ✅ 自动保存功能已启用（每5分钟）
2025-11-02 00:27:30 | INFO     | src.gui.mixins.story_modules.input_cache | _bind_input_cache_events:174 | 输入自动保存已启用
2025-11-02 00:27:30 | INFO     | src.gui.mixins.story_modules.input_cache | _load_input_cache:66 | 已恢复上次输入内容
2025-11-02 00:27:30 | INFO     | src.gui.modern_app | _init_startup_state:143 | 启动状态初始化完成（无项目, 有缓存）
2025-11-02 00:27:33 | INFO     | src.gui.mixins.director_modules.director_mixin | _refresh_shot_combo:96 | 刷新下拉框成功，共 2 个分镜
2025-11-02 00:27:33 | INFO     | src.gui.mixins.director_modules.handlers.project_handler | load_director_data_from_project:118 | 已加载 2 个分镜
2025-11-02 00:27:33 | INFO     | src.gui.mixins.project_mixin | _on_load_project:221 | 使用增强加载功能成功加载项目
2025-11-02 00:27:39 | INFO     | httpx | _send_single_request:1025 | HTTP Request: POST https://api.deepseek.com/v1/chat/completions "HTTP/1.1 200 OK"
2025-11-02 00:27:55 | INFO     | httpx | _send_single_request:1025 | HTTP Request: POST https://api.deepseek.com/v1/chat/completions "HTTP/1.1 200 OK"
2025-11-02 00:28:17 | INFO     | httpx | _send_single_request:1025 | HTTP Request: POST https://api.deepseek.com/v1/chat/completions "HTTP/1.1 200 OK"
2025-11-02 00:29:34 | INFO     | httpx | _send_single_request:1025 | HTTP Request: POST https://api.deepseek.com/v1/chat/completions "HTTP/1.1 200 OK"
2025-11-02 00:29:43 | INFO     | httpx | _send_single_request:1025 | HTTP Request: POST https://api.deepseek.com/v1/chat/completions "HTTP/1.1 200 OK"
2025-11-02 00:30:34 | INFO     | httpx | _send_single_request:1025 | HTTP Request: POST https://api.deepseek.com/v1/chat/completions "HTTP/1.1 200 OK"
2025-11-02 00:31:32 | INFO     | httpx | _send_single_request:1025 | HTTP Request: POST https://api.deepseek.com/v1/chat/completions "HTTP/1.1 200 OK"
2025-11-02 00:32:18 | INFO     | httpx | _send_single_request:1025 | HTTP Request: POST https://api.deepseek.com/v1/chat/completions "HTTP/1.1 200 OK"
2025-11-02 00:32:48 | INFO     | httpx | _send_single_request:1025 | HTTP Request: POST https://api.deepseek.com/v1/chat/completions "HTTP/1.1 200 OK"
2025-11-02 00:33:38 | INFO     | httpx | _send_single_request:1025 | HTTP Request: POST https://api.deepseek.com/v1/chat/completions "HTTP/1.1 200 OK"
2025-11-02 00:33:55 | INFO     | src.services.zhihu.browser_manager | initialize:79 | 浏览器初始化成功
2025-11-02 00:33:55 | INFO     | src.services.zhihu.login_handler | check_login_status:28 | 正在访问知乎首页...
2025-11-02 00:34:00 | INFO     | src.services.zhihu.login_handler | check_login_status:52 | 检测到已登录（找到用户元素）
2025-11-02 00:34:00 | INFO     | src.services.zhihu.article_publisher | _navigate_to_editor:104 | 正在打开创作中心...
2025-11-02 00:34:03 | INFO     | src.services.zhihu.article_publisher | _navigate_to_editor:115 | 找到创作中心按钮，点击...
2025-11-02 00:34:07 | INFO     | src.services.zhihu.article_publisher | _navigate_to_editor:126 | 已进入创作中心
2025-11-02 00:34:07 | INFO     | src.services.zhihu.article_publisher | _navigate_to_editor:133 | 查找「内容创作」按钮...
2025-11-02 00:34:07 | WARNING  | src.services.zhihu.article_publisher | _navigate_to_editor:141 | 未找到「内容创作」按钮
2025-11-02 00:34:07 | INFO     | src.services.zhihu.article_publisher | _navigate_to_editor:150 | 查找「发布文章」选项...
2025-11-02 00:34:12 | WARNING  | src.services.zhihu.article_publisher | _navigate_to_editor:171 | 等待「发布文章」超时，尝试直接跳转...
2025-11-02 00:34:18 | INFO     | src.services.zhihu.article_publisher | _navigate_to_editor:189 | 等待编辑器加载...
2025-11-02 00:34:18 | INFO     | src.services.zhihu.article_publisher | _navigate_to_editor:203 | 编辑器已加载 (selector: .public-DraftEditor-content)
2025-11-02 00:34:20 | INFO     | src.services.zhihu.article_publisher | _input_title_and_content:232 | 正在输入标题: 深夜回乡的诡异遭遇...
2025-11-02 00:34:20 | INFO     | src.services.zhihu.article_publisher | _input_title_and_content:246 | 找到标题输入框 (selector: textarea[placeholder*="标题"])
2025-11-02 00:34:22 | INFO     | src.services.zhihu.article_publisher | _input_title_and_content:256 | 标题已输入: 深夜回乡的诡异遭遇...
2025-11-02 00:34:23 | INFO     | src.services.zhihu.article_publisher | _input_title_and_content:273 | 正在输入内容，共 8575 字符...
2025-11-02 00:34:23 | INFO     | src.services.zhihu.article_publisher | _input_title_and_content:288 | 找到内容编辑器 (selector: [contenteditable="true"])
2025-11-02 00:34:25 | INFO     | src.services.zhihu.article_publisher | _input_content_stream:346 | 使用流式输入模式（逐字输入）
2025-11-02 00:47:12 | INFO     | src.services.zhihu.article_publisher | _input_content_stream:362 | 流式输入完成，共 234 段
2025-11-02 00:47:12 | INFO     | src.services.zhihu.article_publisher | _input_title_and_content:313 | 内容已成功填充，共 8575 字符
2025-11-02 00:47:14 | INFO     | src.services.zhihu.article_publisher | _set_question_submission:446 | 正在处理投稿至问题...
2025-11-02 00:47:15 | INFO     | src.services.zhihu.article_publisher | _set_question_submission:458 | 已点击投稿至问题下拉框
2025-11-02 00:47:17 | INFO     | src.services.zhihu.article_publisher | _set_question_submission:474 | 找到弹窗容器 (selector: div[class*="Modal"])
2025-11-02 00:47:17 | INFO     | src.services.zhihu.article_publisher | _set_question_submission:511 | 已点击「选择」按钮
2025-11-02 00:47:18 | INFO     | src.services.zhihu.article_publisher | _set_question_submission:544 | 已点击「确定」按钮，问题选择完成！
2025-11-02 00:47:20 | INFO     | src.services.zhihu.article_publisher | _set_creation_declaration:561 | 正在设置创作声明...
2025-11-02 00:47:21 | INFO     | src.services.zhihu.article_publisher | _set_creation_declaration:573 | 已点击创作声明下拉框
2025-11-02 00:47:22 | INFO     | src.services.zhihu.article_publisher | _set_creation_declaration:588 | 已设置创作声明为「虚构创作」
2025-11-02 00:47:23 | INFO     | src.services.zhihu.article_publisher | _add_topics:607 | 正在提取话题词...
2025-11-02 00:47:24 | INFO     | src.services.zhihu.article_publisher | _add_topics:614 | 提取到话题词: 恐怖, 职场, 都市
2025-11-02 00:47:24 | INFO     | src.services.zhihu.article_publisher | _add_topics:628 | 找到添加话题按钮 (selector: button:has-text("添加话题"))
2025-11-02 00:47:24 | INFO     | src.services.zhihu.article_publisher | _add_topics:635 | 准备添加话题: 恐怖
2025-11-02 00:47:25 | INFO     | src.services.zhihu.article_publisher | _add_topics:651 | 找到话题输入框 (selector: input[placeholder*="话题"])
2025-11-02 00:47:25 | INFO     | src.services.zhihu.article_publisher | _add_topics:658 | 已输入话题文字: 恐怖
2025-11-02 00:47:27 | WARNING  | src.services.zhihu.article_publisher | _add_topics:668 | 未找到话题下拉选项，尝试按回车
2025-11-02 00:47:28 | INFO     | src.services.zhihu.article_publisher | _add_topics:672 | 话题添加完成: 恐怖
2025-11-02 00:47:28 | INFO     | src.services.zhihu.article_publisher | _wait_for_publish_complete:688 | 准备点击发布按钮
2025-11-02 00:47:31 | INFO     | src.services.zhihu.article_publisher | _wait_for_publish_complete:714 | 找到主按钮 (selector: button.Button--primary:has-text("发布"))
2025-11-02 00:47:31 | INFO     | src.services.zhihu.article_publisher | _wait_for_publish_complete:735 | 找到发布按钮！准备点击...
2025-11-02 00:47:32 | INFO     | src.services.zhihu.article_publisher | _wait_for_publish_complete:740 | 已成功点击「发布」按钮！
2025-11-02 00:47:35 | INFO     | src.services.zhihu.article_publisher | _wait_for_publish_complete:759 | 文章已发布: https://zhuanlan.zhihu.com/p/1968113663358510591?just_published=1&is_recommend=1
2025-11-02 00:47:36 | INFO     | src.services.zhihu.browser_manager | close:100 | 浏览器已关闭
2025-11-02 00:47:36 | INFO     | src.services.zhihu.browser_manager | close:108 | Playwright 已停止
2025-11-02 10:54:28 | INFO     | src.core.logging_config | init_logging:134 | 日志系统初始化完成
2025-11-02 10:54:28 | INFO     | src.core.logging_config | init_logging:135 | 日志级别: INFO
2025-11-02 10:54:28 | INFO     | src.core.logging_config | init_logging:136 | 文件日志: 启用
2025-11-02 10:54:28 | INFO     | src.core.logging_config | main:34 | ============================================================
2025-11-02 10:54:28 | INFO     | src.core.logging_config | main:35 | 启动 AI Story Creator Pro
2025-11-02 10:54:28 | INFO     | src.core.logging_config | main:36 | 窗口尺寸: 1500x850
2025-11-02 10:54:28 | INFO     | src.core.logging_config | main:37 | 设计风格: 精致 · 简约 · 专业
2025-11-02 10:54:28 | INFO     | src.core.logging_config | main:38 | ============================================================
2025-11-02 10:54:30 | INFO     | src.gui.modern_app | __init__:92 | ✅ 自动保存功能已启用（每5分钟）
2025-11-02 10:54:30 | INFO     | src.gui.mixins.story_modules.input_cache | _bind_input_cache_events:174 | 输入自动保存已启用
2025-11-02 10:54:30 | INFO     | src.gui.mixins.story_modules.input_cache | _load_input_cache:66 | 已恢复上次输入内容
2025-11-02 10:54:30 | INFO     | src.gui.modern_app | _init_startup_state:143 | 启动状态初始化完成（无项目, 有缓存）
2025-11-02 10:54:42 | INFO     | src.gui.mixins.director_modules.director_mixin | _refresh_shot_combo:96 | 刷新下拉框成功，共 2 个分镜
2025-11-02 10:54:42 | INFO     | src.gui.mixins.director_modules.handlers.project_handler | load_director_data_from_project:118 | 已加载 2 个分镜
2025-11-02 10:54:42 | INFO     | src.gui.mixins.project_mixin | _on_load_project:221 | 使用增强加载功能成功加载项目
2025-11-02 10:55:39 | INFO     | httpx | _send_single_request:1025 | HTTP Request: POST https://api.deepseek.com/v1/chat/completions "HTTP/1.1 200 OK"
2025-11-02 10:56:08 | INFO     | httpx | _send_single_request:1025 | HTTP Request: POST https://api.deepseek.com/v1/chat/completions "HTTP/1.1 200 OK"
2025-11-02 10:56:16 | INFO     | httpx | _send_single_request:1025 | HTTP Request: POST https://api.deepseek.com/v1/chat/completions "HTTP/1.1 200 OK"
2025-11-02 10:58:46 | INFO     | src.core.logging_config | init_logging:134 | 日志系统初始化完成
2025-11-02 10:58:46 | INFO     | src.core.logging_config | init_logging:135 | 日志级别: INFO
2025-11-02 10:58:46 | INFO     | src.core.logging_config | init_logging:136 | 文件日志: 启用
2025-11-02 10:58:47 | INFO     | src.core.logging_config | main:34 | ============================================================
2025-11-02 10:58:47 | INFO     | src.core.logging_config | main:35 | 启动 AI Story Creator Pro
2025-11-02 10:58:47 | INFO     | src.core.logging_config | main:36 | 窗口尺寸: 1500x850
2025-11-02 10:58:47 | INFO     | src.core.logging_config | main:37 | 设计风格: 精致 · 简约 · 专业
2025-11-02 10:58:47 | INFO     | src.core.logging_config | main:38 | ============================================================
2025-11-02 10:58:48 | INFO     | src.gui.modern_app | __init__:92 | ✅ 自动保存功能已启用（每5分钟）
2025-11-02 10:58:49 | INFO     | src.gui.mixins.story_modules.input_cache | _bind_input_cache_events:174 | 输入自动保存已启用
2025-11-02 10:58:49 | INFO     | src.gui.mixins.story_modules.input_cache | _load_input_cache:66 | 已恢复上次输入内容
2025-11-02 10:58:49 | INFO     | src.gui.modern_app | _init_startup_state:143 | 启动状态初始化完成（无项目, 有缓存）
2025-11-02 10:58:52 | INFO     | src.gui.mixins.director_modules.director_mixin | _refresh_shot_combo:96 | 刷新下拉框成功，共 2 个分镜
2025-11-02 10:58:52 | INFO     | src.gui.mixins.director_modules.handlers.project_handler | load_director_data_from_project:118 | 已加载 2 个分镜
2025-11-02 10:58:52 | INFO     | src.gui.mixins.project_mixin | _on_load_project:221 | 使用增强加载功能成功加载项目
2025-11-02 10:58:58 | INFO     | httpx | _send_single_request:1025 | HTTP Request: POST https://api.deepseek.com/v1/chat/completions "HTTP/1.1 200 OK"
2025-11-02 10:59:13 | INFO     | httpx | _send_single_request:1025 | HTTP Request: POST https://api.deepseek.com/v1/chat/completions "HTTP/1.1 200 OK"
2025-11-02 11:02:11 | INFO     | httpx | _send_single_request:1025 | HTTP Request: POST https://api.deepseek.com/v1/chat/completions "HTTP/1.1 200 OK"
2025-11-02 11:09:55 | INFO     | openai._base_client | _sleep_for_retry:1071 | Retrying request to /chat/completions in 0.465799 seconds
2025-11-02 11:09:55 | INFO     | openai._base_client | _sleep_for_retry:1071 | Retrying request to /chat/completions in 0.819132 seconds
2025-11-02 11:29:15 | INFO     | httpx | _send_single_request:1025 | HTTP Request: POST https://api.deepseek.com/v1/chat/completions "HTTP/1.1 200 OK"
2025-11-02 11:29:38 | INFO     | src.core.logging_config | init_logging:134 | 日志系统初始化完成
2025-11-02 11:29:38 | INFO     | src.core.logging_config | init_logging:135 | 日志级别: INFO
2025-11-02 11:29:38 | INFO     | src.core.logging_config | init_logging:136 | 文件日志: 启用
2025-11-02 11:29:39 | INFO     | src.core.logging_config | main:34 | ============================================================
2025-11-02 11:29:39 | INFO     | src.core.logging_config | main:35 | 启动 AI Story Creator Pro
2025-11-02 11:29:39 | INFO     | src.core.logging_config | main:36 | 窗口尺寸: 1500x850
2025-11-02 11:29:39 | INFO     | src.core.logging_config | main:37 | 设计风格: 精致 · 简约 · 专业
2025-11-02 11:29:39 | INFO     | src.core.logging_config | main:38 | ============================================================
2025-11-02 11:29:40 | INFO     | src.gui.modern_app | __init__:92 | ✅ 自动保存功能已启用（每5分钟）
2025-11-02 11:29:40 | INFO     | src.gui.mixins.story_modules.input_cache | _bind_input_cache_events:174 | 输入自动保存已启用
2025-11-02 11:29:41 | INFO     | src.gui.mixins.story_modules.input_cache | _load_input_cache:66 | 已恢复上次输入内容
2025-11-02 11:29:41 | INFO     | src.gui.modern_app | _init_startup_state:143 | 启动状态初始化完成（无项目, 有缓存）
2025-11-02 11:29:42 | INFO     | src.gui.mixins.director_modules.director_mixin | _refresh_shot_combo:96 | 刷新下拉框成功，共 2 个分镜
2025-11-02 11:29:42 | INFO     | src.gui.mixins.director_modules.handlers.project_handler | load_director_data_from_project:118 | 已加载 2 个分镜
2025-11-02 11:29:42 | INFO     | src.gui.mixins.project_mixin | _on_load_project:221 | 使用增强加载功能成功加载项目
2025-11-02 11:29:47 | INFO     | httpx | _send_single_request:1025 | HTTP Request: POST https://api.deepseek.com/v1/chat/completions "HTTP/1.1 200 OK"
2025-11-02 11:30:43 | INFO     | httpx | _send_single_request:1025 | HTTP Request: POST https://api.deepseek.com/v1/chat/completions "HTTP/1.1 200 OK"
2025-11-02 11:31:34 | INFO     | httpx | _send_single_request:1025 | HTTP Request: POST https://api.deepseek.com/v1/chat/completions "HTTP/1.1 200 OK"
2025-11-02 11:32:29 | INFO     | httpx | _send_single_request:1025 | HTTP Request: POST https://api.deepseek.com/v1/chat/completions "HTTP/1.1 200 OK"
2025-11-02 11:33:17 | INFO     | httpx | _send_single_request:1025 | HTTP Request: POST https://api.deepseek.com/v1/chat/completions "HTTP/1.1 200 OK"
2025-11-02 11:33:50 | INFO     | httpx | _send_single_request:1025 | HTTP Request: POST https://api.deepseek.com/v1/chat/completions "HTTP/1.1 200 OK"
2025-11-02 11:38:50 | INFO     | httpx | _send_single_request:1025 | HTTP Request: POST https://api.deepseek.com/v1/chat/completions "HTTP/1.1 200 OK"
2025-11-02 11:39:12 | INFO     | src.services.zhihu.browser_manager | initialize:79 | 浏览器初始化成功
2025-11-02 11:39:12 | INFO     | src.services.zhihu.login_handler | check_login_status:28 | 正在访问知乎首页...
2025-11-02 11:39:16 | INFO     | src.services.zhihu.login_handler | check_login_status:52 | 检测到已登录（找到用户元素）
2025-11-02 11:39:16 | INFO     | src.services.zhihu.article_publisher | _navigate_to_editor:104 | 正在打开创作中心...
2025-11-02 11:39:20 | INFO     | src.services.zhihu.article_publisher | _navigate_to_editor:115 | 找到创作中心按钮，点击...
2025-11-02 11:39:25 | INFO     | src.services.zhihu.article_publisher | _navigate_to_editor:126 | 已进入创作中心
2025-11-02 11:39:25 | INFO     | src.services.zhihu.article_publisher | _navigate_to_editor:133 | 查找「内容创作」按钮...
2025-11-02 11:39:25 | WARNING  | src.services.zhihu.article_publisher | _navigate_to_editor:141 | 未找到「内容创作」按钮
2025-11-02 11:39:25 | INFO     | src.services.zhihu.article_publisher | _navigate_to_editor:150 | 查找「发布文章」选项...
2025-11-02 11:39:30 | WARNING  | src.services.zhihu.article_publisher | _navigate_to_editor:171 | 等待「发布文章」超时，尝试直接跳转...
2025-11-02 11:39:34 | INFO     | src.services.zhihu.article_publisher | _navigate_to_editor:189 | 等待编辑器加载...
2025-11-02 11:39:34 | INFO     | src.services.zhihu.article_publisher | _navigate_to_editor:203 | 编辑器已加载 (selector: .public-DraftEditor-content)
2025-11-02 11:39:36 | INFO     | src.services.zhihu.article_publisher | _input_title_and_content:232 | 正在输入标题: 我死后的第十年...
2025-11-02 11:39:36 | INFO     | src.services.zhihu.article_publisher | _input_title_and_content:246 | 找到标题输入框 (selector: textarea[placeholder*="标题"])
2025-11-02 11:39:38 | INFO     | src.services.zhihu.article_publisher | _input_title_and_content:256 | 标题已输入: 我死后的第十年...
2025-11-02 11:39:40 | INFO     | src.services.zhihu.article_publisher | _input_title_and_content:273 | 正在输入内容，共 8266 字符...
2025-11-02 11:39:40 | INFO     | src.services.zhihu.article_publisher | _input_title_and_content:288 | 找到内容编辑器 (selector: [contenteditable="true"])
2025-11-02 11:39:41 | INFO     | src.services.zhihu.article_publisher | _input_content_stream:346 | 使用流式输入模式（逐字输入）
2025-11-02 11:53:57 | INFO     | src.services.zhihu.article_publisher | _input_content_stream:362 | 流式输入完成，共 241 段
2025-11-02 11:53:57 | INFO     | src.services.zhihu.article_publisher | _input_title_and_content:313 | 内容已成功填充，共 8266 字符
2025-11-02 11:53:59 | INFO     | src.services.zhihu.article_publisher | _set_question_submission:446 | 正在处理投稿至问题...
2025-11-02 11:54:00 | INFO     | src.services.zhihu.article_publisher | _set_question_submission:458 | 已点击投稿至问题下拉框
2025-11-02 11:54:02 | INFO     | src.services.zhihu.article_publisher | _set_question_submission:474 | 找到弹窗容器 (selector: div[class*="Modal"])
2025-11-02 11:54:02 | INFO     | src.services.zhihu.article_publisher | _set_question_submission:511 | 已点击「选择」按钮
2025-11-02 11:54:03 | INFO     | src.services.zhihu.article_publisher | _set_question_submission:544 | 已点击「确定」按钮，问题选择完成！
2025-11-02 11:54:05 | INFO     | src.services.zhihu.article_publisher | _set_creation_declaration:561 | 正在设置创作声明...
2025-11-02 11:54:06 | INFO     | src.services.zhihu.article_publisher | _set_creation_declaration:573 | 已点击创作声明下拉框
2025-11-02 11:54:07 | INFO     | src.services.zhihu.article_publisher | _set_creation_declaration:588 | 已设置创作声明为「虚构创作」
2025-11-02 11:54:07 | INFO     | src.services.zhihu.article_publisher | _add_topics:607 | 正在提取话题词...
2025-11-02 11:54:08 | INFO     | src.services.zhihu.article_publisher | _add_topics:614 | 提取到话题词: 悬疑, 恐怖, 职场
2025-11-02 11:54:09 | INFO     | src.services.zhihu.article_publisher | _add_topics:628 | 找到添加话题按钮 (selector: button:has-text("添加话题"))
2025-11-02 11:54:09 | INFO     | src.services.zhihu.article_publisher | _add_topics:635 | 准备添加话题: 悬疑
2025-11-02 11:54:10 | INFO     | src.services.zhihu.article_publisher | _add_topics:651 | 找到话题输入框 (selector: input[placeholder*="话题"])
2025-11-02 11:54:10 | INFO     | src.services.zhihu.article_publisher | _add_topics:658 | 已输入话题文字: 悬疑
2025-11-02 11:54:12 | WARNING  | src.services.zhihu.article_publisher | _add_topics:668 | 未找到话题下拉选项，尝试按回车
2025-11-02 11:54:13 | INFO     | src.services.zhihu.article_publisher | _add_topics:672 | 话题添加完成: 悬疑
2025-11-02 11:54:13 | INFO     | src.services.zhihu.article_publisher | _wait_for_publish_complete:688 | 准备点击发布按钮
2025-11-02 11:54:16 | INFO     | src.services.zhihu.article_publisher | _wait_for_publish_complete:714 | 找到主按钮 (selector: button.Button--primary:has-text("发布"))
2025-11-02 11:54:16 | INFO     | src.services.zhihu.article_publisher | _wait_for_publish_complete:735 | 找到发布按钮！准备点击...
2025-11-02 11:54:17 | INFO     | src.services.zhihu.article_publisher | _wait_for_publish_complete:740 | 已成功点击「发布」按钮！
2025-11-02 11:54:20 | INFO     | src.services.zhihu.article_publisher | _wait_for_publish_complete:759 | 文章已发布: https://zhuanlan.zhihu.com/p/1968281083679347422/edit
2025-11-02 11:54:20 | INFO     | src.services.zhihu.browser_manager | close:100 | 浏览器已关闭
2025-11-02 11:54:20 | INFO     | src.services.zhihu.browser_manager | close:108 | Playwright 已停止
2025-11-02 12:00:10 | INFO     | src.core.logging_config | init_logging:134 | 日志系统初始化完成
2025-11-02 12:00:10 | INFO     | src.core.logging_config | init_logging:135 | 日志级别: INFO
2025-11-02 12:00:10 | INFO     | src.core.logging_config | init_logging:136 | 文件日志: 启用
2025-11-02 12:00:11 | INFO     | src.core.logging_config | main:34 | ============================================================
2025-11-02 12:00:11 | INFO     | src.core.logging_config | main:35 | 启动 AI Story Creator Pro
2025-11-02 12:00:11 | INFO     | src.core.logging_config | main:36 | 窗口尺寸: 1500x850
2025-11-02 12:00:11 | INFO     | src.core.logging_config | main:37 | 设计风格: 精致 · 简约 · 专业
2025-11-02 12:00:11 | INFO     | src.core.logging_config | main:38 | ============================================================
2025-11-02 12:00:12 | INFO     | src.gui.modern_app | __init__:92 | ✅ 自动保存功能已启用（每5分钟）
2025-11-02 12:00:12 | INFO     | src.gui.mixins.story_modules.input_cache | _bind_input_cache_events:174 | 输入自动保存已启用
2025-11-02 12:00:12 | INFO     | src.gui.mixins.story_modules.input_cache | _load_input_cache:66 | 已恢复上次输入内容
2025-11-02 12:00:12 | INFO     | src.gui.modern_app | _init_startup_state:143 | 启动状态初始化完成（无项目, 有缓存）
2025-11-02 12:00:16 | INFO     | src.gui.mixins.director_modules.director_mixin | _refresh_shot_combo:96 | 刷新下拉框成功，共 2 个分镜
2025-11-02 12:00:16 | INFO     | src.gui.mixins.director_modules.handlers.project_handler | load_director_data_from_project:118 | 已加载 2 个分镜
2025-11-02 12:00:16 | INFO     | src.gui.mixins.project_mixin | _on_load_project:221 | 使用增强加载功能成功加载项目
2025-11-02 12:00:20 | INFO     | httpx | _send_single_request:1025 | HTTP Request: POST https://api.deepseek.com/v1/chat/completions "HTTP/1.1 200 OK"
2025-11-02 12:05:48 | INFO     | httpx | _send_single_request:1025 | HTTP Request: POST https://api.deepseek.com/v1/chat/completions "HTTP/1.1 200 OK"
2025-11-02 12:06:44 | INFO     | httpx | _send_single_request:1025 | HTTP Request: POST https://api.deepseek.com/v1/chat/completions "HTTP/1.1 200 OK"
2025-11-02 12:07:36 | INFO     | httpx | _send_single_request:1025 | HTTP Request: POST https://api.deepseek.com/v1/chat/completions "HTTP/1.1 200 OK"
2025-11-02 12:08:33 | INFO     | httpx | _send_single_request:1025 | HTTP Request: POST https://api.deepseek.com/v1/chat/completions "HTTP/1.1 200 OK"
2025-11-02 12:09:07 | INFO     | httpx | _send_single_request:1025 | HTTP Request: POST https://api.deepseek.com/v1/chat/completions "HTTP/1.1 200 OK"
2025-11-02 12:09:39 | INFO     | httpx | _send_single_request:1025 | HTTP Request: POST https://api.deepseek.com/v1/chat/completions "HTTP/1.1 200 OK"
2025-11-02 12:10:03 | INFO     | httpx | _send_single_request:1025 | HTTP Request: POST https://api.deepseek.com/v1/chat/completions "HTTP/1.1 200 OK"
2025-11-02 12:11:16 | INFO     | httpx | _send_single_request:1025 | HTTP Request: POST https://api.deepseek.com/v1/chat/completions "HTTP/1.1 200 OK"
2025-11-02 12:14:26 | INFO     | src.services.zhihu.browser_manager | initialize:79 | 浏览器初始化成功
2025-11-02 12:14:26 | INFO     | src.services.zhihu.login_handler | check_login_status:28 | 正在访问知乎首页...
2025-11-02 12:14:30 | INFO     | src.services.zhihu.login_handler | check_login_status:52 | 检测到已登录（找到用户元素）
2025-11-02 12:14:30 | INFO     | src.services.zhihu.article_publisher | _navigate_to_editor:104 | 正在打开创作中心...
2025-11-02 12:14:33 | INFO     | src.services.zhihu.article_publisher | _navigate_to_editor:115 | 找到创作中心按钮，点击...
2025-11-02 12:14:36 | INFO     | src.services.zhihu.article_publisher | _navigate_to_editor:126 | 已进入创作中心
2025-11-02 12:14:36 | INFO     | src.services.zhihu.article_publisher | _navigate_to_editor:133 | 查找「内容创作」按钮...
2025-11-02 12:14:36 | WARNING  | src.services.zhihu.article_publisher | _navigate_to_editor:141 | 未找到「内容创作」按钮
2025-11-02 12:14:36 | INFO     | src.services.zhihu.article_publisher | _navigate_to_editor:150 | 查找「发布文章」选项...
2025-11-02 12:14:41 | WARNING  | src.services.zhihu.article_publisher | _navigate_to_editor:171 | 等待「发布文章」超时，尝试直接跳转...
2025-11-02 12:14:45 | INFO     | src.services.zhihu.article_publisher | _navigate_to_editor:189 | 等待编辑器加载...
2025-11-02 12:14:45 | INFO     | src.services.zhihu.article_publisher | _navigate_to_editor:203 | 编辑器已加载 (selector: .public-DraftEditor-content)
2025-11-02 12:14:47 | INFO     | src.services.zhihu.article_publisher | _input_title_and_content:232 | 正在输入标题: 十年...
2025-11-02 12:14:47 | INFO     | src.services.zhihu.article_publisher | _input_title_and_content:246 | 找到标题输入框 (selector: textarea[placeholder*="标题"])
2025-11-02 12:14:50 | INFO     | src.services.zhihu.article_publisher | _input_title_and_content:256 | 标题已输入: 十年...
2025-11-02 12:14:52 | INFO     | src.services.zhihu.article_publisher | _input_title_and_content:273 | 正在输入内容，共 8716 字符...
2025-11-02 12:14:52 | INFO     | src.services.zhihu.article_publisher | _input_title_and_content:288 | 找到内容编辑器 (selector: [contenteditable="true"])
2025-11-02 12:14:53 | INFO     | src.services.zhihu.article_publisher | _input_content_stream:346 | 使用流式输入模式（逐字输入）
2025-11-02 12:27:53 | INFO     | src.services.zhihu.article_publisher | _input_content_stream:362 | 流式输入完成，共 273 段
2025-11-02 12:27:53 | INFO     | src.services.zhihu.article_publisher | _input_title_and_content:313 | 内容已成功填充，共 8716 字符
2025-11-02 12:27:55 | INFO     | src.services.zhihu.article_publisher | _set_question_submission:446 | 正在处理投稿至问题...
2025-11-02 12:27:56 | INFO     | src.services.zhihu.article_publisher | _set_question_submission:458 | 已点击投稿至问题下拉框
2025-11-02 12:27:58 | INFO     | src.services.zhihu.article_publisher | _set_question_submission:474 | 找到弹窗容器 (selector: div[class*="Modal"])
2025-11-02 12:27:58 | INFO     | src.services.zhihu.article_publisher | _set_question_submission:511 | 已点击「选择」按钮
2025-11-02 12:28:00 | INFO     | src.services.zhihu.article_publisher | _set_question_submission:544 | 已点击「确定」按钮，问题选择完成！
2025-11-02 12:28:01 | INFO     | src.services.zhihu.article_publisher | _set_creation_declaration:561 | 正在设置创作声明...
2025-11-02 12:28:02 | INFO     | src.services.zhihu.article_publisher | _set_creation_declaration:573 | 已点击创作声明下拉框
2025-11-02 12:28:03 | INFO     | src.services.zhihu.article_publisher | _set_creation_declaration:588 | 已设置创作声明为「虚构创作」
2025-11-02 12:28:04 | INFO     | src.services.zhihu.article_publisher | _add_topics:607 | 正在提取话题词...
2025-11-02 12:28:05 | INFO     | src.services.zhihu.article_publisher | _add_topics:614 | 提取到话题词: 故事, 恐怖, 职场
2025-11-02 12:28:05 | INFO     | src.services.zhihu.article_publisher | _add_topics:628 | 找到添加话题按钮 (selector: button:has-text("添加话题"))
2025-11-02 12:28:05 | INFO     | src.services.zhihu.article_publisher | _add_topics:635 | 准备添加话题: 故事
2025-11-02 12:28:06 | INFO     | src.services.zhihu.article_publisher | _add_topics:651 | 找到话题输入框 (selector: input[placeholder*="话题"])
2025-11-02 12:28:06 | INFO     | src.services.zhihu.article_publisher | _add_topics:658 | 已输入话题文字: 故事
2025-11-02 12:28:08 | WARNING  | src.services.zhihu.article_publisher | _add_topics:668 | 未找到话题下拉选项，尝试按回车
2025-11-02 12:28:09 | INFO     | src.services.zhihu.article_publisher | _add_topics:672 | 话题添加完成: 故事
2025-11-02 12:28:09 | INFO     | src.services.zhihu.article_publisher | _wait_for_publish_complete:688 | 准备点击发布按钮
2025-11-02 12:28:12 | INFO     | src.services.zhihu.article_publisher | _wait_for_publish_complete:714 | 找到主按钮 (selector: button.Button--primary:has-text("发布"))
2025-11-02 12:28:12 | INFO     | src.services.zhihu.article_publisher | _wait_for_publish_complete:735 | 找到发布按钮！准备点击...
2025-11-02 12:28:13 | INFO     | src.services.zhihu.article_publisher | _wait_for_publish_complete:740 | 已成功点击「发布」按钮！
2025-11-02 12:28:16 | INFO     | src.services.zhihu.article_publisher | _wait_for_publish_complete:759 | 文章已发布: https://zhuanlan.zhihu.com/p/1968289941902561878/edit
2025-11-02 12:28:16 | INFO     | src.services.zhihu.browser_manager | close:100 | 浏览器已关闭
2025-11-02 12:28:16 | INFO     | src.services.zhihu.browser_manager | close:108 | Playwright 已停止
2025-11-02 15:08:34 | INFO     | src.core.logging_config | init_logging:134 | 日志系统初始化完成
2025-11-02 15:08:34 | INFO     | src.core.logging_config | init_logging:135 | 日志级别: INFO
2025-11-02 15:08:34 | INFO     | src.core.logging_config | init_logging:136 | 文件日志: 启用
2025-11-02 15:08:34 | INFO     | src.core.logging_config | main:34 | ============================================================
2025-11-02 15:08:34 | INFO     | src.core.logging_config | main:35 | 启动 AI Story Creator Pro
2025-11-02 15:08:34 | INFO     | src.core.logging_config | main:36 | 窗口尺寸: 1500x850
2025-11-02 15:08:34 | INFO     | src.core.logging_config | main:37 | 设计风格: 精致 · 简约 · 专业
2025-11-02 15:08:34 | INFO     | src.core.logging_config | main:38 | ============================================================
2025-11-02 15:08:36 | INFO     | src.gui.modern_app | __init__:92 | ✅ 自动保存功能已启用（每5分钟）
2025-11-02 15:08:36 | INFO     | src.gui.mixins.story_modules.input_cache | _bind_input_cache_events:174 | 输入自动保存已启用
2025-11-02 15:08:36 | INFO     | src.gui.mixins.story_modules.input_cache | _load_input_cache:66 | 已恢复上次输入内容
2025-11-02 15:08:36 | INFO     | src.gui.modern_app | _init_startup_state:143 | 启动状态初始化完成（无项目, 有缓存）
2025-11-02 15:08:40 | INFO     | src.gui.mixins.director_modules.director_mixin | _refresh_shot_combo:96 | 刷新下拉框成功，共 2 个分镜
2025-11-02 15:08:40 | INFO     | src.gui.mixins.director_modules.handlers.project_handler | load_director_data_from_project:118 | 已加载 2 个分镜
2025-11-02 15:08:40 | INFO     | src.gui.mixins.project_mixin | _on_load_project:221 | 使用增强加载功能成功加载项目
2025-11-02 15:43:33 | INFO     | src.core.logging_config | init_logging:134 | 日志系统初始化完成
2025-11-02 15:43:33 | INFO     | src.core.logging_config | init_logging:135 | 日志级别: INFO
2025-11-02 15:43:33 | INFO     | src.core.logging_config | init_logging:136 | 文件日志: 启用
2025-11-02 15:43:34 | INFO     | src.core.logging_config | main:34 | ============================================================
2025-11-02 15:43:34 | INFO     | src.core.logging_config | main:35 | 启动 AI Story Creator Pro
2025-11-02 15:43:34 | INFO     | src.core.logging_config | main:36 | 窗口尺寸: 1500x850
2025-11-02 15:43:34 | INFO     | src.core.logging_config | main:37 | 设计风格: 精致 · 简约 · 专业
2025-11-02 15:43:34 | INFO     | src.core.logging_config | main:38 | ============================================================
2025-11-02 15:43:36 | INFO     | src.gui.modern_app | __init__:92 | ✅ 自动保存功能已启用（每5分钟）
2025-11-02 15:43:36 | INFO     | src.gui.mixins.story_modules.input_cache | _bind_input_cache_events:174 | 输入自动保存已启用
2025-11-02 15:43:37 | INFO     | src.gui.mixins.story_modules.input_cache | _load_input_cache:66 | 已恢复上次输入内容
2025-11-02 15:43:37 | INFO     | src.gui.modern_app | _init_startup_state:143 | 启动状态初始化完成（无项目, 有缓存）
2025-11-02 15:43:39 | INFO     | src.gui.mixins.director_modules.director_mixin | _refresh_shot_combo:96 | 刷新下拉框成功，共 2 个分镜
2025-11-02 15:43:39 | INFO     | src.gui.mixins.director_modules.handlers.project_handler | load_director_data_from_project:118 | 已加载 2 个分镜
2025-11-02 15:43:39 | INFO     | src.gui.mixins.project_mixin | _on_load_project:221 | 使用增强加载功能成功加载项目
2025-11-02 15:43:47 | INFO     | httpx | _send_single_request:1025 | HTTP Request: POST https://api.deepseek.com/v1/chat/completions "HTTP/1.1 200 OK"
2025-11-02 15:44:01 | INFO     | httpx | _send_single_request:1025 | HTTP Request: POST https://api.deepseek.com/v1/chat/completions "HTTP/1.1 200 OK"
2025-11-02 15:45:20 | INFO     | src.gui.mixins.image_modules.handlers.character_photo_handler | generate_photo_thread:89 | [1/1] 正在生成：正面视图 + 中性表情
2025-11-02 15:45:20 | INFO     | src.gui.mixins.image_modules.handlers.character_photo_generator | generate_photo:69 | 图片API类型: sd
2025-11-02 15:45:21 | INFO     | src.gui.mixins.image_modules.handlers.character_photo_generator | _generate_with_sd:231 | SD标签式提示词 (正面+中性): masterpiece, best quality, ultra detailed, 8k, 1man, young man, adult male, solo, Chinese, East Asian, asian, long hair, ponytail, messy hair, t-shirt, jacket, long pants, black, cotton, casual wear, ...
2025-11-02 15:45:21 | INFO     | src.gui.mixins.image_modules.handlers.character_photo_generator | _generate_with_sd:259 | 使用 txt2img 模式（生成基准图）
2025-11-02 15:45:21 | INFO     | src.gui.mixins.image_modules.handlers.character_photo_generator | _generate_with_sd:262 | 固定 seed: 32858030
2025-11-02 15:45:33 | INFO     | src.gui.mixins.image_modules.handlers.character_photo_saver | auto_save_photo_with_name:109 | 准备保存到：projects\完整测试_20251026_184212_20251026_184212\characters\沈苒.png
2025-11-02 15:45:33 | INFO     | src.gui.mixins.image_modules.handlers.character_photo_saver | auto_save_photo_with_name:120 | 照片已保存: projects\完整测试_20251026_184212_20251026_184212\characters\沈苒.png
2025-11-02 15:45:33 | INFO     | src.gui.mixins.image_modules.handlers.character_photo_handler | generate_photo_thread:148 | ✅ [1/1] 正面+中性照片生成成功
2025-11-02 15:46:06 | INFO     | src.gui.mixins.image_modules.handlers.character_photo_handler | generate_photo_thread:89 | [1/1] 正在生成：正面视图 + 中性表情
2025-11-02 15:46:06 | INFO     | src.gui.mixins.image_modules.handlers.character_photo_generator | generate_photo:69 | 图片API类型: sd
2025-11-02 15:46:06 | INFO     | src.gui.mixins.image_modules.handlers.character_photo_generator | _generate_with_sd:231 | SD标签式提示词 (正面+中性): masterpiece, best quality, ultra detailed, 8k, 1man, young man, adult male, solo, Chinese, East Asian, asian, long hair, ponytail, messy hair, t-shirt, jacket, long pants, black, cotton, casual wear, ...
2025-11-02 15:46:06 | INFO     | src.gui.mixins.image_modules.handlers.character_photo_generator | _generate_with_sd:259 | 使用 txt2img 模式（生成基准图）
2025-11-02 15:46:06 | INFO     | src.gui.mixins.image_modules.handlers.character_photo_generator | _generate_with_sd:262 | 固定 seed: 32858030
2025-11-02 15:46:22 | INFO     | src.gui.mixins.image_modules.handlers.character_photo_saver | auto_save_photo_with_name:109 | 准备保存到：projects\完整测试_20251026_184212_20251026_184212\characters\沈苒.png
2025-11-02 15:46:22 | INFO     | src.gui.mixins.image_modules.handlers.character_photo_saver | auto_save_photo_with_name:120 | 照片已保存: projects\完整测试_20251026_184212_20251026_184212\characters\沈苒.png
2025-11-02 15:46:22 | INFO     | src.gui.mixins.image_modules.handlers.character_photo_handler | generate_photo_thread:148 | ✅ [1/1] 正面+中性照片生成成功
2025-11-02 15:47:23 | ERROR    | src.gui.mixins.image_modules.handlers.character_photo_preview | show_fullsize:118 | 显示完整尺寸图片失败: name 'Path' is not defined
Traceback (most recent call last):
  File "D:\code\play\Zhihu_short_stories\src\gui\mixins\image_modules\handlers\character_photo_preview.py", line 90, in show_fullsize
    fullsize_window.title(f"完整尺寸预览 - {Path(img_path).name}")
                                            ^^^^
NameError: name 'Path' is not defined
2025-11-02 15:47:24 | ERROR    | src.gui.mixins.image_modules.handlers.character_photo_preview | show_fullsize:118 | 显示完整尺寸图片失败: name 'Path' is not defined
Traceback (most recent call last):
  File "D:\code\play\Zhihu_short_stories\src\gui\mixins\image_modules\handlers\character_photo_preview.py", line 90, in show_fullsize
    fullsize_window.title(f"完整尺寸预览 - {Path(img_path).name}")
                                            ^^^^
NameError: name 'Path' is not defined
2025-11-02 15:47:26 | ERROR    | src.gui.mixins.image_modules.handlers.character_photo_preview | show_fullsize:118 | 显示完整尺寸图片失败: name 'Path' is not defined
Traceback (most recent call last):
  File "D:\code\play\Zhihu_short_stories\src\gui\mixins\image_modules\handlers\character_photo_preview.py", line 90, in show_fullsize
    fullsize_window.title(f"完整尺寸预览 - {Path(img_path).name}")
                                            ^^^^
NameError: name 'Path' is not defined
2025-11-02 15:47:39 | INFO     | httpx | _send_single_request:1025 | HTTP Request: POST https://api.deepseek.com/v1/chat/completions "HTTP/1.1 200 OK"
2025-11-02 15:48:02 | INFO     | src.gui.mixins.image_modules.handlers.character_photo_handler | generate_photo_thread:89 | [1/1] 正在生成：正面视图 + 中性表情
2025-11-02 15:48:02 | INFO     | src.gui.mixins.image_modules.handlers.character_photo_generator | generate_photo:69 | 图片API类型: sd
2025-11-02 15:48:02 | INFO     | src.gui.mixins.image_modules.handlers.character_photo_generator | _generate_with_sd:231 | SD标签式提示词 (正面+中性): masterpiece, best quality, ultra detailed, 8k, 1boy, young boy, male child, solo, Chinese, East Asian, asian, black hair, short hair, t-shirt, long pants, shorts, pink, cotton, casual wear, dress, ful...
2025-11-02 15:48:02 | INFO     | src.gui.mixins.image_modules.handlers.character_photo_generator | _generate_with_sd:259 | 使用 txt2img 模式（生成基准图）
2025-11-02 15:48:02 | INFO     | src.gui.mixins.image_modules.handlers.character_photo_generator | _generate_with_sd:262 | 固定 seed: 316211617
2025-11-02 15:48:14 | INFO     | src.gui.mixins.image_modules.handlers.character_photo_saver | auto_save_photo_with_name:109 | 准备保存到：projects\完整测试_20251026_184212_20251026_184212\characters\小远.png
2025-11-02 15:48:14 | INFO     | src.gui.mixins.image_modules.handlers.character_photo_saver | auto_save_photo_with_name:120 | 照片已保存: projects\完整测试_20251026_184212_20251026_184212\characters\小远.png
2025-11-02 15:48:14 | INFO     | src.gui.mixins.image_modules.handlers.character_photo_handler | generate_photo_thread:148 | ✅ [1/1] 正面+中性照片生成成功
2025-11-02 15:48:22 | ERROR    | src.gui.mixins.image_modules.handlers.character_photo_preview | show_fullsize:118 | 显示完整尺寸图片失败: name 'Path' is not defined
Traceback (most recent call last):
  File "D:\code\play\Zhihu_short_stories\src\gui\mixins\image_modules\handlers\character_photo_preview.py", line 90, in show_fullsize
    fullsize_window.title(f"完整尺寸预览 - {Path(img_path).name}")
                                            ^^^^
NameError: name 'Path' is not defined
2025-11-02 15:51:40 | INFO     | httpx | _send_single_request:1025 | HTTP Request: POST https://api.deepseek.com/v1/chat/completions "HTTP/1.1 200 OK"
2025-11-02 15:51:48 | INFO     | httpx | _send_single_request:1025 | HTTP Request: POST https://api.deepseek.com/v1/chat/completions "HTTP/1.1 200 OK"
2025-11-02 15:52:22 | INFO     | src.gui.mixins.image_modules.handlers.character_photo_handler | generate_photo_thread:89 | [1/1] 正在生成：正面视图 + 中性表情
2025-11-02 15:52:22 | INFO     | src.gui.mixins.image_modules.handlers.character_photo_generator | generate_photo:69 | 图片API类型: sd
2025-11-02 15:52:22 | INFO     | src.gui.mixins.image_modules.handlers.character_photo_generator | _generate_with_sd:231 | SD标签式提示词 (正面+中性): masterpiece, best quality, ultra detailed, 8k, 1woman, young woman, adult female, solo, Chinese, East Asian, asian, straight hair, ponytail, t-shirt, jeans, white, gray, brown, beige, denim, cotton, c...
2025-11-02 15:52:22 | INFO     | src.gui.mixins.image_modules.handlers.character_photo_generator | _generate_with_sd:259 | 使用 txt2img 模式（生成基准图）
2025-11-02 15:52:22 | INFO     | src.gui.mixins.image_modules.handlers.character_photo_generator | _generate_with_sd:262 | 固定 seed: 32858030
2025-11-02 15:52:33 | INFO     | src.gui.mixins.image_modules.handlers.character_photo_saver | auto_save_photo_with_name:109 | 准备保存到：projects\完整测试_20251026_184212_20251026_184212\characters\沈苒.png
2025-11-02 15:52:34 | INFO     | src.gui.mixins.image_modules.handlers.character_photo_saver | auto_save_photo_with_name:120 | 照片已保存: projects\完整测试_20251026_184212_20251026_184212\characters\沈苒.png
2025-11-02 15:52:34 | INFO     | src.gui.mixins.image_modules.handlers.character_photo_handler | generate_photo_thread:148 | ✅ [1/1] 正面+中性照片生成成功
2025-11-02 15:53:32 | ERROR    | src.gui.mixins.image_modules.handlers.character_photo_preview | show_fullsize:118 | 显示完整尺寸图片失败: name 'Path' is not defined
Traceback (most recent call last):
  File "D:\code\play\Zhihu_short_stories\src\gui\mixins\image_modules\handlers\character_photo_preview.py", line 90, in show_fullsize
    fullsize_window.title(f"完整尺寸预览 - {Path(img_path).name}")
                                            ^^^^
NameError: name 'Path' is not defined
2025-11-02 15:57:24 | INFO     | src.core.logging_config | init_logging:134 | 日志系统初始化完成
2025-11-02 15:57:24 | INFO     | src.core.logging_config | init_logging:135 | 日志级别: INFO
2025-11-02 15:57:24 | INFO     | src.core.logging_config | init_logging:136 | 文件日志: 启用
2025-11-02 15:57:25 | INFO     | src.core.logging_config | main:34 | ============================================================
2025-11-02 15:57:25 | INFO     | src.core.logging_config | main:35 | 启动 AI Story Creator Pro
2025-11-02 15:57:25 | INFO     | src.core.logging_config | main:36 | 窗口尺寸: 1500x850
2025-11-02 15:57:25 | INFO     | src.core.logging_config | main:37 | 设计风格: 精致 · 简约 · 专业
2025-11-02 15:57:25 | INFO     | src.core.logging_config | main:38 | ============================================================
2025-11-02 15:57:26 | INFO     | src.gui.modern_app | __init__:92 | ✅ 自动保存功能已启用（每5分钟）
2025-11-02 15:57:27 | INFO     | src.gui.mixins.story_modules.input_cache | _bind_input_cache_events:174 | 输入自动保存已启用
2025-11-02 15:57:27 | INFO     | src.gui.mixins.story_modules.input_cache | _load_input_cache:66 | 已恢复上次输入内容
2025-11-02 15:57:27 | INFO     | src.gui.modern_app | _init_startup_state:143 | 启动状态初始化完成（无项目, 有缓存）
2025-11-02 15:57:31 | INFO     | src.gui.mixins.director_modules.director_mixin | _refresh_shot_combo:96 | 刷新下拉框成功，共 2 个分镜
2025-11-02 15:57:31 | INFO     | src.gui.mixins.director_modules.handlers.project_handler | load_director_data_from_project:118 | 已加载 2 个分镜
2025-11-02 15:57:31 | INFO     | src.gui.mixins.project_mixin | _on_load_project:221 | 使用增强加载功能成功加载项目
2025-11-02 15:58:30 | INFO     | httpx | _send_single_request:1025 | HTTP Request: POST https://api.deepseek.com/v1/chat/completions "HTTP/1.1 200 OK"
2025-11-02 15:59:46 | INFO     | src.gui.mixins.image_modules.char_photo | delete_image:172 | 已删除图片: projects\完整测试_20251026_184212_20251026_184212\characters\小远.png
2025-11-02 15:59:47 | INFO     | src.gui.mixins.image_modules.handlers.character_photo_handler | generate_photo_thread:89 | [1/1] 正在生成：正面视图 + 中性表情
2025-11-02 15:59:47 | INFO     | src.gui.mixins.image_modules.handlers.character_photo_generator | generate_photo:69 | 图片API类型: sd
2025-11-02 15:59:47 | INFO     | src.gui.mixins.image_modules.handlers.character_photo_generator | _generate_with_sd:231 | SD标签式提示词 (正面+中性): masterpiece, best quality, ultra detailed, 8k, 1boy, boy, male child, child, young boy, 10 years old, 10 year old boy, male, not female, solo, Chinese, East Asian, asian, short hair, naturally curly, ...
2025-11-02 15:59:47 | INFO     | src.gui.mixins.image_modules.handlers.character_photo_generator | _generate_with_sd:260 | 使用 txt2img 模式（生成基准图）
2025-11-02 15:59:47 | INFO     | src.gui.mixins.image_modules.handlers.character_photo_generator | _generate_with_sd:263 | 固定 seed: 316211617
2025-11-02 15:59:59 | INFO     | src.gui.mixins.image_modules.handlers.character_photo_saver | auto_save_photo_with_name:109 | 准备保存到：projects\完整测试_20251026_184212_20251026_184212\characters\小远.png
2025-11-02 16:00:00 | INFO     | src.gui.mixins.image_modules.handlers.character_photo_saver | auto_save_photo_with_name:120 | 照片已保存: projects\完整测试_20251026_184212_20251026_184212\characters\小远.png
2025-11-02 16:00:00 | INFO     | src.gui.mixins.image_modules.handlers.character_photo_handler | generate_photo_thread:148 | ✅ [1/1] 正面+中性照片生成成功
2025-11-02 16:01:18 | INFO     | httpx | _send_single_request:1025 | HTTP Request: POST https://api.deepseek.com/v1/chat/completions "HTTP/1.1 200 OK"
2025-11-02 16:01:51 | INFO     | httpx | _send_single_request:1025 | HTTP Request: POST https://api.deepseek.com/v1/chat/completions "HTTP/1.1 200 OK"
2025-11-02 16:02:11 | INFO     | src.gui.mixins.image_modules.handlers.character_photo_handler | generate_photo_thread:89 | [1/1] 正在生成：正面视图 + 中性表情
2025-11-02 16:02:11 | INFO     | src.gui.mixins.image_modules.handlers.character_photo_generator | generate_photo:69 | 图片API类型: sd
2025-11-02 16:02:11 | INFO     | src.gui.mixins.image_modules.handlers.character_photo_generator | _generate_with_sd:231 | SD标签式提示词 (正面+中性): masterpiece, best quality, ultra detailed, 8k, 1boy, boy, male child, child, young boy, 10 years old, 10 year old boy, male, not female, solo, Chinese, East Asian, asian, white hair, short hair, black...
2025-11-02 16:02:11 | INFO     | src.gui.mixins.image_modules.handlers.character_photo_generator | _generate_with_sd:260 | 使用 txt2img 模式（生成基准图）
2025-11-02 16:02:11 | INFO     | src.gui.mixins.image_modules.handlers.character_photo_generator | _generate_with_sd:263 | 固定 seed: 2629098164
2025-11-02 16:02:23 | INFO     | src.gui.mixins.image_modules.handlers.character_photo_saver | auto_save_photo_with_name:109 | 准备保存到：projects\完整测试_20251026_184212_20251026_184212\characters\张大师.png
2025-11-02 16:02:24 | INFO     | src.gui.mixins.image_modules.handlers.character_photo_saver | auto_save_photo_with_name:120 | 照片已保存: projects\完整测试_20251026_184212_20251026_184212\characters\张大师.png
2025-11-02 16:02:24 | INFO     | src.gui.mixins.image_modules.handlers.character_photo_handler | generate_photo_thread:148 | ✅ [1/1] 正面+中性照片生成成功
2025-11-02 16:04:33 | INFO     | src.gui.mixins.image_modules.handlers.character_photo_handler | generate_photo_thread:89 | [1/1] 正在生成：正面视图 + 中性表情
2025-11-02 16:04:33 | INFO     | src.gui.mixins.image_modules.handlers.character_photo_generator | generate_photo:69 | 图片API类型: sd
2025-11-02 16:04:33 | INFO     | src.gui.mixins.image_modules.handlers.character_photo_generator | _generate_with_sd:231 | SD标签式提示词 (正面+中性): masterpiece, best quality, ultra detailed, 8k, 1boy, boy, male child, child, young boy, 10 years old, 10 year old boy, male, not female, solo, Chinese, East Asian, asian, white hair, short hair, black...
2025-11-02 16:04:33 | INFO     | src.gui.mixins.image_modules.handlers.character_photo_generator | _generate_with_sd:260 | 使用 txt2img 模式（生成基准图）
2025-11-02 16:04:33 | INFO     | src.gui.mixins.image_modules.handlers.character_photo_generator | _generate_with_sd:263 | 固定 seed: 2629098164
2025-11-02 16:04:45 | INFO     | src.gui.mixins.image_modules.handlers.character_photo_saver | auto_save_photo_with_name:109 | 准备保存到：projects\完整测试_20251026_184212_20251026_184212\characters\张大师.png
2025-11-02 16:04:45 | INFO     | src.gui.mixins.image_modules.handlers.character_photo_saver | auto_save_photo_with_name:120 | 照片已保存: projects\完整测试_20251026_184212_20251026_184212\characters\张大师.png
2025-11-02 16:04:45 | INFO     | src.gui.mixins.image_modules.handlers.character_photo_handler | generate_photo_thread:148 | ✅ [1/1] 正面+中性照片生成成功
2025-11-02 16:06:04 | INFO     | src.core.logging_config | init_logging:134 | 日志系统初始化完成
2025-11-02 16:06:04 | INFO     | src.core.logging_config | init_logging:135 | 日志级别: INFO
2025-11-02 16:06:04 | INFO     | src.core.logging_config | init_logging:136 | 文件日志: 启用
2025-11-02 16:06:04 | ERROR    | src.core.exception_handler | handle_exception:66 | 程序启动失败: SyntaxError: expected 'except' or 'finally' block (char_extract.py, line 84)
Traceback (most recent call last):
  File "D:\code\play\Zhihu_short_stories\run_modern_app.py", line 32, in main
    from src.gui.modern_app import ModernApp
  File "D:\code\play\Zhihu_short_stories\src\gui\__init__.py", line 3, in <module>
    from .modern_app import ModernApp
  File "D:\code\play\Zhihu_short_stories\src\gui\modern_app.py", line 12, in <module>
    from .mixins.story_modules import StoryMixin
  File "D:\code\play\Zhihu_short_stories\src\gui\mixins\__init__.py", line 5, in <module>
    from .image_modules import ImageMixin
  File "D:\code\play\Zhihu_short_stories\src\gui\mixins\image_modules\__init__.py", line 9, in <module>
    from .char_extract import CharacterExtractMixin
  File "D:\code\play\Zhihu_short_stories\src\gui\mixins\image_modules\char_extract.py", line 84
    			import json
    			^^^^^^
SyntaxError: expected 'except' or 'finally' block
2025-11-02 16:06:04 | ERROR    | __main__ | main:72 | 程序启动失败
发生错误: expected 'except' or 'finally' block (char_extract.py, line 84)
Traceback (most recent call last):
  File "D:\code\play\Zhihu_short_stories\run_modern_app.py", line 32, in main
    from src.gui.modern_app import ModernApp
  File "D:\code\play\Zhihu_short_stories\src\gui\__init__.py", line 3, in <module>
    from .modern_app import ModernApp
  File "D:\code\play\Zhihu_short_stories\src\gui\modern_app.py", line 12, in <module>
    from .mixins.story_modules import StoryMixin
  File "D:\code\play\Zhihu_short_stories\src\gui\mixins\__init__.py", line 5, in <module>
    from .image_modules import ImageMixin
  File "D:\code\play\Zhihu_short_stories\src\gui\mixins\image_modules\__init__.py", line 9, in <module>
    from .char_extract import CharacterExtractMixin
  File "D:\code\play\Zhihu_short_stories\src\gui\mixins\image_modules\char_extract.py", line 84
    			import json
    			^^^^^^
SyntaxError: expected 'except' or 'finally' block
2025-11-02 16:13:12 | INFO     | src.core.logging_config | init_logging:134 | 日志系统初始化完成
2025-11-02 16:13:12 | INFO     | src.core.logging_config | init_logging:135 | 日志级别: INFO
2025-11-02 16:13:12 | INFO     | src.core.logging_config | init_logging:136 | 文件日志: 启用
2025-11-02 16:13:12 | INFO     | src.core.logging_config | main:34 | ============================================================
2025-11-02 16:13:12 | INFO     | src.core.logging_config | main:35 | 启动 AI Story Creator Pro
2025-11-02 16:13:12 | INFO     | src.core.logging_config | main:36 | 窗口尺寸: 1500x850
2025-11-02 16:13:12 | INFO     | src.core.logging_config | main:37 | 设计风格: 精致 · 简约 · 专业
2025-11-02 16:13:12 | INFO     | src.core.logging_config | main:38 | ============================================================
2025-11-02 16:13:13 | INFO     | src.gui.modern_app | __init__:92 | ✅ 自动保存功能已启用（每5分钟）
2025-11-02 16:13:14 | INFO     | src.gui.mixins.story_modules.input_cache | _bind_input_cache_events:174 | 输入自动保存已启用
2025-11-02 16:13:14 | INFO     | src.gui.mixins.story_modules.input_cache | _load_input_cache:66 | 已恢复上次输入内容
2025-11-02 16:13:14 | INFO     | src.gui.modern_app | _init_startup_state:143 | 启动状态初始化完成（无项目, 有缓存）
2025-11-02 16:13:46 | INFO     | src.gui.mixins.image_modules.char_extract | _on_character_selected:248 | 选择人物：沈苒 (索引: 0)
2025-11-02 16:13:46 | INFO     | src.gui.mixins.image_modules.char_extract | _on_character_selected:249 | 人物描述长度：0 字符
2025-11-02 16:13:46 | WARNING  | src.gui.mixins.image_modules.char_extract | _on_character_selected:269 | 人物"沈苒"的描述为空，需要生成
2025-11-02 16:13:46 | INFO     | src.gui.mixins.director_modules.director_mixin | _refresh_shot_combo:96 | 刷新下拉框成功，共 2 个分镜
2025-11-02 16:13:46 | INFO     | src.gui.mixins.director_modules.handlers.project_handler | load_director_data_from_project:118 | 已加载 2 个分镜
2025-11-02 16:13:46 | INFO     | src.gui.mixins.project_mixin | _on_load_project:221 | 使用增强加载功能成功加载项目
2025-11-02 16:14:04 | INFO     | src.gui.mixins.image_modules.char_extract | _on_character_selected:248 | 选择人物：林舟 (索引: 2)
2025-11-02 16:14:04 | INFO     | src.gui.mixins.image_modules.char_extract | _on_character_selected:249 | 人物描述长度：0 字符
2025-11-02 16:14:04 | WARNING  | src.gui.mixins.image_modules.char_extract | _on_character_selected:269 | 人物"林舟"的描述为空，需要生成
2025-11-02 16:14:05 | INFO     | src.gui.mixins.image_modules.char_extract | _on_character_selected:248 | 选择人物：小远 (索引: 1)
2025-11-02 16:14:05 | INFO     | src.gui.mixins.image_modules.char_extract | _on_character_selected:249 | 人物描述长度：0 字符
2025-11-02 16:14:05 | WARNING  | src.gui.mixins.image_modules.char_extract | _on_character_selected:269 | 人物"小远"的描述为空，需要生成
2025-11-02 16:14:05 | INFO     | src.gui.mixins.image_modules.char_extract | _on_character_selected:248 | 选择人物：沈苒 (索引: 0)
2025-11-02 16:14:05 | INFO     | src.gui.mixins.image_modules.char_extract | _on_character_selected:249 | 人物描述长度：0 字符
2025-11-02 16:14:05 | WARNING  | src.gui.mixins.image_modules.char_extract | _on_character_selected:269 | 人物"沈苒"的描述为空，需要生成
2025-11-02 16:14:08 | INFO     | httpx | _send_single_request:1025 | HTTP Request: POST https://api.deepseek.com/v1/chat/completions "HTTP/1.1 200 OK"
2025-11-02 16:16:58 | INFO     | src.core.logging_config | init_logging:134 | 日志系统初始化完成
2025-11-02 16:16:58 | INFO     | src.core.logging_config | init_logging:135 | 日志级别: INFO
2025-11-02 16:16:58 | INFO     | src.core.logging_config | init_logging:136 | 文件日志: 启用
2025-11-02 16:16:58 | INFO     | src.core.logging_config | main:34 | ============================================================
2025-11-02 16:16:58 | INFO     | src.core.logging_config | main:35 | 启动 AI Story Creator Pro
2025-11-02 16:16:58 | INFO     | src.core.logging_config | main:36 | 窗口尺寸: 1500x850
2025-11-02 16:16:58 | INFO     | src.core.logging_config | main:37 | 设计风格: 精致 · 简约 · 专业
2025-11-02 16:16:58 | INFO     | src.core.logging_config | main:38 | ============================================================
2025-11-02 16:17:00 | INFO     | src.gui.modern_app | __init__:92 | ✅ 自动保存功能已启用（每5分钟）
2025-11-02 16:17:00 | INFO     | src.gui.mixins.story_modules.input_cache | _bind_input_cache_events:174 | 输入自动保存已启用
2025-11-02 16:17:00 | INFO     | src.gui.mixins.story_modules.input_cache | _load_input_cache:66 | 已恢复上次输入内容
2025-11-02 16:17:00 | INFO     | src.gui.modern_app | _init_startup_state:143 | 启动状态初始化完成（无项目, 有缓存）
2025-11-02 16:17:02 | INFO     | src.gui.mixins.director_modules.director_mixin | _refresh_shot_combo:96 | 刷新下拉框成功，共 2 个分镜
2025-11-02 16:17:02 | INFO     | src.gui.mixins.director_modules.handlers.project_handler | load_director_data_from_project:118 | 已加载 2 个分镜
2025-11-02 16:17:02 | INFO     | src.gui.mixins.project_mixin | _on_load_project:221 | 使用增强加载功能成功加载项目
2025-11-02 16:19:27 | INFO     | src.gui.mixins.director_modules.director_mixin | _refresh_shot_combo:96 | 刷新下拉框成功，共 2 个分镜
2025-11-02 16:19:27 | INFO     | src.gui.mixins.director_modules.handlers.project_handler | load_director_data_from_project:118 | 已加载 2 个分镜
2025-11-02 16:19:27 | INFO     | src.gui.mixins.project_mixin | _on_load_project:221 | 使用增强加载功能成功加载项目
2025-11-02 16:19:32 | INFO     | httpx | _send_single_request:1025 | HTTP Request: POST https://api.deepseek.com/v1/chat/completions "HTTP/1.1 200 OK"
2025-11-02 16:19:34 | INFO     | src.gui.mixins.image_modules.char_extract | extract_thread:90 | AI响应原始内容: ```json
{
  "characters": ["沈苒", "小远", "林舟", "陈明", "张大师"]
}
```...
2025-11-02 16:19:34 | INFO     | src.gui.mixins.image_modules.char_extract | extract_thread:107 | 成功解析JSON: {'characters': ['沈苒', '小远', '林舟', '陈明', '张大师']}
2025-11-02 16:19:34 | INFO     | src.gui.mixins.image_modules.char_extract | extract_thread:174 | 成功提取到 5 个人物: ['沈苒', '小远', '林舟', '陈明', '张大师']
2025-11-02 16:19:34 | INFO     | src.gui.mixins.image_modules.char_extract | _on_character_selected:248 | 选择人物：沈苒 (索引: 0)
2025-11-02 16:19:34 | INFO     | src.gui.mixins.image_modules.char_extract | _on_character_selected:249 | 人物描述长度：0 字符
2025-11-02 16:19:34 | WARNING  | src.gui.mixins.image_modules.char_extract | _on_character_selected:269 | 人物"沈苒"的描述为空，需要生成
2025-11-02 16:19:34 | INFO     | src.gui.mixins.image_modules.char_extract | _on_character_selected:248 | 选择人物：林舟 (索引: 2)
2025-11-02 16:19:34 | INFO     | src.gui.mixins.image_modules.char_extract | _on_character_selected:249 | 人物描述长度：0 字符
2025-11-02 16:19:34 | WARNING  | src.gui.mixins.image_modules.char_extract | _on_character_selected:269 | 人物"林舟"的描述为空，需要生成
2025-11-02 16:19:35 | INFO     | src.gui.mixins.image_modules.char_extract | _on_character_selected:248 | 选择人物：沈苒 (索引: 0)
2025-11-02 16:19:35 | INFO     | src.gui.mixins.image_modules.char_extract | _on_character_selected:249 | 人物描述长度：0 字符
2025-11-02 16:19:35 | WARNING  | src.gui.mixins.image_modules.char_extract | _on_character_selected:269 | 人物"沈苒"的描述为空，需要生成
2025-11-02 16:19:38 | INFO     | httpx | _send_single_request:1025 | HTTP Request: POST https://api.deepseek.com/v1/chat/completions "HTTP/1.1 200 OK"
2025-11-02 16:21:01 | INFO     | src.core.logging_config | init_logging:134 | 日志系统初始化完成
2025-11-02 16:21:01 | INFO     | src.core.logging_config | init_logging:135 | 日志级别: INFO
2025-11-02 16:21:01 | INFO     | src.core.logging_config | init_logging:136 | 文件日志: 启用
2025-11-02 16:21:02 | INFO     | src.core.logging_config | main:34 | ============================================================
2025-11-02 16:21:02 | INFO     | src.core.logging_config | main:35 | 启动 AI Story Creator Pro
2025-11-02 16:21:02 | INFO     | src.core.logging_config | main:36 | 窗口尺寸: 1500x850
2025-11-02 16:21:02 | INFO     | src.core.logging_config | main:37 | 设计风格: 精致 · 简约 · 专业
2025-11-02 16:21:02 | INFO     | src.core.logging_config | main:38 | ============================================================
2025-11-02 16:21:03 | INFO     | src.gui.modern_app | __init__:92 | ✅ 自动保存功能已启用（每5分钟）
2025-11-02 16:21:04 | INFO     | src.gui.mixins.story_modules.input_cache | _bind_input_cache_events:174 | 输入自动保存已启用
2025-11-02 16:21:04 | INFO     | src.gui.mixins.story_modules.input_cache | _load_input_cache:66 | 已恢复上次输入内容
2025-11-02 16:21:04 | INFO     | src.gui.modern_app | _init_startup_state:143 | 启动状态初始化完成（无项目, 有缓存）
2025-11-02 16:21:06 | INFO     | src.gui.mixins.director_modules.director_mixin | _refresh_shot_combo:96 | 刷新下拉框成功，共 2 个分镜
2025-11-02 16:21:06 | INFO     | src.gui.mixins.director_modules.handlers.project_handler | load_director_data_from_project:118 | 已加载 2 个分镜
2025-11-02 16:21:06 | INFO     | src.gui.mixins.project_mixin | _on_load_project:217 | 使用增强加载功能成功加载项目
2025-11-02 16:21:06 | INFO     | src.gui.mixins.project_mixin | _on_load_project:226 | 后备：单独加载人物数据
2025-11-02 16:21:06 | INFO     | src.gui.mixins.image_modules.char_utils | _load_project_characters:112 | === 开始加载项目人物数据 ===
2025-11-02 16:21:06 | INFO     | src.gui.mixins.image_modules.char_utils | _load_project_characters:117 | 已清空人物列表（之前有 0 个人物）
2025-11-02 16:21:06 | INFO     | src.gui.mixins.image_modules.char_utils | _load_project_characters:127 | 项目路径：projects\完整测试_20251026_184212_20251026_184212
2025-11-02 16:21:06 | INFO     | src.gui.mixins.image_modules.char_utils | _load_project_characters:128 | 人物文件夹路径：projects\完整测试_20251026_184212_20251026_184212\characters
2025-11-02 16:21:06 | INFO     | src.gui.mixins.image_modules.char_utils | _load_project_characters:139 | 检查人物信息文件：projects\完整测试_20251026_184212_20251026_184212\characters\characters_info.json
2025-11-02 16:21:06 | INFO     | src.gui.mixins.image_modules.char_utils | _load_project_characters:140 | 文件是否存在：True
2025-11-02 16:21:06 | INFO     | src.gui.mixins.image_modules.char_utils | _load_project_characters:146 | 📖 已加载人物描述文件：projects\完整测试_20251026_184212_20251026_184212\characters\characters_info.json
2025-11-02 16:21:06 | INFO     | src.gui.mixins.image_modules.char_utils | _load_project_characters:147 | JSON内容类型：<class 'dict'>
2025-11-02 16:21:06 | INFO     | src.gui.mixins.image_modules.char_utils | _load_project_characters:148 | JSON内容长度：5
2025-11-02 16:21:06 | INFO     | src.gui.mixins.image_modules.char_utils | _load_project_characters:171 | 📋 使用扁平格式JSON
2025-11-02 16:21:06 | INFO     | src.gui.mixins.image_modules.char_utils | _load_project_characters:173 | 处理后的characters_info包含 5 个键
2025-11-02 16:21:06 | INFO     | src.gui.mixins.image_modules.char_utils | _load_project_characters:221 | ✅ 已加载 5 个人物（其中 0 个有照片），跳过 0 个无效项
2025-11-02 16:21:06 | INFO     | src.gui.mixins.image_modules.char_utils | _load_project_characters:225 | ✅ 已加载项目人物：['沈苒', '小远', '林舟', '陈明', '张大师']
2025-11-02 16:21:06 | INFO     | src.gui.mixins.image_modules.char_extract | _on_character_selected:248 | 选择人物：沈苒 (索引: 0)
2025-11-02 16:21:06 | INFO     | src.gui.mixins.image_modules.char_extract | _on_character_selected:249 | 人物描述长度：497 字符
2025-11-02 16:21:06 | INFO     | src.gui.mixins.image_modules.char_extract | _on_character_selected:262 | 已加载人物"沈苒"的描述
2025-11-02 16:21:06 | INFO     | src.gui.mixins.image_modules.char_utils | _load_project_characters:238 | 已更新人物列表框，当前显示 5 个人物
2025-11-02 16:21:06 | INFO     | src.gui.mixins.image_modules.char_utils | _load_project_characters:245 | === 人物数据加载完成 ===
2025-11-02 16:21:09 | INFO     | src.gui.mixins.image_modules.char_extract | _on_character_selected:248 | 选择人物：小远 (索引: 1)
2025-11-02 16:21:09 | INFO     | src.gui.mixins.image_modules.char_extract | _on_character_selected:249 | 人物描述长度：0 字符
2025-11-02 16:21:09 | WARNING  | src.gui.mixins.image_modules.char_extract | _on_character_selected:269 | 人物"小远"的描述为空，需要生成
2025-11-02 16:21:09 | INFO     | src.gui.mixins.image_modules.char_extract | _on_character_selected:248 | 选择人物：林舟 (索引: 2)
2025-11-02 16:21:09 | INFO     | src.gui.mixins.image_modules.char_extract | _on_character_selected:249 | 人物描述长度：0 字符
2025-11-02 16:21:09 | WARNING  | src.gui.mixins.image_modules.char_extract | _on_character_selected:269 | 人物"林舟"的描述为空，需要生成
2025-11-02 16:21:10 | INFO     | src.gui.mixins.image_modules.char_extract | _on_character_selected:248 | 选择人物：张大师 (索引: 4)
2025-11-02 16:21:10 | INFO     | src.gui.mixins.image_modules.char_extract | _on_character_selected:249 | 人物描述长度：0 字符
2025-11-02 16:21:10 | WARNING  | src.gui.mixins.image_modules.char_extract | _on_character_selected:269 | 人物"张大师"的描述为空，需要生成
2025-11-02 16:21:10 | INFO     | src.gui.mixins.image_modules.char_extract | _on_character_selected:248 | 选择人物：小远 (索引: 1)
2025-11-02 16:21:10 | INFO     | src.gui.mixins.image_modules.char_extract | _on_character_selected:249 | 人物描述长度：0 字符
2025-11-02 16:21:10 | WARNING  | src.gui.mixins.image_modules.char_extract | _on_character_selected:269 | 人物"小远"的描述为空，需要生成
2025-11-02 16:21:11 | INFO     | src.gui.mixins.image_modules.char_extract | _on_character_selected:248 | 选择人物：沈苒 (索引: 0)
2025-11-02 16:21:11 | INFO     | src.gui.mixins.image_modules.char_extract | _on_character_selected:249 | 人物描述长度：497 字符
2025-11-02 16:21:11 | INFO     | src.gui.mixins.image_modules.char_extract | _on_character_selected:262 | 已加载人物"沈苒"的描述
2025-11-02 16:21:12 | INFO     | src.gui.mixins.image_modules.char_extract | _on_character_selected:248 | 选择人物：张大师 (索引: 4)
2025-11-02 16:21:12 | INFO     | src.gui.mixins.image_modules.char_extract | _on_character_selected:249 | 人物描述长度：0 字符
2025-11-02 16:21:12 | WARNING  | src.gui.mixins.image_modules.char_extract | _on_character_selected:269 | 人物"张大师"的描述为空，需要生成
2025-11-02 16:22:47 | INFO     | src.core.logging_config | init_logging:134 | 日志系统初始化完成
2025-11-02 16:22:47 | INFO     | src.core.logging_config | init_logging:135 | 日志级别: INFO
2025-11-02 16:22:47 | INFO     | src.core.logging_config | init_logging:136 | 文件日志: 启用
2025-11-02 16:22:48 | INFO     | src.core.logging_config | main:34 | ============================================================
2025-11-02 16:22:48 | INFO     | src.core.logging_config | main:35 | 启动 AI Story Creator Pro
2025-11-02 16:22:48 | INFO     | src.core.logging_config | main:36 | 窗口尺寸: 1500x850
2025-11-02 16:22:48 | INFO     | src.core.logging_config | main:37 | 设计风格: 精致 · 简约 · 专业
2025-11-02 16:22:48 | INFO     | src.core.logging_config | main:38 | ============================================================
2025-11-02 16:22:49 | INFO     | src.gui.modern_app | __init__:92 | ✅ 自动保存功能已启用（每5分钟）
2025-11-02 16:22:49 | INFO     | src.gui.mixins.story_modules.input_cache | _bind_input_cache_events:174 | 输入自动保存已启用
2025-11-02 16:22:49 | INFO     | src.gui.mixins.story_modules.input_cache | _load_input_cache:66 | 已恢复上次输入内容
2025-11-02 16:22:49 | INFO     | src.gui.modern_app | _init_startup_state:143 | 启动状态初始化完成（无项目, 有缓存）
2025-11-02 16:22:52 | INFO     | src.gui.mixins.director_modules.director_mixin | _refresh_shot_combo:96 | 刷新下拉框成功，共 2 个分镜
2025-11-02 16:22:52 | INFO     | src.gui.mixins.director_modules.handlers.project_handler | load_director_data_from_project:118 | 已加载 2 个分镜
2025-11-02 16:22:52 | INFO     | src.gui.mixins.project_mixin | _on_load_project:217 | 使用增强加载功能成功加载项目
2025-11-02 16:22:52 | INFO     | src.gui.mixins.project_mixin | _on_load_project:226 | 后备：单独加载人物数据
2025-11-02 16:22:52 | INFO     | src.gui.mixins.image_modules.char_utils | _load_project_characters:112 | === 开始加载项目人物数据 ===
2025-11-02 16:22:52 | INFO     | src.gui.mixins.image_modules.char_utils | _load_project_characters:117 | 已清空人物列表（之前有 0 个人物）
2025-11-02 16:22:52 | INFO     | src.gui.mixins.image_modules.char_utils | _load_project_characters:127 | 项目路径：projects\完整测试_20251026_184212_20251026_184212
2025-11-02 16:22:52 | INFO     | src.gui.mixins.image_modules.char_utils | _load_project_characters:128 | 人物文件夹路径：projects\完整测试_20251026_184212_20251026_184212\characters
2025-11-02 16:22:52 | INFO     | src.gui.mixins.image_modules.char_utils | _load_project_characters:139 | 检查人物信息文件：projects\完整测试_20251026_184212_20251026_184212\characters\characters_info.json
2025-11-02 16:22:52 | INFO     | src.gui.mixins.image_modules.char_utils | _load_project_characters:140 | 文件是否存在：True
2025-11-02 16:22:52 | INFO     | src.gui.mixins.image_modules.char_utils | _load_project_characters:146 | 📖 已加载人物描述文件：projects\完整测试_20251026_184212_20251026_184212\characters\characters_info.json
2025-11-02 16:22:52 | INFO     | src.gui.mixins.image_modules.char_utils | _load_project_characters:147 | JSON内容类型：<class 'dict'>
2025-11-02 16:22:52 | INFO     | src.gui.mixins.image_modules.char_utils | _load_project_characters:148 | JSON内容长度：5
2025-11-02 16:22:52 | INFO     | src.gui.mixins.image_modules.char_utils | _load_project_characters:171 | 📋 使用扁平格式JSON
2025-11-02 16:22:52 | INFO     | src.gui.mixins.image_modules.char_utils | _load_project_characters:173 | 处理后的characters_info包含 5 个键
2025-11-02 16:22:52 | INFO     | src.gui.mixins.image_modules.char_utils | _load_project_characters:239 | ✅ 已加载 5 个人物（其中 0 个有照片），跳过 0 个无效项
2025-11-02 16:22:52 | INFO     | src.gui.mixins.image_modules.char_utils | _load_project_characters:243 | ✅ 已加载项目人物：['沈苒', '小远', '林舟', '陈明', '张大师']
2025-11-02 16:22:52 | INFO     | src.gui.mixins.image_modules.char_extract | _on_character_selected:248 | 选择人物：沈苒 (索引: 0)
2025-11-02 16:22:52 | INFO     | src.gui.mixins.image_modules.char_extract | _on_character_selected:249 | 人物描述长度：497 字符
2025-11-02 16:22:52 | INFO     | src.gui.mixins.image_modules.char_extract | _on_character_selected:262 | 已加载人物"沈苒"的描述
2025-11-02 16:22:52 | INFO     | src.gui.mixins.image_modules.char_utils | _load_project_characters:256 | 已更新人物列表框，当前显示 5 个人物
2025-11-02 16:22:52 | INFO     | src.gui.mixins.image_modules.char_utils | _load_project_characters:263 | === 人物数据加载完成 ===
2025-11-02 16:22:56 | INFO     | src.gui.mixins.image_modules.char_extract | _on_character_selected:248 | 选择人物：林舟 (索引: 2)
2025-11-02 16:22:56 | INFO     | src.gui.mixins.image_modules.char_extract | _on_character_selected:249 | 人物描述长度：0 字符
2025-11-02 16:22:56 | WARNING  | src.gui.mixins.image_modules.char_extract | _on_character_selected:269 | 人物"林舟"的描述为空，需要生成
2025-11-02 16:22:57 | INFO     | src.gui.mixins.image_modules.char_extract | _on_character_selected:248 | 选择人物：小远 (索引: 1)
2025-11-02 16:22:57 | INFO     | src.gui.mixins.image_modules.char_extract | _on_character_selected:249 | 人物描述长度：0 字符
2025-11-02 16:22:57 | WARNING  | src.gui.mixins.image_modules.char_extract | _on_character_selected:269 | 人物"小远"的描述为空，需要生成
2025-11-02 16:22:59 | INFO     | httpx | _send_single_request:1025 | HTTP Request: POST https://api.deepseek.com/v1/chat/completions "HTTP/1.1 200 OK"
2025-11-02 16:23:22 | INFO     | src.gui.mixins.image_modules.char_extract | _on_character_selected:248 | 选择人物：沈苒 (索引: 0)
2025-11-02 16:23:22 | INFO     | src.gui.mixins.image_modules.char_extract | _on_character_selected:249 | 人物描述长度：497 字符
2025-11-02 16:23:22 | INFO     | src.gui.mixins.image_modules.char_extract | _on_character_selected:262 | 已加载人物"沈苒"的描述
2025-11-02 16:23:25 | INFO     | src.gui.mixins.image_modules.handlers.character_photo_handler | handle_generate_photo:62 | 准备生成人物照片：沈苒
2025-11-02 16:23:25 | INFO     | src.gui.mixins.image_modules.handlers.character_photo_handler | handle_generate_photo:63 | 人物描述长度：497 字符
2025-11-02 16:23:25 | INFO     | src.gui.mixins.image_modules.handlers.character_photo_handler | handle_generate_photo:65 | 人物描述预览：沈苒是一位约三十岁左右的青年女性，面容清秀却带着长期焦虑留下的痕迹。她的脸型是柔和的鹅蛋脸，下巴微尖，皮肤因长期失眠显得有些苍白，眼下挂着淡淡的青灰色阴影。眉毛细长而自然，常常因忧虑而微蹙；眼睛较大，...
2025-11-02 16:23:25 | INFO     | src.gui.mixins.image_modules.handlers.character_photo_handler | generate_photo_thread:112 | [1/1] 正在生成：正面视图 + 中性表情
2025-11-02 16:23:25 | INFO     | src.gui.mixins.image_modules.handlers.character_photo_handler | generate_photo_thread:124 | [1/1] 人物：沈苒，描述长度：497
2025-11-02 16:23:25 | INFO     | src.gui.mixins.image_modules.handlers.character_photo_generator | generate_photo:68 | === 开始生成人物照片 ===
2025-11-02 16:23:25 | INFO     | src.gui.mixins.image_modules.handlers.character_photo_generator | generate_photo:69 | 人物名称：沈苒
2025-11-02 16:23:25 | INFO     | src.gui.mixins.image_modules.handlers.character_photo_generator | generate_photo:70 | 描述长度：497 字符
2025-11-02 16:23:25 | INFO     | src.gui.mixins.image_modules.handlers.character_photo_generator | generate_photo:72 | 描述预览：沈苒是一位约三十岁左右的青年女性，面容清秀却带着长期焦虑留下的痕迹。她的脸型是柔和的鹅蛋脸，下巴微尖，皮肤因长期失眠显得有些苍白，眼下挂着淡淡的青灰色阴影。眉毛细长而自然，常常因忧虑而微蹙；眼睛较大，本是明亮的杏眼，却因时常出神而显得雾气蒙蒙，瞳孔是深褐色的。鼻梁挺拔但线条柔和，嘴唇偏薄，唇色较浅，...
2025-11-02 16:23:25 | INFO     | src.gui.mixins.image_modules.handlers.character_photo_generator | generate_photo:80 | 图片API类型: sd
2025-11-02 16:23:25 | INFO     | src.gui.mixins.image_modules.handlers.character_photo_generator | _generate_with_sd:213 | 模式：txt2img（使用完整人物描述生成）
2025-11-02 16:23:25 | INFO     | src.gui.mixins.image_modules.handlers.character_photo_generator | _generate_with_sd:254 | SD标签式提示词 (正面+中性): pale skin, anxious, solo, single person only, one person, masterpiece, best quality, ultra detailed, 8k, 1girl, girl, female child, child, young girl, 10 years old, 10 year old girl, female, not male,...
2025-11-02 16:23:25 | INFO     | src.gui.mixins.image_modules.handlers.character_photo_generator | _generate_with_sd:285 | 使用 txt2img 模式（生成基准图）
2025-11-02 16:23:25 | INFO     | src.gui.mixins.image_modules.handlers.character_photo_generator | _generate_with_sd:288 | 固定 seed: 32858030
2025-11-02 16:23:37 | INFO     | src.gui.mixins.image_modules.handlers.character_photo_saver | auto_save_photo_with_name:113 | 准备保存到：projects\完整测试_20251026_184212_20251026_184212\characters\沈苒.png
2025-11-02 16:23:38 | INFO     | src.gui.mixins.image_modules.handlers.character_photo_saver | auto_save_photo_with_name:126 | 照片已保存: projects\完整测试_20251026_184212_20251026_184212\characters\沈苒.png (相对路径: characters\沈苒.png)
2025-11-02 16:23:38 | INFO     | src.gui.mixins.image_modules.handlers.character_photo_handler | generate_photo_thread:184 | ✅ [1/1] 正面+中性照片生成成功
2025-11-02 16:25:53 | INFO     | src.gui.mixins.image_modules.char_extract | _on_character_selected:248 | 选择人物：张大师 (索引: 4)
2025-11-02 16:25:53 | INFO     | src.gui.mixins.image_modules.char_extract | _on_character_selected:249 | 人物描述长度：0 字符
2025-11-02 16:25:53 | WARNING  | src.gui.mixins.image_modules.char_extract | _on_character_selected:269 | 人物"张大师"的描述为空，需要生成
2025-11-02 16:25:55 | INFO     | src.gui.mixins.image_modules.char_extract | _on_character_selected:248 | 选择人物：小远 (索引: 1)
2025-11-02 16:25:55 | INFO     | src.gui.mixins.image_modules.char_extract | _on_character_selected:249 | 人物描述长度：466 字符
2025-11-02 16:25:55 | INFO     | src.gui.mixins.image_modules.char_extract | _on_character_selected:262 | 已加载人物"小远"的描述
2025-11-02 16:25:57 | ERROR    | src.gui.mixins.image_modules.handlers.character_photo_preview | show_fullsize:107 | 图片文件不存在: projects\完整测试_20251026_184212_20251026_184212\projects\完整测试_20251026_184212_20251026_184212\characters\小远.png
2025-11-02 16:26:49 | ERROR    | src.gui.mixins.image_modules.handlers.character_photo_preview | show_fullsize:107 | 图片文件不存在: projects\完整测试_20251026_184212_20251026_184212\projects\完整测试_20251026_184212_20251026_184212\characters\小远.png
2025-11-02 16:28:01 | ERROR    | src.gui.mixins.image_modules.handlers.character_photo_preview | show_fullsize:107 | 图片文件不存在: projects\完整测试_20251026_184212_20251026_184212\projects\完整测试_20251026_184212_20251026_184212\characters\小远.png
2025-11-02 16:28:22 | INFO     | src.gui.mixins.image_modules.char_extract | _on_character_selected:248 | 选择人物：沈苒 (索引: 0)
2025-11-02 16:28:22 | INFO     | src.gui.mixins.image_modules.char_extract | _on_character_selected:249 | 人物描述长度：497 字符
2025-11-02 16:28:22 | INFO     | src.gui.mixins.image_modules.char_extract | _on_character_selected:262 | 已加载人物"沈苒"的描述
2025-11-02 16:28:25 | ERROR    | src.gui.mixins.image_modules.handlers.character_photo_preview | show_fullsize:107 | 图片文件不存在: projects\完整测试_20251026_184212_20251026_184212\projects\完整测试_20251026_184212_20251026_184212\characters\沈苒.png
2025-11-02 16:31:55 | ERROR    | src.gui.mixins.image_modules.handlers.character_photo_preview | show_fullsize:107 | 图片文件不存在: projects\完整测试_20251026_184212_20251026_184212\projects\完整测试_20251026_184212_20251026_184212\characters\沈苒.png
2025-11-02 16:32:00 | INFO     | src.core.logging_config | init_logging:134 | 日志系统初始化完成
2025-11-02 16:32:00 | INFO     | src.core.logging_config | init_logging:135 | 日志级别: INFO
2025-11-02 16:32:00 | INFO     | src.core.logging_config | init_logging:136 | 文件日志: 启用
2025-11-02 16:32:01 | INFO     | src.core.logging_config | main:34 | ============================================================
2025-11-02 16:32:01 | INFO     | src.core.logging_config | main:35 | 启动 AI Story Creator Pro
2025-11-02 16:32:01 | INFO     | src.core.logging_config | main:36 | 窗口尺寸: 1500x850
2025-11-02 16:32:01 | INFO     | src.core.logging_config | main:37 | 设计风格: 精致 · 简约 · 专业
2025-11-02 16:32:01 | INFO     | src.core.logging_config | main:38 | ============================================================
2025-11-02 16:32:02 | INFO     | src.gui.modern_app | __init__:92 | ✅ 自动保存功能已启用（每5分钟）
2025-11-02 16:32:02 | INFO     | src.gui.mixins.story_modules.input_cache | _bind_input_cache_events:174 | 输入自动保存已启用
2025-11-02 16:32:02 | INFO     | src.gui.mixins.story_modules.input_cache | _load_input_cache:66 | 已恢复上次输入内容
2025-11-02 16:32:02 | INFO     | src.gui.modern_app | _init_startup_state:143 | 启动状态初始化完成（无项目, 有缓存）
2025-11-02 16:32:08 | INFO     | src.gui.mixins.director_modules.director_mixin | _refresh_shot_combo:96 | 刷新下拉框成功，共 2 个分镜
2025-11-02 16:32:08 | INFO     | src.gui.mixins.director_modules.handlers.project_handler | load_director_data_from_project:118 | 已加载 2 个分镜
2025-11-02 16:32:08 | INFO     | src.gui.mixins.project_mixin | _on_load_project:217 | 使用增强加载功能成功加载项目
2025-11-02 16:32:08 | INFO     | src.gui.mixins.project_mixin | _on_load_project:226 | 后备：单独加载人物数据
2025-11-02 16:32:08 | INFO     | src.gui.mixins.image_modules.char_utils | _load_project_characters:112 | === 开始加载项目人物数据 ===
2025-11-02 16:32:08 | INFO     | src.gui.mixins.image_modules.char_utils | _load_project_characters:117 | 已清空人物列表（之前有 0 个人物）
2025-11-02 16:32:08 | INFO     | src.gui.mixins.image_modules.char_utils | _load_project_characters:127 | 项目路径：projects\完整测试_20251026_184212_20251026_184212
2025-11-02 16:32:08 | INFO     | src.gui.mixins.image_modules.char_utils | _load_project_characters:128 | 人物文件夹路径：projects\完整测试_20251026_184212_20251026_184212\characters
2025-11-02 16:32:08 | INFO     | src.gui.mixins.image_modules.char_utils | _load_project_characters:139 | 检查人物信息文件：projects\完整测试_20251026_184212_20251026_184212\characters\characters_info.json
2025-11-02 16:32:08 | INFO     | src.gui.mixins.image_modules.char_utils | _load_project_characters:140 | 文件是否存在：True
2025-11-02 16:32:08 | INFO     | src.gui.mixins.image_modules.char_utils | _load_project_characters:146 | 📖 已加载人物描述文件：projects\完整测试_20251026_184212_20251026_184212\characters\characters_info.json
2025-11-02 16:32:08 | INFO     | src.gui.mixins.image_modules.char_utils | _load_project_characters:147 | JSON内容类型：<class 'dict'>
2025-11-02 16:32:08 | INFO     | src.gui.mixins.image_modules.char_utils | _load_project_characters:148 | JSON内容长度：5
2025-11-02 16:32:08 | INFO     | src.gui.mixins.image_modules.char_utils | _load_project_characters:171 | 📋 使用扁平格式JSON
2025-11-02 16:32:08 | INFO     | src.gui.mixins.image_modules.char_utils | _load_project_characters:173 | 处理后的characters_info包含 5 个键
2025-11-02 16:32:08 | INFO     | src.gui.mixins.image_modules.char_utils | _load_project_characters:266 | ✅ 已加载 5 个人物（其中 0 个有照片），跳过 0 个无效项
2025-11-02 16:32:08 | INFO     | src.gui.mixins.image_modules.char_utils | _load_project_characters:270 | ✅ 已加载项目人物：['沈苒', '小远', '林舟', '陈明', '张大师']
2025-11-02 16:32:08 | INFO     | src.gui.mixins.image_modules.char_extract | _on_character_selected:248 | 选择人物：沈苒 (索引: 0)
2025-11-02 16:32:08 | INFO     | src.gui.mixins.image_modules.char_extract | _on_character_selected:249 | 人物描述长度：497 字符
2025-11-02 16:32:08 | INFO     | src.gui.mixins.image_modules.char_extract | _on_character_selected:262 | 已加载人物"沈苒"的描述
2025-11-02 16:32:08 | INFO     | src.gui.mixins.image_modules.char_utils | _load_project_characters:283 | 已更新人物列表框，当前显示 5 个人物
2025-11-02 16:32:08 | INFO     | src.gui.mixins.image_modules.char_utils | _load_project_characters:290 | === 人物数据加载完成 ===
2025-11-02 16:32:13 | INFO     | src.gui.mixins.image_modules.char_photo | _on_view_character_gallery:91 | 查找人物"沈苒"的照片：
2025-11-02 16:32:13 | INFO     | src.gui.mixins.image_modules.char_photo | _on_view_character_gallery:92 |   清理后的人物名：沈苒
2025-11-02 16:32:13 | INFO     | src.gui.mixins.image_modules.char_photo | _on_view_character_gallery:93 |   找到 1 张照片
2025-11-02 16:32:13 | INFO     | src.gui.mixins.image_modules.char_photo | _on_view_character_gallery:95 |   照片列表：['沈苒.png']
2025-11-02 16:33:21 | INFO     | src.gui.mixins.image_modules.handlers.character_photo_handler | handle_generate_photo:62 | 准备生成人物照片：沈苒
2025-11-02 16:33:21 | INFO     | src.gui.mixins.image_modules.handlers.character_photo_handler | handle_generate_photo:63 | 人物描述长度：497 字符
2025-11-02 16:33:21 | INFO     | src.gui.mixins.image_modules.handlers.character_photo_handler | handle_generate_photo:65 | 人物描述预览：沈苒是一位约三十岁左右的青年女性，面容清秀却带着长期焦虑留下的痕迹。她的脸型是柔和的鹅蛋脸，下巴微尖，皮肤因长期失眠显得有些苍白，眼下挂着淡淡的青灰色阴影。眉毛细长而自然，常常因忧虑而微蹙；眼睛较大，...
2025-11-02 16:33:21 | INFO     | src.gui.mixins.image_modules.handlers.character_photo_handler | generate_photo_thread:112 | [1/7] 正在生成：正面视图 + 中性表情
2025-11-02 16:33:21 | INFO     | src.gui.mixins.image_modules.handlers.character_photo_handler | generate_photo_thread:124 | [1/7] 人物：沈苒，描述长度：497
2025-11-02 16:33:21 | INFO     | src.gui.mixins.image_modules.handlers.character_photo_generator | generate_photo:68 | === 开始生成人物照片 ===
2025-11-02 16:33:21 | INFO     | src.gui.mixins.image_modules.handlers.character_photo_generator | generate_photo:69 | 人物名称：沈苒
2025-11-02 16:33:21 | INFO     | src.gui.mixins.image_modules.handlers.character_photo_generator | generate_photo:70 | 描述长度：497 字符
2025-11-02 16:33:21 | INFO     | src.gui.mixins.image_modules.handlers.character_photo_generator | generate_photo:72 | 描述预览：沈苒是一位约三十岁左右的青年女性，面容清秀却带着长期焦虑留下的痕迹。她的脸型是柔和的鹅蛋脸，下巴微尖，皮肤因长期失眠显得有些苍白，眼下挂着淡淡的青灰色阴影。眉毛细长而自然，常常因忧虑而微蹙；眼睛较大，本是明亮的杏眼，却因时常出神而显得雾气蒙蒙，瞳孔是深褐色的。鼻梁挺拔但线条柔和，嘴唇偏薄，唇色较浅，...
2025-11-02 16:33:21 | INFO     | src.gui.mixins.image_modules.handlers.character_photo_generator | generate_photo:80 | 图片API类型: sd
2025-11-02 16:33:21 | INFO     | src.gui.mixins.image_modules.handlers.character_photo_generator | _generate_with_sd:213 | 模式：txt2img（使用完整人物描述生成）
2025-11-02 16:33:21 | INFO     | src.gui.mixins.image_modules.handlers.character_photo_generator | _generate_with_sd:254 | SD标签式提示词 (正面+中性): pale skin, anxious, solo, single person only, one person, masterpiece, best quality, ultra detailed, 8k, 1girl, girl, female child, child, young girl, 10 years old, 10 year old girl, female, not male,...
2025-11-02 16:33:21 | INFO     | src.gui.mixins.image_modules.handlers.character_photo_generator | _generate_with_sd:292 | 使用 txt2img 模式（生成基准图）
2025-11-02 16:33:21 | INFO     | src.gui.mixins.image_modules.handlers.character_photo_generator | _generate_with_sd:295 | 固定 seed: 32858030
2025-11-02 16:33:34 | INFO     | src.gui.mixins.image_modules.handlers.character_photo_saver | auto_save_photo_with_name:113 | 准备保存到：projects\完整测试_20251026_184212_20251026_184212\characters\沈苒_中性.png
2025-11-02 16:33:35 | INFO     | src.gui.mixins.image_modules.handlers.character_photo_saver | auto_save_photo_with_name:126 | 照片已保存: projects\完整测试_20251026_184212_20251026_184212\characters\沈苒_中性.png (相对路径: characters\沈苒_中性.png)
2025-11-02 16:33:35 | INFO     | src.gui.mixins.image_modules.handlers.character_photo_handler | generate_photo_thread:184 | ✅ [1/7] 正面+中性照片生成成功
2025-11-02 16:33:35 | INFO     | src.gui.mixins.image_modules.handlers.character_photo_handler | generate_photo_thread:112 | [2/7] 正在生成：正面视图 + 开心表情
2025-11-02 16:33:35 | INFO     | src.gui.mixins.image_modules.handlers.character_photo_handler | generate_photo_thread:124 | [2/7] 人物：沈苒，描述长度：497
2025-11-02 16:33:35 | INFO     | src.gui.mixins.image_modules.handlers.character_photo_generator | generate_photo:68 | === 开始生成人物照片 ===
2025-11-02 16:33:35 | INFO     | src.gui.mixins.image_modules.handlers.character_photo_generator | generate_photo:69 | 人物名称：沈苒
2025-11-02 16:33:35 | INFO     | src.gui.mixins.image_modules.handlers.character_photo_generator | generate_photo:70 | 描述长度：497 字符
2025-11-02 16:33:35 | INFO     | src.gui.mixins.image_modules.handlers.character_photo_generator | generate_photo:72 | 描述预览：沈苒是一位约三十岁左右的青年女性，面容清秀却带着长期焦虑留下的痕迹。她的脸型是柔和的鹅蛋脸，下巴微尖，皮肤因长期失眠显得有些苍白，眼下挂着淡淡的青灰色阴影。眉毛细长而自然，常常因忧虑而微蹙；眼睛较大，本是明亮的杏眼，却因时常出神而显得雾气蒙蒙，瞳孔是深褐色的。鼻梁挺拔但线条柔和，嘴唇偏薄，唇色较浅，...
2025-11-02 16:33:35 | INFO     | src.gui.mixins.image_modules.handlers.character_photo_generator | generate_photo:80 | 图片API类型: sd
2025-11-02 16:33:35 | INFO     | src.gui.mixins.image_modules.handlers.character_photo_generator | _generate_with_sd:205 | 使用第一张图片作为参考（img2img模式，保持一致性）
2025-11-02 16:33:35 | INFO     | src.gui.mixins.image_modules.handlers.character_photo_generator | _generate_with_sd:211 | 模式：img2img（基于第一张图片，保持一致性）
2025-11-02 16:33:35 | INFO     | src.gui.mixins.image_modules.handlers.character_photo_generator | _generate_with_sd:254 | SD标签式提示词 (正面+开心): pale skin, anxious, solo, single person only, one person, masterpiece, best quality, ultra detailed, 8k, 1girl, girl, female child, child, young girl, 10 years old, 10 year old girl, female, not male,...
2025-11-02 16:33:35 | INFO     | src.gui.mixins.image_modules.handlers.character_photo_generator | _generate_with_sd:278 | 使用 img2img 模式（denoising_strength=0.4）
2025-11-02 16:33:46 | INFO     | src.gui.mixins.image_modules.handlers.character_photo_saver | auto_save_photo_with_name:113 | 准备保存到：projects\完整测试_20251026_184212_20251026_184212\characters\沈苒_开心.png
2025-11-02 16:33:47 | INFO     | src.gui.mixins.image_modules.handlers.character_photo_saver | auto_save_photo_with_name:126 | 照片已保存: projects\完整测试_20251026_184212_20251026_184212\characters\沈苒_开心.png (相对路径: characters\沈苒_开心.png)
2025-11-02 16:33:47 | INFO     | src.gui.mixins.image_modules.handlers.character_photo_handler | generate_photo_thread:184 | ✅ [2/7] 正面+开心照片生成成功
2025-11-02 16:33:47 | INFO     | src.gui.mixins.image_modules.handlers.character_photo_handler | generate_photo_thread:112 | [3/7] 正在生成：正面视图 + 难过表情
2025-11-02 16:33:47 | INFO     | src.gui.mixins.image_modules.handlers.character_photo_handler | generate_photo_thread:124 | [3/7] 人物：沈苒，描述长度：497
2025-11-02 16:33:47 | INFO     | src.gui.mixins.image_modules.handlers.character_photo_generator | generate_photo:68 | === 开始生成人物照片 ===
2025-11-02 16:33:47 | INFO     | src.gui.mixins.image_modules.handlers.character_photo_generator | generate_photo:69 | 人物名称：沈苒
2025-11-02 16:33:47 | INFO     | src.gui.mixins.image_modules.handlers.character_photo_generator | generate_photo:70 | 描述长度：497 字符
2025-11-02 16:33:47 | INFO     | src.gui.mixins.image_modules.handlers.character_photo_generator | generate_photo:72 | 描述预览：沈苒是一位约三十岁左右的青年女性，面容清秀却带着长期焦虑留下的痕迹。她的脸型是柔和的鹅蛋脸，下巴微尖，皮肤因长期失眠显得有些苍白，眼下挂着淡淡的青灰色阴影。眉毛细长而自然，常常因忧虑而微蹙；眼睛较大，本是明亮的杏眼，却因时常出神而显得雾气蒙蒙，瞳孔是深褐色的。鼻梁挺拔但线条柔和，嘴唇偏薄，唇色较浅，...
2025-11-02 16:33:47 | INFO     | src.gui.mixins.image_modules.handlers.character_photo_generator | generate_photo:80 | 图片API类型: sd
2025-11-02 16:33:47 | INFO     | src.gui.mixins.image_modules.handlers.character_photo_generator | _generate_with_sd:205 | 使用第一张图片作为参考（img2img模式，保持一致性）
2025-11-02 16:33:47 | INFO     | src.gui.mixins.image_modules.handlers.character_photo_generator | _generate_with_sd:211 | 模式：img2img（基于第一张图片，保持一致性）
2025-11-02 16:33:47 | INFO     | src.gui.mixins.image_modules.handlers.character_photo_generator | _generate_with_sd:254 | SD标签式提示词 (正面+难过): pale skin, anxious, solo, single person only, one person, masterpiece, best quality, ultra detailed, 8k, 1girl, girl, female child, child, young girl, 10 years old, 10 year old girl, female, not male,...
2025-11-02 16:33:47 | INFO     | src.gui.mixins.image_modules.handlers.character_photo_generator | _generate_with_sd:278 | 使用 img2img 模式（denoising_strength=0.4）
2025-11-02 16:33:56 | INFO     | src.gui.mixins.image_modules.char_photo | _on_view_character_gallery:91 | 查找人物"沈苒"的照片：
2025-11-02 16:33:56 | INFO     | src.gui.mixins.image_modules.char_photo | _on_view_character_gallery:92 |   清理后的人物名：沈苒
2025-11-02 16:33:56 | INFO     | src.gui.mixins.image_modules.char_photo | _on_view_character_gallery:93 |   找到 3 张照片
2025-11-02 16:33:56 | INFO     | src.gui.mixins.image_modules.char_photo | _on_view_character_gallery:95 |   照片列表：['沈苒.png', '沈苒_中性.png', '沈苒_开心.png']
2025-11-02 16:33:56 | INFO     | src.gui.mixins.image_modules.handlers.character_photo_saver | auto_save_photo_with_name:113 | 准备保存到：projects\完整测试_20251026_184212_20251026_184212\characters\沈苒_难过.png
2025-11-02 16:33:57 | INFO     | src.gui.mixins.image_modules.handlers.character_photo_saver | auto_save_photo_with_name:126 | 照片已保存: projects\完整测试_20251026_184212_20251026_184212\characters\沈苒_难过.png (相对路径: characters\沈苒_难过.png)
2025-11-02 16:33:57 | INFO     | src.gui.mixins.image_modules.handlers.character_photo_handler | generate_photo_thread:184 | ✅ [3/7] 正面+难过照片生成成功
2025-11-02 16:33:57 | INFO     | src.gui.mixins.image_modules.handlers.character_photo_handler | generate_photo_thread:112 | [4/7] 正在生成：正面视图 + 愤怒表情
2025-11-02 16:33:57 | INFO     | src.gui.mixins.image_modules.handlers.character_photo_handler | generate_photo_thread:124 | [4/7] 人物：沈苒，描述长度：497
2025-11-02 16:33:57 | INFO     | src.gui.mixins.image_modules.handlers.character_photo_generator | generate_photo:68 | === 开始生成人物照片 ===
2025-11-02 16:33:57 | INFO     | src.gui.mixins.image_modules.handlers.character_photo_generator | generate_photo:69 | 人物名称：沈苒
2025-11-02 16:33:57 | INFO     | src.gui.mixins.image_modules.handlers.character_photo_generator | generate_photo:70 | 描述长度：497 字符
2025-11-02 16:33:57 | INFO     | src.gui.mixins.image_modules.handlers.character_photo_generator | generate_photo:72 | 描述预览：沈苒是一位约三十岁左右的青年女性，面容清秀却带着长期焦虑留下的痕迹。她的脸型是柔和的鹅蛋脸，下巴微尖，皮肤因长期失眠显得有些苍白，眼下挂着淡淡的青灰色阴影。眉毛细长而自然，常常因忧虑而微蹙；眼睛较大，本是明亮的杏眼，却因时常出神而显得雾气蒙蒙，瞳孔是深褐色的。鼻梁挺拔但线条柔和，嘴唇偏薄，唇色较浅，...
2025-11-02 16:33:57 | INFO     | src.gui.mixins.image_modules.handlers.character_photo_generator | generate_photo:80 | 图片API类型: sd
2025-11-02 16:33:57 | INFO     | src.gui.mixins.image_modules.handlers.character_photo_generator | _generate_with_sd:205 | 使用第一张图片作为参考（img2img模式，保持一致性）
2025-11-02 16:33:57 | INFO     | src.gui.mixins.image_modules.handlers.character_photo_generator | _generate_with_sd:211 | 模式：img2img（基于第一张图片，保持一致性）
2025-11-02 16:33:57 | INFO     | src.gui.mixins.image_modules.handlers.character_photo_generator | _generate_with_sd:254 | SD标签式提示词 (正面+愤怒): pale skin, anxious, solo, single person only, one person, masterpiece, best quality, ultra detailed, 8k, 1girl, girl, female child, child, young girl, 10 years old, 10 year old girl, female, not male,...
2025-11-02 16:33:57 | INFO     | src.gui.mixins.image_modules.handlers.character_photo_generator | _generate_with_sd:278 | 使用 img2img 模式（denoising_strength=0.4）
2025-11-02 16:34:06 | INFO     | src.gui.mixins.image_modules.handlers.character_photo_saver | auto_save_photo_with_name:113 | 准备保存到：projects\完整测试_20251026_184212_20251026_184212\characters\沈苒_愤怒.png
2025-11-02 16:34:06 | INFO     | src.gui.mixins.image_modules.handlers.character_photo_saver | auto_save_photo_with_name:126 | 照片已保存: projects\完整测试_20251026_184212_20251026_184212\characters\沈苒_愤怒.png (相对路径: characters\沈苒_愤怒.png)
2025-11-02 16:34:06 | INFO     | src.gui.mixins.image_modules.handlers.character_photo_handler | generate_photo_thread:184 | ✅ [4/7] 正面+愤怒照片生成成功
2025-11-02 16:34:06 | INFO     | src.gui.mixins.image_modules.handlers.character_photo_handler | generate_photo_thread:112 | [5/7] 正在生成：正面视图 + 惊讶表情
2025-11-02 16:34:06 | INFO     | src.gui.mixins.image_modules.handlers.character_photo_handler | generate_photo_thread:124 | [5/7] 人物：沈苒，描述长度：497
2025-11-02 16:34:06 | INFO     | src.gui.mixins.image_modules.handlers.character_photo_generator | generate_photo:68 | === 开始生成人物照片 ===
2025-11-02 16:34:06 | INFO     | src.gui.mixins.image_modules.handlers.character_photo_generator | generate_photo:69 | 人物名称：沈苒
2025-11-02 16:34:06 | INFO     | src.gui.mixins.image_modules.handlers.character_photo_generator | generate_photo:70 | 描述长度：497 字符
2025-11-02 16:34:06 | INFO     | src.gui.mixins.image_modules.handlers.character_photo_generator | generate_photo:72 | 描述预览：沈苒是一位约三十岁左右的青年女性，面容清秀却带着长期焦虑留下的痕迹。她的脸型是柔和的鹅蛋脸，下巴微尖，皮肤因长期失眠显得有些苍白，眼下挂着淡淡的青灰色阴影。眉毛细长而自然，常常因忧虑而微蹙；眼睛较大，本是明亮的杏眼，却因时常出神而显得雾气蒙蒙，瞳孔是深褐色的。鼻梁挺拔但线条柔和，嘴唇偏薄，唇色较浅，...
2025-11-02 16:34:06 | INFO     | src.gui.mixins.image_modules.handlers.character_photo_generator | generate_photo:80 | 图片API类型: sd
2025-11-02 16:34:06 | INFO     | src.gui.mixins.image_modules.handlers.character_photo_generator | _generate_with_sd:205 | 使用第一张图片作为参考（img2img模式，保持一致性）
2025-11-02 16:34:06 | INFO     | src.gui.mixins.image_modules.handlers.character_photo_generator | _generate_with_sd:211 | 模式：img2img（基于第一张图片，保持一致性）
2025-11-02 16:34:06 | INFO     | src.gui.mixins.image_modules.handlers.character_photo_generator | _generate_with_sd:254 | SD标签式提示词 (正面+惊讶): pale skin, anxious, solo, single person only, one person, masterpiece, best quality, ultra detailed, 8k, 1girl, girl, female child, child, young girl, 10 years old, 10 year old girl, female, not male,...
2025-11-02 16:34:06 | INFO     | src.gui.mixins.image_modules.handlers.character_photo_generator | _generate_with_sd:278 | 使用 img2img 模式（denoising_strength=0.4）
2025-11-02 16:34:15 | INFO     | src.gui.mixins.image_modules.handlers.character_photo_saver | auto_save_photo_with_name:113 | 准备保存到：projects\完整测试_20251026_184212_20251026_184212\characters\沈苒_惊讶.png
2025-11-02 16:34:16 | INFO     | src.gui.mixins.image_modules.handlers.character_photo_saver | auto_save_photo_with_name:126 | 照片已保存: projects\完整测试_20251026_184212_20251026_184212\characters\沈苒_惊讶.png (相对路径: characters\沈苒_惊讶.png)
2025-11-02 16:34:16 | INFO     | src.gui.mixins.image_modules.handlers.character_photo_handler | generate_photo_thread:184 | ✅ [5/7] 正面+惊讶照片生成成功
2025-11-02 16:34:16 | INFO     | src.gui.mixins.image_modules.handlers.character_photo_handler | generate_photo_thread:112 | [6/7] 正在生成：正面视图 + 害怕表情
2025-11-02 16:34:16 | INFO     | src.gui.mixins.image_modules.handlers.character_photo_handler | generate_photo_thread:124 | [6/7] 人物：沈苒，描述长度：497
2025-11-02 16:34:16 | INFO     | src.gui.mixins.image_modules.handlers.character_photo_generator | generate_photo:68 | === 开始生成人物照片 ===
2025-11-02 16:34:16 | INFO     | src.gui.mixins.image_modules.handlers.character_photo_generator | generate_photo:69 | 人物名称：沈苒
2025-11-02 16:34:16 | INFO     | src.gui.mixins.image_modules.handlers.character_photo_generator | generate_photo:70 | 描述长度：497 字符
2025-11-02 16:34:16 | INFO     | src.gui.mixins.image_modules.handlers.character_photo_generator | generate_photo:72 | 描述预览：沈苒是一位约三十岁左右的青年女性，面容清秀却带着长期焦虑留下的痕迹。她的脸型是柔和的鹅蛋脸，下巴微尖，皮肤因长期失眠显得有些苍白，眼下挂着淡淡的青灰色阴影。眉毛细长而自然，常常因忧虑而微蹙；眼睛较大，本是明亮的杏眼，却因时常出神而显得雾气蒙蒙，瞳孔是深褐色的。鼻梁挺拔但线条柔和，嘴唇偏薄，唇色较浅，...
2025-11-02 16:34:16 | INFO     | src.gui.mixins.image_modules.handlers.character_photo_generator | generate_photo:80 | 图片API类型: sd
2025-11-02 16:34:16 | INFO     | src.gui.mixins.image_modules.handlers.character_photo_generator | _generate_with_sd:205 | 使用第一张图片作为参考（img2img模式，保持一致性）
2025-11-02 16:34:16 | INFO     | src.gui.mixins.image_modules.handlers.character_photo_generator | _generate_with_sd:211 | 模式：img2img（基于第一张图片，保持一致性）
2025-11-02 16:34:16 | INFO     | src.gui.mixins.image_modules.handlers.character_photo_generator | _generate_with_sd:254 | SD标签式提示词 (正面+害怕): pale skin, anxious, solo, single person only, one person, masterpiece, best quality, ultra detailed, 8k, 1girl, girl, female child, child, young girl, 10 years old, 10 year old girl, female, not male,...
2025-11-02 16:34:16 | INFO     | src.gui.mixins.image_modules.handlers.character_photo_generator | _generate_with_sd:278 | 使用 img2img 模式（denoising_strength=0.4）
2025-11-02 16:34:24 | INFO     | src.gui.mixins.image_modules.char_photo | _on_view_character_gallery:91 | 查找人物"沈苒"的照片：
2025-11-02 16:34:24 | INFO     | src.gui.mixins.image_modules.char_photo | _on_view_character_gallery:92 |   清理后的人物名：沈苒
2025-11-02 16:34:24 | INFO     | src.gui.mixins.image_modules.char_photo | _on_view_character_gallery:93 |   找到 6 张照片
2025-11-02 16:34:24 | INFO     | src.gui.mixins.image_modules.char_photo | _on_view_character_gallery:95 |   照片列表：['沈苒.png', '沈苒_中性.png', '沈苒_开心.png', '沈苒_惊讶.png', '沈苒_愤怒.png']
2025-11-02 16:34:25 | INFO     | src.gui.mixins.image_modules.handlers.character_photo_saver | auto_save_photo_with_name:113 | 准备保存到：projects\完整测试_20251026_184212_20251026_184212\characters\沈苒_害怕.png
2025-11-02 16:34:25 | INFO     | src.gui.mixins.image_modules.handlers.character_photo_saver | auto_save_photo_with_name:126 | 照片已保存: projects\完整测试_20251026_184212_20251026_184212\characters\沈苒_害怕.png (相对路径: characters\沈苒_害怕.png)
2025-11-02 16:34:25 | INFO     | src.gui.mixins.image_modules.handlers.character_photo_handler | generate_photo_thread:184 | ✅ [6/7] 正面+害怕照片生成成功
2025-11-02 16:34:25 | INFO     | src.gui.mixins.image_modules.handlers.character_photo_handler | generate_photo_thread:112 | [7/7] 正在生成：正面视图 + 微笑表情
2025-11-02 16:34:25 | INFO     | src.gui.mixins.image_modules.handlers.character_photo_handler | generate_photo_thread:124 | [7/7] 人物：沈苒，描述长度：497
2025-11-02 16:34:25 | INFO     | src.gui.mixins.image_modules.handlers.character_photo_generator | generate_photo:68 | === 开始生成人物照片 ===
2025-11-02 16:34:25 | INFO     | src.gui.mixins.image_modules.handlers.character_photo_generator | generate_photo:69 | 人物名称：沈苒
2025-11-02 16:34:25 | INFO     | src.gui.mixins.image_modules.handlers.character_photo_generator | generate_photo:70 | 描述长度：497 字符
2025-11-02 16:34:25 | INFO     | src.gui.mixins.image_modules.handlers.character_photo_generator | generate_photo:72 | 描述预览：沈苒是一位约三十岁左右的青年女性，面容清秀却带着长期焦虑留下的痕迹。她的脸型是柔和的鹅蛋脸，下巴微尖，皮肤因长期失眠显得有些苍白，眼下挂着淡淡的青灰色阴影。眉毛细长而自然，常常因忧虑而微蹙；眼睛较大，本是明亮的杏眼，却因时常出神而显得雾气蒙蒙，瞳孔是深褐色的。鼻梁挺拔但线条柔和，嘴唇偏薄，唇色较浅，...
2025-11-02 16:34:25 | INFO     | src.gui.mixins.image_modules.handlers.character_photo_generator | generate_photo:80 | 图片API类型: sd
2025-11-02 16:34:25 | INFO     | src.gui.mixins.image_modules.handlers.character_photo_generator | _generate_with_sd:205 | 使用第一张图片作为参考（img2img模式，保持一致性）
2025-11-02 16:34:25 | INFO     | src.gui.mixins.image_modules.handlers.character_photo_generator | _generate_with_sd:211 | 模式：img2img（基于第一张图片，保持一致性）
2025-11-02 16:34:25 | INFO     | src.gui.mixins.image_modules.handlers.character_photo_generator | _generate_with_sd:254 | SD标签式提示词 (正面+微笑): pale skin, anxious, solo, single person only, one person, masterpiece, best quality, ultra detailed, 8k, 1girl, girl, female child, child, young girl, 10 years old, 10 year old girl, female, not male,...
2025-11-02 16:34:25 | INFO     | src.gui.mixins.image_modules.handlers.character_photo_generator | _generate_with_sd:278 | 使用 img2img 模式（denoising_strength=0.4）
2025-11-02 16:34:34 | INFO     | src.gui.mixins.image_modules.handlers.character_photo_saver | auto_save_photo_with_name:113 | 准备保存到：projects\完整测试_20251026_184212_20251026_184212\characters\沈苒_微笑.png
2025-11-02 16:34:35 | INFO     | src.gui.mixins.image_modules.handlers.character_photo_saver | auto_save_photo_with_name:126 | 照片已保存: projects\完整测试_20251026_184212_20251026_184212\characters\沈苒_微笑.png (相对路径: characters\沈苒_微笑.png)
2025-11-02 16:34:35 | INFO     | src.gui.mixins.image_modules.handlers.character_photo_handler | generate_photo_thread:184 | ✅ [7/7] 正面+微笑照片生成成功
2025-11-02 16:38:47 | INFO     | src.core.logging_config | init_logging:134 | 日志系统初始化完成
2025-11-02 16:38:47 | INFO     | src.core.logging_config | init_logging:135 | 日志级别: INFO
2025-11-02 16:38:47 | INFO     | src.core.logging_config | init_logging:136 | 文件日志: 启用
2025-11-02 16:38:48 | INFO     | src.core.logging_config | main:34 | ============================================================
2025-11-02 16:38:48 | INFO     | src.core.logging_config | main:35 | 启动 AI Story Creator Pro
2025-11-02 16:38:48 | INFO     | src.core.logging_config | main:36 | 窗口尺寸: 1500x850
2025-11-02 16:38:48 | INFO     | src.core.logging_config | main:37 | 设计风格: 精致 · 简约 · 专业
2025-11-02 16:38:48 | INFO     | src.core.logging_config | main:38 | ============================================================
2025-11-02 16:38:49 | INFO     | src.gui.modern_app | __init__:92 | ✅ 自动保存功能已启用（每5分钟）
2025-11-02 16:38:49 | INFO     | src.gui.mixins.story_modules.input_cache | _bind_input_cache_events:174 | 输入自动保存已启用
2025-11-02 16:38:49 | INFO     | src.gui.mixins.story_modules.input_cache | _load_input_cache:66 | 已恢复上次输入内容
2025-11-02 16:38:49 | INFO     | src.gui.modern_app | _init_startup_state:143 | 启动状态初始化完成（无项目, 有缓存）
2025-11-02 16:38:52 | INFO     | src.gui.mixins.director_modules.director_mixin | _refresh_shot_combo:96 | 刷新下拉框成功，共 2 个分镜
2025-11-02 16:38:52 | INFO     | src.gui.mixins.director_modules.handlers.project_handler | load_director_data_from_project:118 | 已加载 2 个分镜
2025-11-02 16:38:52 | INFO     | src.gui.mixins.project_mixin | _on_load_project:217 | 使用增强加载功能成功加载项目
2025-11-02 16:38:52 | INFO     | src.gui.mixins.project_mixin | _on_load_project:226 | 后备：单独加载人物数据
2025-11-02 16:38:52 | INFO     | src.gui.mixins.image_modules.char_utils | _load_project_characters:112 | === 开始加载项目人物数据 ===
2025-11-02 16:38:52 | INFO     | src.gui.mixins.image_modules.char_utils | _load_project_characters:117 | 已清空人物列表（之前有 0 个人物）
2025-11-02 16:38:52 | INFO     | src.gui.mixins.image_modules.char_utils | _load_project_characters:127 | 项目路径：projects\完整测试_20251026_184212_20251026_184212
2025-11-02 16:38:52 | INFO     | src.gui.mixins.image_modules.char_utils | _load_project_characters:128 | 人物文件夹路径：projects\完整测试_20251026_184212_20251026_184212\characters
2025-11-02 16:38:52 | INFO     | src.gui.mixins.image_modules.char_utils | _load_project_characters:139 | 检查人物信息文件：projects\完整测试_20251026_184212_20251026_184212\characters\characters_info.json
2025-11-02 16:38:52 | INFO     | src.gui.mixins.image_modules.char_utils | _load_project_characters:140 | 文件是否存在：True
2025-11-02 16:38:52 | INFO     | src.gui.mixins.image_modules.char_utils | _load_project_characters:146 | 📖 已加载人物描述文件：projects\完整测试_20251026_184212_20251026_184212\characters\characters_info.json
2025-11-02 16:38:52 | INFO     | src.gui.mixins.image_modules.char_utils | _load_project_characters:147 | JSON内容类型：<class 'dict'>
2025-11-02 16:38:52 | INFO     | src.gui.mixins.image_modules.char_utils | _load_project_characters:148 | JSON内容长度：5
2025-11-02 16:38:52 | INFO     | src.gui.mixins.image_modules.char_utils | _load_project_characters:171 | 📋 使用扁平格式JSON
2025-11-02 16:38:52 | INFO     | src.gui.mixins.image_modules.char_utils | _load_project_characters:173 | 处理后的characters_info包含 5 个键
2025-11-02 16:38:52 | INFO     | src.gui.mixins.image_modules.char_utils | _load_project_characters:266 | ✅ 已加载 5 个人物（其中 0 个有照片），跳过 0 个无效项
2025-11-02 16:38:52 | INFO     | src.gui.mixins.image_modules.char_utils | _load_project_characters:270 | ✅ 已加载项目人物：['沈苒', '小远', '林舟', '陈明', '张大师']
2025-11-02 16:38:52 | INFO     | src.gui.mixins.image_modules.char_extract | _on_character_selected:248 | 选择人物：沈苒 (索引: 0)
2025-11-02 16:38:52 | INFO     | src.gui.mixins.image_modules.char_extract | _on_character_selected:249 | 人物描述长度：497 字符
2025-11-02 16:38:52 | INFO     | src.gui.mixins.image_modules.char_extract | _on_character_selected:262 | 已加载人物"沈苒"的描述
2025-11-02 16:38:52 | INFO     | src.gui.mixins.image_modules.char_utils | _load_project_characters:283 | 已更新人物列表框，当前显示 5 个人物
2025-11-02 16:38:52 | INFO     | src.gui.mixins.image_modules.char_utils | _load_project_characters:290 | === 人物数据加载完成 ===
2025-11-02 16:38:59 | INFO     | src.gui.mixins.image_modules.char_photo | _on_view_character_gallery:91 | 查找人物"沈苒"的照片：
2025-11-02 16:38:59 | INFO     | src.gui.mixins.image_modules.char_photo | _on_view_character_gallery:92 |   清理后的人物名：沈苒
2025-11-02 16:38:59 | INFO     | src.gui.mixins.image_modules.char_photo | _on_view_character_gallery:93 |   找到 8 张照片
2025-11-02 16:38:59 | INFO     | src.gui.mixins.image_modules.char_photo | _on_view_character_gallery:95 |   照片列表：['沈苒.png', '沈苒_中性.png', '沈苒_害怕.png', '沈苒_开心.png', '沈苒_微笑.png']
2025-11-02 16:39:02 | INFO     | src.gui.mixins.image_modules.char_photo | delete_image:194 | 已删除图片: projects\完整测试_20251026_184212_20251026_184212\characters\沈苒_难过.png
2025-11-02 16:39:03 | INFO     | src.gui.mixins.image_modules.char_photo | _on_view_character_gallery:91 | 查找人物"沈苒"的照片：
2025-11-02 16:39:03 | INFO     | src.gui.mixins.image_modules.char_photo | _on_view_character_gallery:92 |   清理后的人物名：沈苒
2025-11-02 16:39:03 | INFO     | src.gui.mixins.image_modules.char_photo | _on_view_character_gallery:93 |   找到 7 张照片
2025-11-02 16:39:03 | INFO     | src.gui.mixins.image_modules.char_photo | _on_view_character_gallery:95 |   照片列表：['沈苒.png', '沈苒_中性.png', '沈苒_害怕.png', '沈苒_开心.png', '沈苒_微笑.png']
2025-11-02 16:39:04 | INFO     | src.gui.mixins.image_modules.char_photo | delete_image:194 | 已删除图片: projects\完整测试_20251026_184212_20251026_184212\characters\沈苒_愤怒.png
2025-11-02 16:39:15 | INFO     | src.gui.mixins.image_modules.char_photo | _on_view_character_gallery:91 | 查找人物"沈苒"的照片：
2025-11-02 16:39:15 | INFO     | src.gui.mixins.image_modules.char_photo | _on_view_character_gallery:92 |   清理后的人物名：沈苒
2025-11-02 16:39:15 | INFO     | src.gui.mixins.image_modules.char_photo | _on_view_character_gallery:93 |   找到 6 张照片
2025-11-02 16:39:15 | INFO     | src.gui.mixins.image_modules.char_photo | _on_view_character_gallery:95 |   照片列表：['沈苒.png', '沈苒_中性.png', '沈苒_害怕.png', '沈苒_开心.png', '沈苒_微笑.png']
2025-11-02 16:39:17 | INFO     | src.gui.mixins.image_modules.char_photo | delete_image:194 | 已删除图片: projects\完整测试_20251026_184212_20251026_184212\characters\沈苒_惊讶.png
2025-11-02 16:39:18 | INFO     | src.gui.mixins.image_modules.char_photo | _on_view_character_gallery:91 | 查找人物"沈苒"的照片：
2025-11-02 16:39:18 | INFO     | src.gui.mixins.image_modules.char_photo | _on_view_character_gallery:92 |   清理后的人物名：沈苒
2025-11-02 16:39:18 | INFO     | src.gui.mixins.image_modules.char_photo | _on_view_character_gallery:93 |   找到 5 张照片
2025-11-02 16:39:18 | INFO     | src.gui.mixins.image_modules.char_photo | _on_view_character_gallery:95 |   照片列表：['沈苒.png', '沈苒_中性.png', '沈苒_害怕.png', '沈苒_开心.png', '沈苒_微笑.png']
2025-11-02 16:39:20 | INFO     | src.gui.mixins.image_modules.char_photo | delete_image:194 | 已删除图片: projects\完整测试_20251026_184212_20251026_184212\characters\沈苒_微笑.png
2025-11-02 16:39:20 | INFO     | src.gui.mixins.image_modules.char_photo | _on_view_character_gallery:91 | 查找人物"沈苒"的照片：
2025-11-02 16:39:20 | INFO     | src.gui.mixins.image_modules.char_photo | _on_view_character_gallery:92 |   清理后的人物名：沈苒
2025-11-02 16:39:20 | INFO     | src.gui.mixins.image_modules.char_photo | _on_view_character_gallery:93 |   找到 4 张照片
2025-11-02 16:39:20 | INFO     | src.gui.mixins.image_modules.char_photo | _on_view_character_gallery:95 |   照片列表：['沈苒.png', '沈苒_中性.png', '沈苒_害怕.png', '沈苒_开心.png']
2025-11-02 16:39:23 | INFO     | src.gui.mixins.image_modules.char_photo | delete_image:194 | 已删除图片: projects\完整测试_20251026_184212_20251026_184212\characters\沈苒_开心.png
2025-11-02 16:39:34 | INFO     | src.gui.mixins.image_modules.char_photo | _on_view_character_gallery:91 | 查找人物"沈苒"的照片：
2025-11-02 16:39:34 | INFO     | src.gui.mixins.image_modules.char_photo | _on_view_character_gallery:92 |   清理后的人物名：沈苒
2025-11-02 16:39:34 | INFO     | src.gui.mixins.image_modules.char_photo | _on_view_character_gallery:93 |   找到 3 张照片
2025-11-02 16:39:34 | INFO     | src.gui.mixins.image_modules.char_photo | _on_view_character_gallery:95 |   照片列表：['沈苒.png', '沈苒_中性.png', '沈苒_害怕.png']
2025-11-02 16:39:35 | INFO     | src.gui.mixins.image_modules.char_photo | delete_image:194 | 已删除图片: projects\完整测试_20251026_184212_20251026_184212\characters\沈苒_害怕.png
2025-11-02 16:39:39 | INFO     | src.gui.mixins.image_modules.char_photo | delete_image:194 | 已删除图片: projects\完整测试_20251026_184212_20251026_184212\characters\沈苒_中性.png
2025-11-02 16:39:45 | INFO     | src.gui.mixins.image_modules.handlers.character_photo_handler | handle_generate_photo:62 | 准备生成人物照片：沈苒
2025-11-02 16:39:45 | INFO     | src.gui.mixins.image_modules.handlers.character_photo_handler | handle_generate_photo:63 | 人物描述长度：497 字符
2025-11-02 16:39:45 | INFO     | src.gui.mixins.image_modules.handlers.character_photo_handler | handle_generate_photo:65 | 人物描述预览：沈苒是一位约三十岁左右的青年女性，面容清秀却带着长期焦虑留下的痕迹。她的脸型是柔和的鹅蛋脸，下巴微尖，皮肤因长期失眠显得有些苍白，眼下挂着淡淡的青灰色阴影。眉毛细长而自然，常常因忧虑而微蹙；眼睛较大，...
2025-11-02 16:39:45 | INFO     | src.gui.mixins.image_modules.handlers.character_photo_handler | generate_photo_thread:112 | [1/7] 正在生成：正面视图 + 中性表情
2025-11-02 16:39:45 | INFO     | src.gui.mixins.image_modules.handlers.character_photo_handler | generate_photo_thread:124 | [1/7] 人物：沈苒，描述长度：497
2025-11-02 16:39:45 | INFO     | src.gui.mixins.image_modules.handlers.character_photo_generator | generate_photo:68 | === 开始生成人物照片 ===
2025-11-02 16:39:45 | INFO     | src.gui.mixins.image_modules.handlers.character_photo_generator | generate_photo:69 | 人物名称：沈苒
2025-11-02 16:39:45 | INFO     | src.gui.mixins.image_modules.handlers.character_photo_generator | generate_photo:70 | 描述长度：497 字符
2025-11-02 16:39:45 | INFO     | src.gui.mixins.image_modules.handlers.character_photo_generator | generate_photo:72 | 描述预览：沈苒是一位约三十岁左右的青年女性，面容清秀却带着长期焦虑留下的痕迹。她的脸型是柔和的鹅蛋脸，下巴微尖，皮肤因长期失眠显得有些苍白，眼下挂着淡淡的青灰色阴影。眉毛细长而自然，常常因忧虑而微蹙；眼睛较大，本是明亮的杏眼，却因时常出神而显得雾气蒙蒙，瞳孔是深褐色的。鼻梁挺拔但线条柔和，嘴唇偏薄，唇色较浅，...
2025-11-02 16:39:45 | INFO     | src.gui.mixins.image_modules.handlers.character_photo_generator | generate_photo:80 | 图片API类型: sd
2025-11-02 16:39:45 | INFO     | src.gui.mixins.image_modules.handlers.character_photo_generator | _generate_with_sd:213 | 模式：txt2img（使用完整人物描述生成）
2025-11-02 16:39:45 | INFO     | src.gui.mixins.image_modules.handlers.character_photo_generator | _generate_with_sd:254 | SD标签式提示词 (正面+中性): pale skin, anxious, solo, single person only, one person, alone, by oneself, no other people, no other person, just one person, only one person, masterpiece, best quality, ultra detailed, 8k, 1girl, g...
2025-11-02 16:39:45 | INFO     | src.gui.mixins.image_modules.handlers.character_photo_generator | _generate_with_sd:302 | 使用 txt2img 模式（生成基准图）
2025-11-02 16:39:45 | INFO     | src.gui.mixins.image_modules.handlers.character_photo_generator | _generate_with_sd:305 | 固定 seed: 32858030
2025-11-02 16:39:59 | INFO     | src.gui.mixins.image_modules.handlers.character_photo_saver | auto_save_photo_with_name:113 | 准备保存到：projects\完整测试_20251026_184212_20251026_184212\characters\沈苒_中性.png
2025-11-02 16:40:00 | INFO     | src.gui.mixins.image_modules.handlers.character_photo_saver | auto_save_photo_with_name:126 | 照片已保存: projects\完整测试_20251026_184212_20251026_184212\characters\沈苒_中性.png (相对路径: characters\沈苒_中性.png)
2025-11-02 16:40:00 | INFO     | src.gui.mixins.image_modules.handlers.character_photo_handler | generate_photo_thread:184 | ✅ [1/7] 正面+中性照片生成成功
2025-11-02 16:40:00 | INFO     | src.gui.mixins.image_modules.handlers.character_photo_handler | generate_photo_thread:112 | [2/7] 正在生成：正面视图 + 开心表情
2025-11-02 16:40:00 | INFO     | src.gui.mixins.image_modules.handlers.character_photo_handler | generate_photo_thread:124 | [2/7] 人物：沈苒，描述长度：497
2025-11-02 16:40:00 | INFO     | src.gui.mixins.image_modules.handlers.character_photo_generator | generate_photo:68 | === 开始生成人物照片 ===
2025-11-02 16:40:00 | INFO     | src.gui.mixins.image_modules.handlers.character_photo_generator | generate_photo:69 | 人物名称：沈苒
2025-11-02 16:40:00 | INFO     | src.gui.mixins.image_modules.handlers.character_photo_generator | generate_photo:70 | 描述长度：497 字符
2025-11-02 16:40:00 | INFO     | src.gui.mixins.image_modules.handlers.character_photo_generator | generate_photo:72 | 描述预览：沈苒是一位约三十岁左右的青年女性，面容清秀却带着长期焦虑留下的痕迹。她的脸型是柔和的鹅蛋脸，下巴微尖，皮肤因长期失眠显得有些苍白，眼下挂着淡淡的青灰色阴影。眉毛细长而自然，常常因忧虑而微蹙；眼睛较大，本是明亮的杏眼，却因时常出神而显得雾气蒙蒙，瞳孔是深褐色的。鼻梁挺拔但线条柔和，嘴唇偏薄，唇色较浅，...
2025-11-02 16:40:00 | INFO     | src.gui.mixins.image_modules.handlers.character_photo_generator | generate_photo:80 | 图片API类型: sd
2025-11-02 16:40:00 | INFO     | src.gui.mixins.image_modules.handlers.character_photo_generator | _generate_with_sd:205 | 使用第一张图片作为参考（img2img模式，保持一致性）
2025-11-02 16:40:00 | INFO     | src.gui.mixins.image_modules.handlers.character_photo_generator | _generate_with_sd:211 | 模式：img2img（基于第一张图片，保持一致性）
2025-11-02 16:40:00 | INFO     | src.gui.mixins.image_modules.handlers.character_photo_generator | _generate_with_sd:254 | SD标签式提示词 (正面+开心): pale skin, anxious, solo, single person only, one person, alone, by oneself, no other people, no other person, just one person, only one person, masterpiece, best quality, ultra detailed, 8k, 1girl, g...
2025-11-02 16:40:00 | INFO     | src.gui.mixins.image_modules.handlers.character_photo_generator | _generate_with_sd:288 | 使用 img2img 模式（denoising_strength=0.4）
2025-11-02 16:40:10 | INFO     | src.gui.mixins.image_modules.handlers.character_photo_saver | auto_save_photo_with_name:113 | 准备保存到：projects\完整测试_20251026_184212_20251026_184212\characters\沈苒_开心.png
2025-11-02 16:40:11 | INFO     | src.gui.mixins.image_modules.handlers.character_photo_saver | auto_save_photo_with_name:126 | 照片已保存: projects\完整测试_20251026_184212_20251026_184212\characters\沈苒_开心.png (相对路径: characters\沈苒_开心.png)
2025-11-02 16:40:11 | INFO     | src.gui.mixins.image_modules.handlers.character_photo_handler | generate_photo_thread:184 | ✅ [2/7] 正面+开心照片生成成功
2025-11-02 16:40:11 | INFO     | src.gui.mixins.image_modules.handlers.character_photo_handler | generate_photo_thread:112 | [3/7] 正在生成：正面视图 + 难过表情
2025-11-02 16:40:11 | INFO     | src.gui.mixins.image_modules.handlers.character_photo_handler | generate_photo_thread:124 | [3/7] 人物：沈苒，描述长度：497
2025-11-02 16:40:11 | INFO     | src.gui.mixins.image_modules.handlers.character_photo_generator | generate_photo:68 | === 开始生成人物照片 ===
2025-11-02 16:40:11 | INFO     | src.gui.mixins.image_modules.handlers.character_photo_generator | generate_photo:69 | 人物名称：沈苒
2025-11-02 16:40:11 | INFO     | src.gui.mixins.image_modules.handlers.character_photo_generator | generate_photo:70 | 描述长度：497 字符
2025-11-02 16:40:11 | INFO     | src.gui.mixins.image_modules.handlers.character_photo_generator | generate_photo:72 | 描述预览：沈苒是一位约三十岁左右的青年女性，面容清秀却带着长期焦虑留下的痕迹。她的脸型是柔和的鹅蛋脸，下巴微尖，皮肤因长期失眠显得有些苍白，眼下挂着淡淡的青灰色阴影。眉毛细长而自然，常常因忧虑而微蹙；眼睛较大，本是明亮的杏眼，却因时常出神而显得雾气蒙蒙，瞳孔是深褐色的。鼻梁挺拔但线条柔和，嘴唇偏薄，唇色较浅，...
2025-11-02 16:40:11 | INFO     | src.gui.mixins.image_modules.handlers.character_photo_generator | generate_photo:80 | 图片API类型: sd
2025-11-02 16:40:11 | INFO     | src.gui.mixins.image_modules.handlers.character_photo_generator | _generate_with_sd:205 | 使用第一张图片作为参考（img2img模式，保持一致性）
2025-11-02 16:40:11 | INFO     | src.gui.mixins.image_modules.handlers.character_photo_generator | _generate_with_sd:211 | 模式：img2img（基于第一张图片，保持一致性）
2025-11-02 16:40:11 | INFO     | src.gui.mixins.image_modules.handlers.character_photo_generator | _generate_with_sd:254 | SD标签式提示词 (正面+难过): pale skin, anxious, solo, single person only, one person, alone, by oneself, no other people, no other person, just one person, only one person, masterpiece, best quality, ultra detailed, 8k, 1girl, g...
2025-11-02 16:40:11 | INFO     | src.gui.mixins.image_modules.handlers.character_photo_generator | _generate_with_sd:288 | 使用 img2img 模式（denoising_strength=0.4）
2025-11-02 16:40:21 | INFO     | src.gui.mixins.image_modules.handlers.character_photo_saver | auto_save_photo_with_name:113 | 准备保存到：projects\完整测试_20251026_184212_20251026_184212\characters\沈苒_难过.png
2025-11-02 16:40:22 | INFO     | src.gui.mixins.image_modules.handlers.character_photo_saver | auto_save_photo_with_name:126 | 照片已保存: projects\完整测试_20251026_184212_20251026_184212\characters\沈苒_难过.png (相对路径: characters\沈苒_难过.png)
2025-11-02 16:40:22 | INFO     | src.gui.mixins.image_modules.handlers.character_photo_handler | generate_photo_thread:184 | ✅ [3/7] 正面+难过照片生成成功
2025-11-02 16:40:22 | INFO     | src.gui.mixins.image_modules.handlers.character_photo_handler | generate_photo_thread:112 | [4/7] 正在生成：正面视图 + 愤怒表情
2025-11-02 16:40:22 | INFO     | src.gui.mixins.image_modules.handlers.character_photo_handler | generate_photo_thread:124 | [4/7] 人物：沈苒，描述长度：497
2025-11-02 16:40:22 | INFO     | src.gui.mixins.image_modules.handlers.character_photo_generator | generate_photo:68 | === 开始生成人物照片 ===
2025-11-02 16:40:22 | INFO     | src.gui.mixins.image_modules.handlers.character_photo_generator | generate_photo:69 | 人物名称：沈苒
2025-11-02 16:40:22 | INFO     | src.gui.mixins.image_modules.handlers.character_photo_generator | generate_photo:70 | 描述长度：497 字符
2025-11-02 16:40:22 | INFO     | src.gui.mixins.image_modules.handlers.character_photo_generator | generate_photo:72 | 描述预览：沈苒是一位约三十岁左右的青年女性，面容清秀却带着长期焦虑留下的痕迹。她的脸型是柔和的鹅蛋脸，下巴微尖，皮肤因长期失眠显得有些苍白，眼下挂着淡淡的青灰色阴影。眉毛细长而自然，常常因忧虑而微蹙；眼睛较大，本是明亮的杏眼，却因时常出神而显得雾气蒙蒙，瞳孔是深褐色的。鼻梁挺拔但线条柔和，嘴唇偏薄，唇色较浅，...
2025-11-02 16:40:22 | INFO     | src.gui.mixins.image_modules.handlers.character_photo_generator | generate_photo:80 | 图片API类型: sd
2025-11-02 16:40:22 | INFO     | src.gui.mixins.image_modules.handlers.character_photo_generator | _generate_with_sd:205 | 使用第一张图片作为参考（img2img模式，保持一致性）
2025-11-02 16:40:22 | INFO     | src.gui.mixins.image_modules.handlers.character_photo_generator | _generate_with_sd:211 | 模式：img2img（基于第一张图片，保持一致性）
2025-11-02 16:40:22 | INFO     | src.gui.mixins.image_modules.handlers.character_photo_generator | _generate_with_sd:254 | SD标签式提示词 (正面+愤怒): pale skin, anxious, solo, single person only, one person, alone, by oneself, no other people, no other person, just one person, only one person, masterpiece, best quality, ultra detailed, 8k, 1girl, g...
2025-11-02 16:40:22 | INFO     | src.gui.mixins.image_modules.handlers.character_photo_generator | _generate_with_sd:288 | 使用 img2img 模式（denoising_strength=0.4）
2025-11-02 16:40:32 | INFO     | src.gui.mixins.image_modules.handlers.character_photo_saver | auto_save_photo_with_name:113 | 准备保存到：projects\完整测试_20251026_184212_20251026_184212\characters\沈苒_愤怒.png
2025-11-02 16:40:32 | INFO     | src.gui.mixins.image_modules.handlers.character_photo_saver | auto_save_photo_with_name:126 | 照片已保存: projects\完整测试_20251026_184212_20251026_184212\characters\沈苒_愤怒.png (相对路径: characters\沈苒_愤怒.png)
2025-11-02 16:40:32 | INFO     | src.gui.mixins.image_modules.handlers.character_photo_handler | generate_photo_thread:184 | ✅ [4/7] 正面+愤怒照片生成成功
2025-11-02 16:40:32 | INFO     | src.gui.mixins.image_modules.handlers.character_photo_handler | generate_photo_thread:112 | [5/7] 正在生成：正面视图 + 惊讶表情
2025-11-02 16:40:32 | INFO     | src.gui.mixins.image_modules.handlers.character_photo_handler | generate_photo_thread:124 | [5/7] 人物：沈苒，描述长度：497
2025-11-02 16:40:32 | INFO     | src.gui.mixins.image_modules.handlers.character_photo_generator | generate_photo:68 | === 开始生成人物照片 ===
2025-11-02 16:40:32 | INFO     | src.gui.mixins.image_modules.handlers.character_photo_generator | generate_photo:69 | 人物名称：沈苒
2025-11-02 16:40:32 | INFO     | src.gui.mixins.image_modules.handlers.character_photo_generator | generate_photo:70 | 描述长度：497 字符
2025-11-02 16:40:32 | INFO     | src.gui.mixins.image_modules.handlers.character_photo_generator | generate_photo:72 | 描述预览：沈苒是一位约三十岁左右的青年女性，面容清秀却带着长期焦虑留下的痕迹。她的脸型是柔和的鹅蛋脸，下巴微尖，皮肤因长期失眠显得有些苍白，眼下挂着淡淡的青灰色阴影。眉毛细长而自然，常常因忧虑而微蹙；眼睛较大，本是明亮的杏眼，却因时常出神而显得雾气蒙蒙，瞳孔是深褐色的。鼻梁挺拔但线条柔和，嘴唇偏薄，唇色较浅，...
2025-11-02 16:40:32 | INFO     | src.gui.mixins.image_modules.handlers.character_photo_generator | generate_photo:80 | 图片API类型: sd
2025-11-02 16:40:32 | INFO     | src.gui.mixins.image_modules.handlers.character_photo_generator | _generate_with_sd:205 | 使用第一张图片作为参考（img2img模式，保持一致性）
2025-11-02 16:40:32 | INFO     | src.gui.mixins.image_modules.handlers.character_photo_generator | _generate_with_sd:211 | 模式：img2img（基于第一张图片，保持一致性）
2025-11-02 16:40:32 | INFO     | src.gui.mixins.image_modules.handlers.character_photo_generator | _generate_with_sd:254 | SD标签式提示词 (正面+惊讶): pale skin, anxious, solo, single person only, one person, alone, by oneself, no other people, no other person, just one person, only one person, masterpiece, best quality, ultra detailed, 8k, 1girl, g...
2025-11-02 16:40:32 | INFO     | src.gui.mixins.image_modules.handlers.character_photo_generator | _generate_with_sd:288 | 使用 img2img 模式（denoising_strength=0.4）
2025-11-02 16:40:42 | INFO     | src.gui.mixins.image_modules.handlers.character_photo_saver | auto_save_photo_with_name:113 | 准备保存到：projects\完整测试_20251026_184212_20251026_184212\characters\沈苒_惊讶.png
2025-11-02 16:40:43 | INFO     | src.gui.mixins.image_modules.handlers.character_photo_saver | auto_save_photo_with_name:126 | 照片已保存: projects\完整测试_20251026_184212_20251026_184212\characters\沈苒_惊讶.png (相对路径: characters\沈苒_惊讶.png)
2025-11-02 16:40:43 | INFO     | src.gui.mixins.image_modules.handlers.character_photo_handler | generate_photo_thread:184 | ✅ [5/7] 正面+惊讶照片生成成功
2025-11-02 16:40:43 | INFO     | src.gui.mixins.image_modules.handlers.character_photo_handler | generate_photo_thread:112 | [6/7] 正在生成：正面视图 + 害怕表情
2025-11-02 16:40:43 | INFO     | src.gui.mixins.image_modules.handlers.character_photo_handler | generate_photo_thread:124 | [6/7] 人物：沈苒，描述长度：497
2025-11-02 16:40:43 | INFO     | src.gui.mixins.image_modules.handlers.character_photo_generator | generate_photo:68 | === 开始生成人物照片 ===
2025-11-02 16:40:43 | INFO     | src.gui.mixins.image_modules.handlers.character_photo_generator | generate_photo:69 | 人物名称：沈苒
2025-11-02 16:40:43 | INFO     | src.gui.mixins.image_modules.handlers.character_photo_generator | generate_photo:70 | 描述长度：497 字符
2025-11-02 16:40:43 | INFO     | src.gui.mixins.image_modules.handlers.character_photo_generator | generate_photo:72 | 描述预览：沈苒是一位约三十岁左右的青年女性，面容清秀却带着长期焦虑留下的痕迹。她的脸型是柔和的鹅蛋脸，下巴微尖，皮肤因长期失眠显得有些苍白，眼下挂着淡淡的青灰色阴影。眉毛细长而自然，常常因忧虑而微蹙；眼睛较大，本是明亮的杏眼，却因时常出神而显得雾气蒙蒙，瞳孔是深褐色的。鼻梁挺拔但线条柔和，嘴唇偏薄，唇色较浅，...
2025-11-02 16:40:43 | INFO     | src.gui.mixins.image_modules.handlers.character_photo_generator | generate_photo:80 | 图片API类型: sd
2025-11-02 16:40:43 | INFO     | src.gui.mixins.image_modules.handlers.character_photo_generator | _generate_with_sd:205 | 使用第一张图片作为参考（img2img模式，保持一致性）
2025-11-02 16:40:43 | INFO     | src.gui.mixins.image_modules.handlers.character_photo_generator | _generate_with_sd:211 | 模式：img2img（基于第一张图片，保持一致性）
2025-11-02 16:40:43 | INFO     | src.gui.mixins.image_modules.handlers.character_photo_generator | _generate_with_sd:254 | SD标签式提示词 (正面+害怕): pale skin, anxious, solo, single person only, one person, alone, by oneself, no other people, no other person, just one person, only one person, masterpiece, best quality, ultra detailed, 8k, 1girl, g...
2025-11-02 16:40:43 | INFO     | src.gui.mixins.image_modules.handlers.character_photo_generator | _generate_with_sd:288 | 使用 img2img 模式（denoising_strength=0.4）
2025-11-02 16:40:53 | INFO     | src.gui.mixins.image_modules.handlers.character_photo_saver | auto_save_photo_with_name:113 | 准备保存到：projects\完整测试_20251026_184212_20251026_184212\characters\沈苒_害怕.png
2025-11-02 16:40:54 | INFO     | src.gui.mixins.image_modules.handlers.character_photo_saver | auto_save_photo_with_name:126 | 照片已保存: projects\完整测试_20251026_184212_20251026_184212\characters\沈苒_害怕.png (相对路径: characters\沈苒_害怕.png)
2025-11-02 16:40:54 | INFO     | src.gui.mixins.image_modules.handlers.character_photo_handler | generate_photo_thread:184 | ✅ [6/7] 正面+害怕照片生成成功
2025-11-02 16:40:54 | INFO     | src.gui.mixins.image_modules.handlers.character_photo_handler | generate_photo_thread:112 | [7/7] 正在生成：正面视图 + 微笑表情
2025-11-02 16:40:54 | INFO     | src.gui.mixins.image_modules.handlers.character_photo_handler | generate_photo_thread:124 | [7/7] 人物：沈苒，描述长度：497
2025-11-02 16:40:54 | INFO     | src.gui.mixins.image_modules.handlers.character_photo_generator | generate_photo:68 | === 开始生成人物照片 ===
2025-11-02 16:40:54 | INFO     | src.gui.mixins.image_modules.handlers.character_photo_generator | generate_photo:69 | 人物名称：沈苒
2025-11-02 16:40:54 | INFO     | src.gui.mixins.image_modules.handlers.character_photo_generator | generate_photo:70 | 描述长度：497 字符
2025-11-02 16:40:54 | INFO     | src.gui.mixins.image_modules.handlers.character_photo_generator | generate_photo:72 | 描述预览：沈苒是一位约三十岁左右的青年女性，面容清秀却带着长期焦虑留下的痕迹。她的脸型是柔和的鹅蛋脸，下巴微尖，皮肤因长期失眠显得有些苍白，眼下挂着淡淡的青灰色阴影。眉毛细长而自然，常常因忧虑而微蹙；眼睛较大，本是明亮的杏眼，却因时常出神而显得雾气蒙蒙，瞳孔是深褐色的。鼻梁挺拔但线条柔和，嘴唇偏薄，唇色较浅，...
2025-11-02 16:40:54 | INFO     | src.gui.mixins.image_modules.handlers.character_photo_generator | generate_photo:80 | 图片API类型: sd
2025-11-02 16:40:54 | INFO     | src.gui.mixins.image_modules.handlers.character_photo_generator | _generate_with_sd:205 | 使用第一张图片作为参考（img2img模式，保持一致性）
2025-11-02 16:40:54 | INFO     | src.gui.mixins.image_modules.handlers.character_photo_generator | _generate_with_sd:211 | 模式：img2img（基于第一张图片，保持一致性）
2025-11-02 16:40:54 | INFO     | src.gui.mixins.image_modules.handlers.character_photo_generator | _generate_with_sd:254 | SD标签式提示词 (正面+微笑): pale skin, anxious, solo, single person only, one person, alone, by oneself, no other people, no other person, just one person, only one person, masterpiece, best quality, ultra detailed, 8k, 1girl, g...
2025-11-02 16:40:54 | INFO     | src.gui.mixins.image_modules.handlers.character_photo_generator | _generate_with_sd:288 | 使用 img2img 模式（denoising_strength=0.4）
2025-11-02 16:41:03 | INFO     | src.gui.mixins.image_modules.handlers.character_photo_saver | auto_save_photo_with_name:113 | 准备保存到：projects\完整测试_20251026_184212_20251026_184212\characters\沈苒_微笑.png
2025-11-02 16:41:04 | INFO     | src.gui.mixins.image_modules.handlers.character_photo_saver | auto_save_photo_with_name:126 | 照片已保存: projects\完整测试_20251026_184212_20251026_184212\characters\沈苒_微笑.png (相对路径: characters\沈苒_微笑.png)
2025-11-02 16:41:04 | INFO     | src.gui.mixins.image_modules.handlers.character_photo_handler | generate_photo_thread:184 | ✅ [7/7] 正面+微笑照片生成成功
2025-11-02 16:41:13 | INFO     | src.gui.mixins.image_modules.char_photo | _on_view_character_gallery:91 | 查找人物"沈苒"的照片：
2025-11-02 16:41:13 | INFO     | src.gui.mixins.image_modules.char_photo | _on_view_character_gallery:92 |   清理后的人物名：沈苒
2025-11-02 16:41:13 | INFO     | src.gui.mixins.image_modules.char_photo | _on_view_character_gallery:93 |   找到 8 张照片
2025-11-02 16:41:13 | INFO     | src.gui.mixins.image_modules.char_photo | _on_view_character_gallery:95 |   照片列表：['沈苒.png', '沈苒_中性.png', '沈苒_害怕.png', '沈苒_开心.png', '沈苒_微笑.png']
2025-11-02 16:47:04 | INFO     | src.core.logging_config | init_logging:134 | 日志系统初始化完成
2025-11-02 16:47:04 | INFO     | src.core.logging_config | init_logging:135 | 日志级别: INFO
2025-11-02 16:47:04 | INFO     | src.core.logging_config | init_logging:136 | 文件日志: 启用
2025-11-02 16:47:04 | INFO     | src.core.logging_config | main:34 | ============================================================
2025-11-02 16:47:04 | INFO     | src.core.logging_config | main:35 | 启动 AI Story Creator Pro
2025-11-02 16:47:04 | INFO     | src.core.logging_config | main:36 | 窗口尺寸: 1500x850
2025-11-02 16:47:04 | INFO     | src.core.logging_config | main:37 | 设计风格: 精致 · 简约 · 专业
2025-11-02 16:47:04 | INFO     | src.core.logging_config | main:38 | ============================================================
2025-11-02 16:47:06 | INFO     | src.gui.modern_app | __init__:92 | ✅ 自动保存功能已启用（每5分钟）
2025-11-02 16:47:06 | INFO     | src.gui.mixins.story_modules.input_cache | _bind_input_cache_events:174 | 输入自动保存已启用
2025-11-02 16:47:06 | INFO     | src.gui.mixins.story_modules.input_cache | _load_input_cache:66 | 已恢复上次输入内容
2025-11-02 16:47:06 | INFO     | src.gui.modern_app | _init_startup_state:143 | 启动状态初始化完成（无项目, 有缓存）
2025-11-02 16:47:08 | INFO     | src.gui.mixins.director_modules.director_mixin | _refresh_shot_combo:96 | 刷新下拉框成功，共 2 个分镜
2025-11-02 16:47:08 | INFO     | src.gui.mixins.director_modules.handlers.project_handler | load_director_data_from_project:118 | 已加载 2 个分镜
2025-11-02 16:47:08 | INFO     | src.gui.mixins.project_mixin | _on_load_project:217 | 使用增强加载功能成功加载项目
2025-11-02 16:47:08 | INFO     | src.gui.mixins.project_mixin | _on_load_project:226 | 后备：单独加载人物数据
2025-11-02 16:47:08 | INFO     | src.gui.mixins.image_modules.char_utils | _load_project_characters:112 | === 开始加载项目人物数据 ===
2025-11-02 16:47:08 | INFO     | src.gui.mixins.image_modules.char_utils | _load_project_characters:117 | 已清空人物列表（之前有 0 个人物）
2025-11-02 16:47:08 | INFO     | src.gui.mixins.image_modules.char_utils | _load_project_characters:127 | 项目路径：projects\完整测试_20251026_184212_20251026_184212
2025-11-02 16:47:08 | INFO     | src.gui.mixins.image_modules.char_utils | _load_project_characters:128 | 人物文件夹路径：projects\完整测试_20251026_184212_20251026_184212\characters
2025-11-02 16:47:08 | INFO     | src.gui.mixins.image_modules.char_utils | _load_project_characters:139 | 检查人物信息文件：projects\完整测试_20251026_184212_20251026_184212\characters\characters_info.json
2025-11-02 16:47:08 | INFO     | src.gui.mixins.image_modules.char_utils | _load_project_characters:140 | 文件是否存在：True
2025-11-02 16:47:08 | INFO     | src.gui.mixins.image_modules.char_utils | _load_project_characters:146 | 📖 已加载人物描述文件：projects\完整测试_20251026_184212_20251026_184212\characters\characters_info.json
2025-11-02 16:47:08 | INFO     | src.gui.mixins.image_modules.char_utils | _load_project_characters:147 | JSON内容类型：<class 'dict'>
2025-11-02 16:47:08 | INFO     | src.gui.mixins.image_modules.char_utils | _load_project_characters:148 | JSON内容长度：5
2025-11-02 16:47:08 | INFO     | src.gui.mixins.image_modules.char_utils | _load_project_characters:171 | 📋 使用扁平格式JSON
2025-11-02 16:47:08 | INFO     | src.gui.mixins.image_modules.char_utils | _load_project_characters:173 | 处理后的characters_info包含 5 个键
2025-11-02 16:47:08 | INFO     | src.gui.mixins.image_modules.char_utils | _load_project_characters:266 | ✅ 已加载 5 个人物（其中 0 个有照片），跳过 0 个无效项
2025-11-02 16:47:08 | INFO     | src.gui.mixins.image_modules.char_utils | _load_project_characters:270 | ✅ 已加载项目人物：['沈苒', '小远', '林舟', '陈明', '张大师']
2025-11-02 16:47:08 | INFO     | src.gui.mixins.image_modules.char_extract | _on_character_selected:248 | 选择人物：沈苒 (索引: 0)
2025-11-02 16:47:08 | INFO     | src.gui.mixins.image_modules.char_extract | _on_character_selected:249 | 人物描述长度：497 字符
2025-11-02 16:47:08 | INFO     | src.gui.mixins.image_modules.char_extract | _on_character_selected:262 | 已加载人物"沈苒"的描述
2025-11-02 16:47:08 | INFO     | src.gui.mixins.image_modules.char_utils | _load_project_characters:283 | 已更新人物列表框，当前显示 5 个人物
2025-11-02 16:47:08 | INFO     | src.gui.mixins.image_modules.char_utils | _load_project_characters:290 | === 人物数据加载完成 ===
2025-11-02 16:47:15 | INFO     | src.gui.mixins.image_modules.handlers.character_photo_handler | handle_generate_photo:62 | 准备生成人物照片：沈苒
2025-11-02 16:47:15 | INFO     | src.gui.mixins.image_modules.handlers.character_photo_handler | handle_generate_photo:63 | 人物描述长度：497 字符
2025-11-02 16:47:15 | INFO     | src.gui.mixins.image_modules.handlers.character_photo_handler | handle_generate_photo:65 | 人物描述预览：沈苒是一位约三十岁左右的青年女性，面容清秀却带着长期焦虑留下的痕迹。她的脸型是柔和的鹅蛋脸，下巴微尖，皮肤因长期失眠显得有些苍白，眼下挂着淡淡的青灰色阴影。眉毛细长而自然，常常因忧虑而微蹙；眼睛较大，...
2025-11-02 16:47:15 | INFO     | src.gui.mixins.image_modules.handlers.character_photo_handler | generate_photo_thread:112 | [1/1] 正在生成：正面视图 + 中性表情
2025-11-02 16:47:15 | INFO     | src.gui.mixins.image_modules.handlers.character_photo_handler | generate_photo_thread:124 | [1/1] 人物：沈苒，描述长度：497
2025-11-02 16:47:15 | INFO     | src.gui.mixins.image_modules.handlers.character_photo_generator | generate_photo:68 | === 开始生成人物照片 ===
2025-11-02 16:47:15 | INFO     | src.gui.mixins.image_modules.handlers.character_photo_generator | generate_photo:69 | 人物名称：沈苒
2025-11-02 16:47:15 | INFO     | src.gui.mixins.image_modules.handlers.character_photo_generator | generate_photo:70 | 描述长度：497 字符
2025-11-02 16:47:15 | INFO     | src.gui.mixins.image_modules.handlers.character_photo_generator | generate_photo:72 | 描述预览：沈苒是一位约三十岁左右的青年女性，面容清秀却带着长期焦虑留下的痕迹。她的脸型是柔和的鹅蛋脸，下巴微尖，皮肤因长期失眠显得有些苍白，眼下挂着淡淡的青灰色阴影。眉毛细长而自然，常常因忧虑而微蹙；眼睛较大，本是明亮的杏眼，却因时常出神而显得雾气蒙蒙，瞳孔是深褐色的。鼻梁挺拔但线条柔和，嘴唇偏薄，唇色较浅，...
2025-11-02 16:47:15 | INFO     | src.gui.mixins.image_modules.handlers.character_photo_generator | generate_photo:80 | 图片API类型: sd
2025-11-02 16:47:15 | INFO     | src.gui.mixins.image_modules.handlers.character_photo_generator | _generate_with_sd:213 | 模式：txt2img（使用完整人物描述生成）
2025-11-02 16:47:15 | INFO     | src.gui.mixins.image_modules.handlers.character_photo_generator | _generate_with_sd:254 | SD标签式提示词 (正面+中性): pale skin, anxious, solo, 1person, masterpiece, best quality, ultra detailed, 8k, 1girl, girl, female child, child, young girl, 10 years old, 10 year old girl, female, not male, Chinese, East Asian, a...
2025-11-02 16:47:15 | INFO     | src.gui.mixins.image_modules.handlers.character_photo_generator | _generate_with_sd:302 | 使用 txt2img 模式（生成基准图）
2025-11-02 16:47:15 | INFO     | src.gui.mixins.image_modules.handlers.character_photo_generator | _generate_with_sd:305 | 固定 seed: 32858030
2025-11-02 16:47:29 | INFO     | src.gui.mixins.image_modules.handlers.character_photo_saver | auto_save_photo_with_name:113 | 准备保存到：projects\完整测试_20251026_184212_20251026_184212\characters\沈苒.png
2025-11-02 16:47:30 | INFO     | src.gui.mixins.image_modules.handlers.character_photo_saver | auto_save_photo_with_name:126 | 照片已保存: projects\完整测试_20251026_184212_20251026_184212\characters\沈苒.png (相对路径: characters\沈苒.png)
2025-11-02 16:47:30 | INFO     | src.gui.mixins.image_modules.handlers.character_photo_handler | generate_photo_thread:184 | ✅ [1/1] 正面+中性照片生成成功
2025-11-02 16:49:49 | INFO     | src.core.logging_config | init_logging:134 | 日志系统初始化完成
2025-11-02 16:49:49 | INFO     | src.core.logging_config | init_logging:135 | 日志级别: INFO
2025-11-02 16:49:49 | INFO     | src.core.logging_config | init_logging:136 | 文件日志: 启用
2025-11-02 16:49:50 | INFO     | src.core.logging_config | main:34 | ============================================================
2025-11-02 16:49:50 | INFO     | src.core.logging_config | main:35 | 启动 AI Story Creator Pro
2025-11-02 16:49:50 | INFO     | src.core.logging_config | main:36 | 窗口尺寸: 1500x850
2025-11-02 16:49:50 | INFO     | src.core.logging_config | main:37 | 设计风格: 精致 · 简约 · 专业
2025-11-02 16:49:50 | INFO     | src.core.logging_config | main:38 | ============================================================
2025-11-02 16:49:51 | INFO     | src.gui.modern_app | __init__:92 | ✅ 自动保存功能已启用（每5分钟）
2025-11-02 16:49:52 | INFO     | src.gui.mixins.story_modules.input_cache | _bind_input_cache_events:174 | 输入自动保存已启用
2025-11-02 16:49:52 | INFO     | src.gui.mixins.story_modules.input_cache | _load_input_cache:66 | 已恢复上次输入内容
2025-11-02 16:49:52 | INFO     | src.gui.modern_app | _init_startup_state:143 | 启动状态初始化完成（无项目, 有缓存）
2025-11-02 16:49:54 | INFO     | src.gui.mixins.director_modules.director_mixin | _refresh_shot_combo:96 | 刷新下拉框成功，共 2 个分镜
2025-11-02 16:49:54 | INFO     | src.gui.mixins.director_modules.handlers.project_handler | load_director_data_from_project:118 | 已加载 2 个分镜
2025-11-02 16:49:54 | INFO     | src.gui.mixins.project_mixin | _on_load_project:217 | 使用增强加载功能成功加载项目
2025-11-02 16:49:54 | INFO     | src.gui.mixins.project_mixin | _on_load_project:226 | 后备：单独加载人物数据
2025-11-02 16:49:54 | INFO     | src.gui.mixins.image_modules.char_utils | _load_project_characters:112 | === 开始加载项目人物数据 ===
2025-11-02 16:49:54 | INFO     | src.gui.mixins.image_modules.char_utils | _load_project_characters:117 | 已清空人物列表（之前有 0 个人物）
2025-11-02 16:49:54 | INFO     | src.gui.mixins.image_modules.char_utils | _load_project_characters:127 | 项目路径：projects\完整测试_20251026_184212_20251026_184212
2025-11-02 16:49:54 | INFO     | src.gui.mixins.image_modules.char_utils | _load_project_characters:128 | 人物文件夹路径：projects\完整测试_20251026_184212_20251026_184212\characters
2025-11-02 16:49:54 | INFO     | src.gui.mixins.image_modules.char_utils | _load_project_characters:139 | 检查人物信息文件：projects\完整测试_20251026_184212_20251026_184212\characters\characters_info.json
2025-11-02 16:49:54 | INFO     | src.gui.mixins.image_modules.char_utils | _load_project_characters:140 | 文件是否存在：True
2025-11-02 16:49:54 | INFO     | src.gui.mixins.image_modules.char_utils | _load_project_characters:146 | 📖 已加载人物描述文件：projects\完整测试_20251026_184212_20251026_184212\characters\characters_info.json
2025-11-02 16:49:54 | INFO     | src.gui.mixins.image_modules.char_utils | _load_project_characters:147 | JSON内容类型：<class 'dict'>
2025-11-02 16:49:54 | INFO     | src.gui.mixins.image_modules.char_utils | _load_project_characters:148 | JSON内容长度：5
2025-11-02 16:49:54 | INFO     | src.gui.mixins.image_modules.char_utils | _load_project_characters:171 | 📋 使用扁平格式JSON
2025-11-02 16:49:54 | INFO     | src.gui.mixins.image_modules.char_utils | _load_project_characters:173 | 处理后的characters_info包含 5 个键
2025-11-02 16:49:54 | INFO     | src.gui.mixins.image_modules.char_utils | _load_project_characters:266 | ✅ 已加载 5 个人物（其中 0 个有照片），跳过 0 个无效项
2025-11-02 16:49:54 | INFO     | src.gui.mixins.image_modules.char_utils | _load_project_characters:270 | ✅ 已加载项目人物：['沈苒', '小远', '林舟', '陈明', '张大师']
2025-11-02 16:49:54 | INFO     | src.gui.mixins.image_modules.char_extract | _on_character_selected:248 | 选择人物：沈苒 (索引: 0)
2025-11-02 16:49:54 | INFO     | src.gui.mixins.image_modules.char_extract | _on_character_selected:249 | 人物描述长度：497 字符
2025-11-02 16:49:54 | INFO     | src.gui.mixins.image_modules.char_extract | _on_character_selected:262 | 已加载人物"沈苒"的描述
2025-11-02 16:49:54 | INFO     | src.gui.mixins.image_modules.char_utils | _load_project_characters:283 | 已更新人物列表框，当前显示 5 个人物
2025-11-02 16:49:54 | INFO     | src.gui.mixins.image_modules.char_utils | _load_project_characters:290 | === 人物数据加载完成 ===
2025-11-02 16:49:58 | INFO     | src.gui.mixins.image_modules.handlers.character_photo_handler | handle_generate_photo:62 | 准备生成人物照片：沈苒
2025-11-02 16:49:58 | INFO     | src.gui.mixins.image_modules.handlers.character_photo_handler | handle_generate_photo:63 | 人物描述长度：497 字符
2025-11-02 16:49:58 | INFO     | src.gui.mixins.image_modules.handlers.character_photo_handler | handle_generate_photo:65 | 人物描述预览：沈苒是一位约三十岁左右的青年女性，面容清秀却带着长期焦虑留下的痕迹。她的脸型是柔和的鹅蛋脸，下巴微尖，皮肤因长期失眠显得有些苍白，眼下挂着淡淡的青灰色阴影。眉毛细长而自然，常常因忧虑而微蹙；眼睛较大，...
2025-11-02 16:49:58 | INFO     | src.gui.mixins.image_modules.handlers.character_photo_handler | generate_photo_thread:112 | [1/1] 正在生成：正面视图 + 中性表情
2025-11-02 16:49:58 | INFO     | src.gui.mixins.image_modules.handlers.character_photo_handler | generate_photo_thread:124 | [1/1] 人物：沈苒，描述长度：497
2025-11-02 16:49:58 | INFO     | src.gui.mixins.image_modules.handlers.character_photo_generator | generate_photo:68 | === 开始生成人物照片 ===
2025-11-02 16:49:58 | INFO     | src.gui.mixins.image_modules.handlers.character_photo_generator | generate_photo:69 | 人物名称：沈苒
2025-11-02 16:49:58 | INFO     | src.gui.mixins.image_modules.handlers.character_photo_generator | generate_photo:70 | 描述长度：497 字符
2025-11-02 16:49:58 | INFO     | src.gui.mixins.image_modules.handlers.character_photo_generator | generate_photo:72 | 描述预览：沈苒是一位约三十岁左右的青年女性，面容清秀却带着长期焦虑留下的痕迹。她的脸型是柔和的鹅蛋脸，下巴微尖，皮肤因长期失眠显得有些苍白，眼下挂着淡淡的青灰色阴影。眉毛细长而自然，常常因忧虑而微蹙；眼睛较大，本是明亮的杏眼，却因时常出神而显得雾气蒙蒙，瞳孔是深褐色的。鼻梁挺拔但线条柔和，嘴唇偏薄，唇色较浅，...
2025-11-02 16:49:58 | INFO     | src.gui.mixins.image_modules.handlers.character_photo_generator | generate_photo:80 | 图片API类型: sd
2025-11-02 16:49:58 | INFO     | src.gui.mixins.image_modules.handlers.character_photo_generator | _generate_with_sd:213 | 模式：txt2img（使用完整人物描述生成）
2025-11-02 16:49:59 | INFO     | src.gui.mixins.image_modules.handlers.character_photo_generator | _generate_with_sd:254 | SD标签式提示词 (正面+中性): pale skin, anxious, solo, 1person, masterpiece, best quality, ultra detailed, 8k, 1girl, girl, female child, child, young girl, 10 years old, 10 year old girl, female, not male, Chinese, East Asian, a...
2025-11-02 16:49:59 | INFO     | src.gui.mixins.image_modules.handlers.character_photo_generator | _generate_with_sd:302 | 使用 txt2img 模式（生成基准图）
2025-11-02 16:49:59 | INFO     | src.gui.mixins.image_modules.handlers.character_photo_generator | _generate_with_sd:305 | 固定 seed: 32858030
2025-11-02 16:50:13 | INFO     | src.gui.mixins.image_modules.handlers.character_photo_saver | auto_save_photo_with_name:113 | 准备保存到：projects\完整测试_20251026_184212_20251026_184212\characters\沈苒.png
2025-11-02 16:50:13 | INFO     | src.gui.mixins.image_modules.handlers.character_photo_saver | auto_save_photo_with_name:126 | 照片已保存: projects\完整测试_20251026_184212_20251026_184212\characters\沈苒.png (相对路径: characters\沈苒.png)
2025-11-02 16:50:13 | INFO     | src.gui.mixins.image_modules.handlers.character_photo_handler | generate_photo_thread:184 | ✅ [1/1] 正面+中性照片生成成功
2025-11-02 16:55:43 | INFO     | src.core.logging_config | init_logging:134 | 日志系统初始化完成
2025-11-02 16:55:43 | INFO     | src.core.logging_config | init_logging:135 | 日志级别: INFO
2025-11-02 16:55:43 | INFO     | src.core.logging_config | init_logging:136 | 文件日志: 启用
2025-11-02 16:55:44 | INFO     | src.core.logging_config | main:34 | ============================================================
2025-11-02 16:55:44 | INFO     | src.core.logging_config | main:35 | 启动 AI Story Creator Pro
2025-11-02 16:55:44 | INFO     | src.core.logging_config | main:36 | 窗口尺寸: 1500x850
2025-11-02 16:55:44 | INFO     | src.core.logging_config | main:37 | 设计风格: 精致 · 简约 · 专业
2025-11-02 16:55:44 | INFO     | src.core.logging_config | main:38 | ============================================================
2025-11-02 16:55:45 | INFO     | src.gui.modern_app | __init__:92 | ✅ 自动保存功能已启用（每5分钟）
2025-11-02 16:55:46 | INFO     | src.gui.mixins.story_modules.input_cache | _bind_input_cache_events:174 | 输入自动保存已启用
2025-11-02 16:55:46 | INFO     | src.gui.mixins.story_modules.input_cache | _load_input_cache:66 | 已恢复上次输入内容
2025-11-02 16:55:46 | INFO     | src.gui.modern_app | _init_startup_state:143 | 启动状态初始化完成（无项目, 有缓存）
2025-11-02 16:55:48 | INFO     | src.gui.mixins.director_modules.director_mixin | _refresh_shot_combo:96 | 刷新下拉框成功，共 2 个分镜
2025-11-02 16:55:48 | INFO     | src.gui.mixins.director_modules.handlers.project_handler | load_director_data_from_project:118 | 已加载 2 个分镜
2025-11-02 16:55:48 | INFO     | src.gui.mixins.project_mixin | _on_load_project:217 | 使用增强加载功能成功加载项目
2025-11-02 16:55:48 | INFO     | src.gui.mixins.project_mixin | _on_load_project:226 | 后备：单独加载人物数据
2025-11-02 16:55:48 | INFO     | src.gui.mixins.image_modules.char_utils | _load_project_characters:112 | === 开始加载项目人物数据 ===
2025-11-02 16:55:48 | INFO     | src.gui.mixins.image_modules.char_utils | _load_project_characters:117 | 已清空人物列表（之前有 0 个人物）
2025-11-02 16:55:48 | INFO     | src.gui.mixins.image_modules.char_utils | _load_project_characters:127 | 项目路径：projects\完整测试_20251026_184212_20251026_184212
2025-11-02 16:55:48 | INFO     | src.gui.mixins.image_modules.char_utils | _load_project_characters:128 | 人物文件夹路径：projects\完整测试_20251026_184212_20251026_184212\characters
2025-11-02 16:55:48 | INFO     | src.gui.mixins.image_modules.char_utils | _load_project_characters:139 | 检查人物信息文件：projects\完整测试_20251026_184212_20251026_184212\characters\characters_info.json
2025-11-02 16:55:48 | INFO     | src.gui.mixins.image_modules.char_utils | _load_project_characters:140 | 文件是否存在：True
2025-11-02 16:55:48 | INFO     | src.gui.mixins.image_modules.char_utils | _load_project_characters:146 | 📖 已加载人物描述文件：projects\完整测试_20251026_184212_20251026_184212\characters\characters_info.json
2025-11-02 16:55:48 | INFO     | src.gui.mixins.image_modules.char_utils | _load_project_characters:147 | JSON内容类型：<class 'dict'>
2025-11-02 16:55:48 | INFO     | src.gui.mixins.image_modules.char_utils | _load_project_characters:148 | JSON内容长度：5
2025-11-02 16:55:48 | INFO     | src.gui.mixins.image_modules.char_utils | _load_project_characters:171 | 📋 使用扁平格式JSON
2025-11-02 16:55:48 | INFO     | src.gui.mixins.image_modules.char_utils | _load_project_characters:173 | 处理后的characters_info包含 5 个键
2025-11-02 16:55:48 | INFO     | src.gui.mixins.image_modules.char_utils | _load_project_characters:266 | ✅ 已加载 5 个人物（其中 0 个有照片），跳过 0 个无效项
2025-11-02 16:55:48 | INFO     | src.gui.mixins.image_modules.char_utils | _load_project_characters:270 | ✅ 已加载项目人物：['沈苒', '小远', '林舟', '陈明', '张大师']
2025-11-02 16:55:48 | INFO     | src.gui.mixins.image_modules.char_extract | _on_character_selected:248 | 选择人物：沈苒 (索引: 0)
2025-11-02 16:55:48 | INFO     | src.gui.mixins.image_modules.char_extract | _on_character_selected:249 | 人物描述长度：497 字符
2025-11-02 16:55:48 | INFO     | src.gui.mixins.image_modules.char_extract | _on_character_selected:262 | 已加载人物"沈苒"的描述
2025-11-02 16:55:48 | INFO     | src.gui.mixins.image_modules.char_utils | _load_project_characters:283 | 已更新人物列表框，当前显示 5 个人物
2025-11-02 16:55:48 | INFO     | src.gui.mixins.image_modules.char_utils | _load_project_characters:290 | === 人物数据加载完成 ===
2025-11-02 16:55:52 | INFO     | src.gui.mixins.image_modules.char_photo | _on_view_character_gallery:91 | 查找人物"沈苒"的照片：
2025-11-02 16:55:52 | INFO     | src.gui.mixins.image_modules.char_photo | _on_view_character_gallery:92 |   清理后的人物名：沈苒
2025-11-02 16:55:52 | INFO     | src.gui.mixins.image_modules.char_photo | _on_view_character_gallery:93 |   找到 8 张照片
2025-11-02 16:55:52 | INFO     | src.gui.mixins.image_modules.char_photo | _on_view_character_gallery:95 |   照片列表：['沈苒.png', '沈苒_中性.png', '沈苒_害怕.png', '沈苒_开心.png', '沈苒_微笑.png']
2025-11-02 16:55:55 | INFO     | src.gui.mixins.image_modules.char_photo | delete_image:194 | 已删除图片: projects\完整测试_20251026_184212_20251026_184212\characters\沈苒_难过.png
2025-11-02 16:55:58 | INFO     | src.gui.mixins.image_modules.char_photo | delete_image:194 | 已删除图片: projects\完整测试_20251026_184212_20251026_184212\characters\沈苒_愤怒.png
2025-11-02 16:56:05 | INFO     | src.gui.mixins.image_modules.char_photo | delete_image:194 | 已删除图片: projects\完整测试_20251026_184212_20251026_184212\characters\沈苒_惊讶.png
2025-11-02 16:58:51 | INFO     | src.core.logging_config | init_logging:134 | 日志系统初始化完成
2025-11-02 16:58:51 | INFO     | src.core.logging_config | init_logging:135 | 日志级别: INFO
2025-11-02 16:58:51 | INFO     | src.core.logging_config | init_logging:136 | 文件日志: 启用
2025-11-02 16:58:51 | INFO     | src.core.logging_config | main:34 | ============================================================
2025-11-02 16:58:51 | INFO     | src.core.logging_config | main:35 | 启动 AI Story Creator Pro
2025-11-02 16:58:51 | INFO     | src.core.logging_config | main:36 | 窗口尺寸: 1500x850
2025-11-02 16:58:51 | INFO     | src.core.logging_config | main:37 | 设计风格: 精致 · 简约 · 专业
2025-11-02 16:58:51 | INFO     | src.core.logging_config | main:38 | ============================================================
2025-11-02 16:58:52 | INFO     | src.gui.modern_app | __init__:92 | ✅ 自动保存功能已启用（每5分钟）
2025-11-02 16:58:53 | INFO     | src.gui.mixins.story_modules.input_cache | _bind_input_cache_events:174 | 输入自动保存已启用
2025-11-02 16:58:53 | INFO     | src.gui.mixins.story_modules.input_cache | _load_input_cache:66 | 已恢复上次输入内容
2025-11-02 16:58:53 | INFO     | src.gui.modern_app | _init_startup_state:143 | 启动状态初始化完成（无项目, 有缓存）
2025-11-02 16:58:55 | INFO     | src.gui.mixins.director_modules.director_mixin | _refresh_shot_combo:96 | 刷新下拉框成功，共 2 个分镜
2025-11-02 16:58:55 | INFO     | src.gui.mixins.director_modules.handlers.project_handler | load_director_data_from_project:118 | 已加载 2 个分镜
2025-11-02 16:58:55 | INFO     | src.gui.mixins.project_mixin | _on_load_project:217 | 使用增强加载功能成功加载项目
2025-11-02 16:58:55 | INFO     | src.gui.mixins.project_mixin | _on_load_project:226 | 后备：单独加载人物数据
2025-11-02 16:58:55 | INFO     | src.gui.mixins.image_modules.char_utils | _load_project_characters:112 | === 开始加载项目人物数据 ===
2025-11-02 16:58:55 | INFO     | src.gui.mixins.image_modules.char_utils | _load_project_characters:117 | 已清空人物列表（之前有 0 个人物）
2025-11-02 16:58:55 | INFO     | src.gui.mixins.image_modules.char_utils | _load_project_characters:127 | 项目路径：projects\完整测试_20251026_184212_20251026_184212
2025-11-02 16:58:55 | INFO     | src.gui.mixins.image_modules.char_utils | _load_project_characters:128 | 人物文件夹路径：projects\完整测试_20251026_184212_20251026_184212\characters
2025-11-02 16:58:55 | INFO     | src.gui.mixins.image_modules.char_utils | _load_project_characters:139 | 检查人物信息文件：projects\完整测试_20251026_184212_20251026_184212\characters\characters_info.json
2025-11-02 16:58:55 | INFO     | src.gui.mixins.image_modules.char_utils | _load_project_characters:140 | 文件是否存在：True
2025-11-02 16:58:55 | INFO     | src.gui.mixins.image_modules.char_utils | _load_project_characters:146 | 📖 已加载人物描述文件：projects\完整测试_20251026_184212_20251026_184212\characters\characters_info.json
2025-11-02 16:58:55 | INFO     | src.gui.mixins.image_modules.char_utils | _load_project_characters:147 | JSON内容类型：<class 'dict'>
2025-11-02 16:58:55 | INFO     | src.gui.mixins.image_modules.char_utils | _load_project_characters:148 | JSON内容长度：5
2025-11-02 16:58:55 | INFO     | src.gui.mixins.image_modules.char_utils | _load_project_characters:171 | 📋 使用扁平格式JSON
2025-11-02 16:58:55 | INFO     | src.gui.mixins.image_modules.char_utils | _load_project_characters:173 | 处理后的characters_info包含 5 个键
2025-11-02 16:58:55 | INFO     | src.gui.mixins.image_modules.char_utils | _load_project_characters:266 | ✅ 已加载 5 个人物（其中 0 个有照片），跳过 0 个无效项
2025-11-02 16:58:55 | INFO     | src.gui.mixins.image_modules.char_utils | _load_project_characters:270 | ✅ 已加载项目人物：['沈苒', '小远', '林舟', '陈明', '张大师']
2025-11-02 16:58:55 | INFO     | src.gui.mixins.image_modules.char_extract | _on_character_selected:248 | 选择人物：沈苒 (索引: 0)
2025-11-02 16:58:55 | INFO     | src.gui.mixins.image_modules.char_extract | _on_character_selected:249 | 人物描述长度：497 字符
2025-11-02 16:58:55 | INFO     | src.gui.mixins.image_modules.char_extract | _on_character_selected:262 | 已加载人物"沈苒"的描述
2025-11-02 16:58:55 | INFO     | src.gui.mixins.image_modules.char_utils | _load_project_characters:283 | 已更新人物列表框，当前显示 5 个人物
2025-11-02 16:58:55 | INFO     | src.gui.mixins.image_modules.char_utils | _load_project_characters:290 | === 人物数据加载完成 ===
2025-11-02 16:59:00 | INFO     | src.gui.mixins.image_modules.char_photo | _on_view_character_gallery:91 | 查找人物"沈苒"的照片：
2025-11-02 16:59:00 | INFO     | src.gui.mixins.image_modules.char_photo | _on_view_character_gallery:92 |   清理后的人物名：沈苒
2025-11-02 16:59:00 | INFO     | src.gui.mixins.image_modules.char_photo | _on_view_character_gallery:93 |   找到 5 张照片
2025-11-02 16:59:00 | INFO     | src.gui.mixins.image_modules.char_photo | _on_view_character_gallery:95 |   照片列表：['沈苒.png', '沈苒_中性.png', '沈苒_害怕.png', '沈苒_开心.png', '沈苒_微笑.png']
2025-11-02 16:59:02 | INFO     | src.gui.mixins.image_modules.char_photo | delete_image:194 | 已删除图片: projects\完整测试_20251026_184212_20251026_184212\characters\沈苒_微笑.png
2025-11-02 16:59:04 | INFO     | src.gui.mixins.image_modules.char_photo | delete_image:194 | 已删除图片: projects\完整测试_20251026_184212_20251026_184212\characters\沈苒_开心.png
2025-11-02 16:59:05 | INFO     | src.gui.mixins.image_modules.char_photo | delete_image:194 | 已删除图片: projects\完整测试_20251026_184212_20251026_184212\characters\沈苒_害怕.png
2025-11-02 16:59:06 | INFO     | src.gui.mixins.image_modules.char_photo | delete_image:194 | 已删除图片: projects\完整测试_20251026_184212_20251026_184212\characters\沈苒_中性.png
2025-11-02 16:59:08 | INFO     | src.gui.mixins.image_modules.char_photo | delete_image:194 | 已删除图片: projects\完整测试_20251026_184212_20251026_184212\characters\沈苒.png
2025-11-02 16:59:11 | INFO     | src.gui.mixins.image_modules.handlers.character_photo_handler | handle_generate_photo:62 | 准备生成人物照片：沈苒
2025-11-02 16:59:11 | INFO     | src.gui.mixins.image_modules.handlers.character_photo_handler | handle_generate_photo:63 | 人物描述长度：497 字符
2025-11-02 16:59:11 | INFO     | src.gui.mixins.image_modules.handlers.character_photo_handler | handle_generate_photo:65 | 人物描述预览：沈苒是一位约三十岁左右的青年女性，面容清秀却带着长期焦虑留下的痕迹。她的脸型是柔和的鹅蛋脸，下巴微尖，皮肤因长期失眠显得有些苍白，眼下挂着淡淡的青灰色阴影。眉毛细长而自然，常常因忧虑而微蹙；眼睛较大，...
2025-11-02 16:59:11 | INFO     | src.gui.mixins.image_modules.handlers.character_photo_handler | generate_photo_thread:112 | [1/1] 正在生成：正面视图 + 中性表情
2025-11-02 16:59:11 | INFO     | src.gui.mixins.image_modules.handlers.character_photo_handler | generate_photo_thread:124 | [1/1] 人物：沈苒，描述长度：497
2025-11-02 16:59:11 | INFO     | src.gui.mixins.image_modules.handlers.character_photo_generator | generate_photo:68 | === 开始生成人物照片 ===
2025-11-02 16:59:11 | INFO     | src.gui.mixins.image_modules.handlers.character_photo_generator | generate_photo:69 | 人物名称：沈苒
2025-11-02 16:59:11 | INFO     | src.gui.mixins.image_modules.handlers.character_photo_generator | generate_photo:70 | 描述长度：497 字符
2025-11-02 16:59:11 | INFO     | src.gui.mixins.image_modules.handlers.character_photo_generator | generate_photo:72 | 描述预览：沈苒是一位约三十岁左右的青年女性，面容清秀却带着长期焦虑留下的痕迹。她的脸型是柔和的鹅蛋脸，下巴微尖，皮肤因长期失眠显得有些苍白，眼下挂着淡淡的青灰色阴影。眉毛细长而自然，常常因忧虑而微蹙；眼睛较大，本是明亮的杏眼，却因时常出神而显得雾气蒙蒙，瞳孔是深褐色的。鼻梁挺拔但线条柔和，嘴唇偏薄，唇色较浅，...
2025-11-02 16:59:11 | INFO     | src.gui.mixins.image_modules.handlers.character_photo_generator | generate_photo:80 | 图片API类型: sd
2025-11-02 16:59:11 | INFO     | src.gui.mixins.image_modules.handlers.character_photo_generator | _generate_with_sd:213 | 模式：txt2img（使用完整人物描述生成）
2025-11-02 16:59:11 | INFO     | src.gui.mixins.image_modules.handlers.character_photo_generator | _generate_with_sd:254 | SD标签式提示词 (正面+中性): pale skin, anxious, solo, 1person, masterpiece, best quality, ultra detailed, 8k, 1woman, 30 years old, adult female, woman, female, not male, Chinese, East Asian, asian, long hair, ponytail, t-shirt,...
2025-11-02 16:59:11 | INFO     | src.gui.mixins.image_modules.handlers.character_photo_generator | _generate_with_sd:302 | 使用 txt2img 模式（生成基准图）
2025-11-02 16:59:11 | INFO     | src.gui.mixins.image_modules.handlers.character_photo_generator | _generate_with_sd:305 | 固定 seed: 32858030
2025-11-02 16:59:25 | INFO     | src.gui.mixins.image_modules.handlers.character_photo_saver | auto_save_photo_with_name:113 | 准备保存到：projects\完整测试_20251026_184212_20251026_184212\characters\沈苒.png
2025-11-02 16:59:25 | INFO     | src.gui.mixins.image_modules.handlers.character_photo_saver | auto_save_photo_with_name:126 | 照片已保存: projects\完整测试_20251026_184212_20251026_184212\characters\沈苒.png (相对路径: characters\沈苒.png)
2025-11-02 16:59:25 | INFO     | src.gui.mixins.image_modules.handlers.character_photo_handler | generate_photo_thread:184 | ✅ [1/1] 正面+中性照片生成成功
2025-11-02 16:59:56 | INFO     | src.gui.mixins.image_modules.char_photo | _on_view_character_gallery:91 | 查找人物"沈苒"的照片：
2025-11-02 16:59:56 | INFO     | src.gui.mixins.image_modules.char_photo | _on_view_character_gallery:92 |   清理后的人物名：沈苒
2025-11-02 16:59:56 | INFO     | src.gui.mixins.image_modules.char_photo | _on_view_character_gallery:93 |   找到 1 张照片
2025-11-02 16:59:56 | INFO     | src.gui.mixins.image_modules.char_photo | _on_view_character_gallery:95 |   照片列表：['沈苒.png']
2025-11-02 17:00:08 | INFO     | src.gui.mixins.image_modules.char_extract | _on_character_selected:248 | 选择人物：张大师 (索引: 4)
2025-11-02 17:00:08 | INFO     | src.gui.mixins.image_modules.char_extract | _on_character_selected:249 | 人物描述长度：0 字符
2025-11-02 17:00:08 | WARNING  | src.gui.mixins.image_modules.char_extract | _on_character_selected:269 | 人物"张大师"的描述为空，需要生成
2025-11-02 17:03:11 | INFO     | src.core.logging_config | init_logging:134 | 日志系统初始化完成
2025-11-02 17:03:11 | INFO     | src.core.logging_config | init_logging:135 | 日志级别: INFO
2025-11-02 17:03:11 | INFO     | src.core.logging_config | init_logging:136 | 文件日志: 启用
2025-11-02 17:03:11 | INFO     | src.core.logging_config | main:34 | ============================================================
2025-11-02 17:03:11 | INFO     | src.core.logging_config | main:35 | 启动 AI Story Creator Pro
2025-11-02 17:03:11 | INFO     | src.core.logging_config | main:36 | 窗口尺寸: 1500x850
2025-11-02 17:03:11 | INFO     | src.core.logging_config | main:37 | 设计风格: 精致 · 简约 · 专业
2025-11-02 17:03:11 | INFO     | src.core.logging_config | main:38 | ============================================================
2025-11-02 17:03:13 | INFO     | src.gui.modern_app | __init__:92 | ✅ 自动保存功能已启用（每5分钟）
2025-11-02 17:03:13 | INFO     | src.gui.mixins.story_modules.input_cache | _bind_input_cache_events:174 | 输入自动保存已启用
2025-11-02 17:03:13 | INFO     | src.gui.mixins.story_modules.input_cache | _load_input_cache:66 | 已恢复上次输入内容
2025-11-02 17:03:13 | INFO     | src.gui.modern_app | _init_startup_state:143 | 启动状态初始化完成（无项目, 有缓存）
2025-11-02 17:03:18 | INFO     | src.gui.mixins.director_modules.director_mixin | _refresh_shot_combo:96 | 刷新下拉框成功，共 2 个分镜
2025-11-02 17:03:18 | INFO     | src.gui.mixins.director_modules.handlers.project_handler | load_director_data_from_project:118 | 已加载 2 个分镜
2025-11-02 17:03:18 | INFO     | src.gui.mixins.project_mixin | _on_load_project:217 | 使用增强加载功能成功加载项目
2025-11-02 17:03:18 | INFO     | src.gui.mixins.project_mixin | _on_load_project:226 | 后备：单独加载人物数据
2025-11-02 17:03:18 | INFO     | src.gui.mixins.image_modules.char_utils | _load_project_characters:112 | === 开始加载项目人物数据 ===
2025-11-02 17:03:18 | INFO     | src.gui.mixins.image_modules.char_utils | _load_project_characters:117 | 已清空人物列表（之前有 0 个人物）
2025-11-02 17:03:18 | INFO     | src.gui.mixins.image_modules.char_utils | _load_project_characters:127 | 项目路径：projects\完整测试_20251026_184212_20251026_184212
2025-11-02 17:03:18 | INFO     | src.gui.mixins.image_modules.char_utils | _load_project_characters:128 | 人物文件夹路径：projects\完整测试_20251026_184212_20251026_184212\characters
2025-11-02 17:03:18 | INFO     | src.gui.mixins.image_modules.char_utils | _load_project_characters:139 | 检查人物信息文件：projects\完整测试_20251026_184212_20251026_184212\characters\characters_info.json
2025-11-02 17:03:18 | INFO     | src.gui.mixins.image_modules.char_utils | _load_project_characters:140 | 文件是否存在：True
2025-11-02 17:03:18 | INFO     | src.gui.mixins.image_modules.char_utils | _load_project_characters:146 | 📖 已加载人物描述文件：projects\完整测试_20251026_184212_20251026_184212\characters\characters_info.json
2025-11-02 17:03:18 | INFO     | src.gui.mixins.image_modules.char_utils | _load_project_characters:147 | JSON内容类型：<class 'dict'>
2025-11-02 17:03:18 | INFO     | src.gui.mixins.image_modules.char_utils | _load_project_characters:148 | JSON内容长度：5
2025-11-02 17:03:18 | INFO     | src.gui.mixins.image_modules.char_utils | _load_project_characters:171 | 📋 使用扁平格式JSON
2025-11-02 17:03:18 | INFO     | src.gui.mixins.image_modules.char_utils | _load_project_characters:173 | 处理后的characters_info包含 5 个键
2025-11-02 17:03:18 | INFO     | src.gui.mixins.image_modules.char_utils | _load_project_characters:266 | ✅ 已加载 5 个人物（其中 0 个有照片），跳过 0 个无效项
2025-11-02 17:03:18 | INFO     | src.gui.mixins.image_modules.char_utils | _load_project_characters:270 | ✅ 已加载项目人物：['沈苒', '小远', '林舟', '陈明', '张大师']
2025-11-02 17:03:18 | INFO     | src.gui.mixins.image_modules.char_extract | _on_character_selected:248 | 选择人物：沈苒 (索引: 0)
2025-11-02 17:03:18 | INFO     | src.gui.mixins.image_modules.char_extract | _on_character_selected:249 | 人物描述长度：497 字符
2025-11-02 17:03:18 | INFO     | src.gui.mixins.image_modules.char_extract | _on_character_selected:262 | 已加载人物"沈苒"的描述
2025-11-02 17:03:18 | INFO     | src.gui.mixins.image_modules.char_utils | _load_project_characters:283 | 已更新人物列表框，当前显示 5 个人物
2025-11-02 17:03:18 | INFO     | src.gui.mixins.image_modules.char_utils | _load_project_characters:290 | === 人物数据加载完成 ===
2025-11-02 17:03:22 | INFO     | src.gui.mixins.image_modules.char_photo | _on_view_character_gallery:91 | 查找人物"沈苒"的照片：
2025-11-02 17:03:22 | INFO     | src.gui.mixins.image_modules.char_photo | _on_view_character_gallery:92 |   清理后的人物名：沈苒
2025-11-02 17:03:22 | INFO     | src.gui.mixins.image_modules.char_photo | _on_view_character_gallery:93 |   找到 1 张照片
2025-11-02 17:03:22 | INFO     | src.gui.mixins.image_modules.char_photo | _on_view_character_gallery:95 |   照片列表：['沈苒.png']
2025-11-02 17:03:24 | INFO     | src.gui.mixins.image_modules.char_photo | delete_image:194 | 已删除图片: projects\完整测试_20251026_184212_20251026_184212\characters\沈苒.png
2025-11-02 17:03:26 | INFO     | src.gui.mixins.image_modules.handlers.character_photo_handler | handle_generate_photo:62 | 准备生成人物照片：沈苒
2025-11-02 17:03:26 | INFO     | src.gui.mixins.image_modules.handlers.character_photo_handler | handle_generate_photo:63 | 人物描述长度：497 字符
2025-11-02 17:03:26 | INFO     | src.gui.mixins.image_modules.handlers.character_photo_handler | handle_generate_photo:65 | 人物描述预览：沈苒是一位约三十岁左右的青年女性，面容清秀却带着长期焦虑留下的痕迹。她的脸型是柔和的鹅蛋脸，下巴微尖，皮肤因长期失眠显得有些苍白，眼下挂着淡淡的青灰色阴影。眉毛细长而自然，常常因忧虑而微蹙；眼睛较大，...
2025-11-02 17:03:26 | INFO     | src.gui.mixins.image_modules.handlers.character_photo_handler | generate_photo_thread:112 | [1/1] 正在生成：正面视图 + 中性表情
2025-11-02 17:03:26 | INFO     | src.gui.mixins.image_modules.handlers.character_photo_handler | generate_photo_thread:124 | [1/1] 人物：沈苒，描述长度：497
2025-11-02 17:03:26 | INFO     | src.gui.mixins.image_modules.handlers.character_photo_generator | generate_photo:68 | === 开始生成人物照片 ===
2025-11-02 17:03:26 | INFO     | src.gui.mixins.image_modules.handlers.character_photo_generator | generate_photo:69 | 人物名称：沈苒
2025-11-02 17:03:26 | INFO     | src.gui.mixins.image_modules.handlers.character_photo_generator | generate_photo:70 | 描述长度：497 字符
2025-11-02 17:03:26 | INFO     | src.gui.mixins.image_modules.handlers.character_photo_generator | generate_photo:72 | 描述预览：沈苒是一位约三十岁左右的青年女性，面容清秀却带着长期焦虑留下的痕迹。她的脸型是柔和的鹅蛋脸，下巴微尖，皮肤因长期失眠显得有些苍白，眼下挂着淡淡的青灰色阴影。眉毛细长而自然，常常因忧虑而微蹙；眼睛较大，本是明亮的杏眼，却因时常出神而显得雾气蒙蒙，瞳孔是深褐色的。鼻梁挺拔但线条柔和，嘴唇偏薄，唇色较浅，...
2025-11-02 17:03:26 | INFO     | src.gui.mixins.image_modules.handlers.character_photo_generator | generate_photo:80 | 图片API类型: sd
2025-11-02 17:03:26 | INFO     | src.gui.mixins.image_modules.handlers.character_photo_generator | _generate_with_sd:213 | 模式：txt2img（使用完整人物描述生成）
2025-11-02 17:03:26 | INFO     | src.gui.mixins.image_modules.handlers.character_photo_generator | _generate_with_sd:254 | SD标签式提示词 (正面+中性): pale skin, anxious, solo, 1person, masterpiece, best quality, ultra detailed, 8k, 1woman, 30 years old, adult female, woman, female, not male, Chinese, East Asian, asian, long hair, ponytail, t-shirt,...
2025-11-02 17:03:26 | INFO     | src.gui.mixins.image_modules.handlers.character_photo_generator | _generate_with_sd:302 | 使用 txt2img 模式（生成基准图）
2025-11-02 17:03:26 | INFO     | src.gui.mixins.image_modules.handlers.character_photo_generator | _generate_with_sd:305 | 固定 seed: 32858030
2025-11-02 17:03:40 | INFO     | src.gui.mixins.image_modules.handlers.character_photo_saver | auto_save_photo_with_name:113 | 准备保存到：projects\完整测试_20251026_184212_20251026_184212\characters\沈苒.png
2025-11-02 17:03:41 | INFO     | src.gui.mixins.image_modules.handlers.character_photo_saver | auto_save_photo_with_name:126 | 照片已保存: projects\完整测试_20251026_184212_20251026_184212\characters\沈苒.png (相对路径: characters\沈苒.png)
2025-11-02 17:03:41 | INFO     | src.gui.mixins.image_modules.handlers.character_photo_handler | generate_photo_thread:184 | ✅ [1/1] 正面+中性照片生成成功
2025-11-02 17:07:36 | INFO     | src.core.logging_config | init_logging:134 | 日志系统初始化完成
2025-11-02 17:07:36 | INFO     | src.core.logging_config | init_logging:135 | 日志级别: INFO
2025-11-02 17:07:36 | INFO     | src.core.logging_config | init_logging:136 | 文件日志: 启用
2025-11-02 17:07:37 | INFO     | src.core.logging_config | main:34 | ============================================================
2025-11-02 17:07:37 | INFO     | src.core.logging_config | main:35 | 启动 AI Story Creator Pro
2025-11-02 17:07:37 | INFO     | src.core.logging_config | main:36 | 窗口尺寸: 1500x850
2025-11-02 17:07:37 | INFO     | src.core.logging_config | main:37 | 设计风格: 精致 · 简约 · 专业
2025-11-02 17:07:37 | INFO     | src.core.logging_config | main:38 | ============================================================
2025-11-02 17:07:38 | INFO     | src.gui.modern_app | __init__:92 | ✅ 自动保存功能已启用（每5分钟）
2025-11-02 17:07:38 | INFO     | src.gui.mixins.story_modules.input_cache | _bind_input_cache_events:174 | 输入自动保存已启用
2025-11-02 17:07:38 | INFO     | src.gui.mixins.story_modules.input_cache | _load_input_cache:66 | 已恢复上次输入内容
2025-11-02 17:07:38 | INFO     | src.gui.modern_app | _init_startup_state:143 | 启动状态初始化完成（无项目, 有缓存）
2025-11-02 17:07:41 | INFO     | src.gui.mixins.director_modules.director_mixin | _refresh_shot_combo:96 | 刷新下拉框成功，共 2 个分镜
2025-11-02 17:07:41 | INFO     | src.gui.mixins.director_modules.handlers.project_handler | load_director_data_from_project:118 | 已加载 2 个分镜
2025-11-02 17:07:41 | INFO     | src.gui.mixins.project_mixin | _on_load_project:217 | 使用增强加载功能成功加载项目
2025-11-02 17:07:41 | INFO     | src.gui.mixins.project_mixin | _on_load_project:226 | 后备：单独加载人物数据
2025-11-02 17:07:41 | INFO     | src.gui.mixins.image_modules.char_utils | _load_project_characters:112 | === 开始加载项目人物数据 ===
2025-11-02 17:07:41 | INFO     | src.gui.mixins.image_modules.char_utils | _load_project_characters:117 | 已清空人物列表（之前有 0 个人物）
2025-11-02 17:07:41 | INFO     | src.gui.mixins.image_modules.char_utils | _load_project_characters:127 | 项目路径：projects\完整测试_20251026_184212_20251026_184212
2025-11-02 17:07:41 | INFO     | src.gui.mixins.image_modules.char_utils | _load_project_characters:128 | 人物文件夹路径：projects\完整测试_20251026_184212_20251026_184212\characters
2025-11-02 17:07:41 | INFO     | src.gui.mixins.image_modules.char_utils | _load_project_characters:139 | 检查人物信息文件：projects\完整测试_20251026_184212_20251026_184212\characters\characters_info.json
2025-11-02 17:07:41 | INFO     | src.gui.mixins.image_modules.char_utils | _load_project_characters:140 | 文件是否存在：True
2025-11-02 17:07:41 | INFO     | src.gui.mixins.image_modules.char_utils | _load_project_characters:146 | 📖 已加载人物描述文件：projects\完整测试_20251026_184212_20251026_184212\characters\characters_info.json
2025-11-02 17:07:41 | INFO     | src.gui.mixins.image_modules.char_utils | _load_project_characters:147 | JSON内容类型：<class 'dict'>
2025-11-02 17:07:41 | INFO     | src.gui.mixins.image_modules.char_utils | _load_project_characters:148 | JSON内容长度：5
2025-11-02 17:07:41 | INFO     | src.gui.mixins.image_modules.char_utils | _load_project_characters:171 | 📋 使用扁平格式JSON
2025-11-02 17:07:41 | INFO     | src.gui.mixins.image_modules.char_utils | _load_project_characters:173 | 处理后的characters_info包含 5 个键
2025-11-02 17:07:41 | INFO     | src.gui.mixins.image_modules.char_utils | _load_project_characters:266 | ✅ 已加载 5 个人物（其中 0 个有照片），跳过 0 个无效项
2025-11-02 17:07:41 | INFO     | src.gui.mixins.image_modules.char_utils | _load_project_characters:270 | ✅ 已加载项目人物：['沈苒', '小远', '林舟', '陈明', '张大师']
2025-11-02 17:07:41 | INFO     | src.gui.mixins.image_modules.char_extract | _on_character_selected:248 | 选择人物：沈苒 (索引: 0)
2025-11-02 17:07:41 | INFO     | src.gui.mixins.image_modules.char_extract | _on_character_selected:249 | 人物描述长度：497 字符
2025-11-02 17:07:41 | INFO     | src.gui.mixins.image_modules.char_extract | _on_character_selected:262 | 已加载人物"沈苒"的描述
2025-11-02 17:07:41 | INFO     | src.gui.mixins.image_modules.char_utils | _load_project_characters:283 | 已更新人物列表框，当前显示 5 个人物
2025-11-02 17:07:41 | INFO     | src.gui.mixins.image_modules.char_utils | _load_project_characters:290 | === 人物数据加载完成 ===
2025-11-02 17:07:46 | INFO     | src.gui.mixins.image_modules.char_photo | _on_view_character_gallery:91 | 查找人物"沈苒"的照片：
2025-11-02 17:07:46 | INFO     | src.gui.mixins.image_modules.char_photo | _on_view_character_gallery:92 |   清理后的人物名：沈苒
2025-11-02 17:07:46 | INFO     | src.gui.mixins.image_modules.char_photo | _on_view_character_gallery:93 |   找到 1 张照片
2025-11-02 17:07:46 | INFO     | src.gui.mixins.image_modules.char_photo | _on_view_character_gallery:95 |   照片列表：['沈苒.png']
2025-11-02 17:07:48 | INFO     | src.gui.mixins.image_modules.char_photo | delete_image:194 | 已删除图片: projects\完整测试_20251026_184212_20251026_184212\characters\沈苒.png
2025-11-02 17:07:49 | INFO     | src.gui.mixins.image_modules.handlers.character_photo_handler | handle_generate_photo:62 | 准备生成人物照片：沈苒
2025-11-02 17:07:49 | INFO     | src.gui.mixins.image_modules.handlers.character_photo_handler | handle_generate_photo:63 | 人物描述长度：497 字符
2025-11-02 17:07:49 | INFO     | src.gui.mixins.image_modules.handlers.character_photo_handler | handle_generate_photo:65 | 人物描述预览：沈苒是一位约三十岁左右的青年女性，面容清秀却带着长期焦虑留下的痕迹。她的脸型是柔和的鹅蛋脸，下巴微尖，皮肤因长期失眠显得有些苍白，眼下挂着淡淡的青灰色阴影。眉毛细长而自然，常常因忧虑而微蹙；眼睛较大，...
2025-11-02 17:07:49 | INFO     | src.gui.mixins.image_modules.handlers.character_photo_handler | generate_photo_thread:112 | [1/1] 正在生成：正面视图 + 中性表情
2025-11-02 17:07:49 | INFO     | src.gui.mixins.image_modules.handlers.character_photo_handler | generate_photo_thread:124 | [1/1] 人物：沈苒，描述长度：497
2025-11-02 17:07:49 | INFO     | src.gui.mixins.image_modules.handlers.character_photo_generator | generate_photo:68 | === 开始生成人物照片 ===
2025-11-02 17:07:49 | INFO     | src.gui.mixins.image_modules.handlers.character_photo_generator | generate_photo:69 | 人物名称：沈苒
2025-11-02 17:07:49 | INFO     | src.gui.mixins.image_modules.handlers.character_photo_generator | generate_photo:70 | 描述长度：497 字符
2025-11-02 17:07:49 | INFO     | src.gui.mixins.image_modules.handlers.character_photo_generator | generate_photo:72 | 描述预览：沈苒是一位约三十岁左右的青年女性，面容清秀却带着长期焦虑留下的痕迹。她的脸型是柔和的鹅蛋脸，下巴微尖，皮肤因长期失眠显得有些苍白，眼下挂着淡淡的青灰色阴影。眉毛细长而自然，常常因忧虑而微蹙；眼睛较大，本是明亮的杏眼，却因时常出神而显得雾气蒙蒙，瞳孔是深褐色的。鼻梁挺拔但线条柔和，嘴唇偏薄，唇色较浅，...
2025-11-02 17:07:49 | INFO     | src.gui.mixins.image_modules.handlers.character_photo_generator | generate_photo:80 | 图片API类型: sd
2025-11-02 17:07:49 | INFO     | src.gui.mixins.image_modules.handlers.character_photo_generator | _generate_with_sd:213 | 模式：txt2img（使用完整人物描述生成）
2025-11-02 17:07:49 | INFO     | src.gui.mixins.image_modules.handlers.character_photo_generator | _generate_with_sd:254 | SD标签式提示词 (正面+中性): solo, 1person, pale skin, anxious, masterpiece, best quality, ultra detailed, 8k, 1woman, 30 years old, adult female, woman, female, not male, Chinese, East Asian, asian, long hair, ponytail, t-shirt,...
2025-11-02 17:07:49 | INFO     | src.gui.mixins.image_modules.handlers.character_photo_generator | _generate_with_sd:302 | 使用 txt2img 模式（生成基准图）
2025-11-02 17:07:49 | INFO     | src.gui.mixins.image_modules.handlers.character_photo_generator | _generate_with_sd:305 | 固定 seed: 32858030
2025-11-02 17:08:04 | INFO     | src.gui.mixins.image_modules.handlers.character_photo_saver | auto_save_photo_with_name:113 | 准备保存到：projects\完整测试_20251026_184212_20251026_184212\characters\沈苒.png
2025-11-02 17:08:04 | INFO     | src.gui.mixins.image_modules.handlers.character_photo_saver | auto_save_photo_with_name:126 | 照片已保存: projects\完整测试_20251026_184212_20251026_184212\characters\沈苒.png (相对路径: characters\沈苒.png)
2025-11-02 17:08:04 | INFO     | src.gui.mixins.image_modules.handlers.character_photo_handler | generate_photo_thread:184 | ✅ [1/1] 正面+中性照片生成成功
2025-11-02 17:11:29 | INFO     | src.core.logging_config | init_logging:134 | 日志系统初始化完成
2025-11-02 17:11:29 | INFO     | src.core.logging_config | init_logging:135 | 日志级别: INFO
2025-11-02 17:11:29 | INFO     | src.core.logging_config | init_logging:136 | 文件日志: 启用
2025-11-02 17:11:30 | INFO     | src.core.logging_config | main:34 | ============================================================
2025-11-02 17:11:30 | INFO     | src.core.logging_config | main:35 | 启动 AI Story Creator Pro
2025-11-02 17:11:30 | INFO     | src.core.logging_config | main:36 | 窗口尺寸: 1500x850
2025-11-02 17:11:30 | INFO     | src.core.logging_config | main:37 | 设计风格: 精致 · 简约 · 专业
2025-11-02 17:11:30 | INFO     | src.core.logging_config | main:38 | ============================================================
2025-11-02 17:11:31 | INFO     | src.gui.modern_app | __init__:92 | ✅ 自动保存功能已启用（每5分钟）
2025-11-02 17:11:31 | INFO     | src.gui.mixins.story_modules.input_cache | _bind_input_cache_events:174 | 输入自动保存已启用
2025-11-02 17:11:32 | INFO     | src.gui.mixins.story_modules.input_cache | _load_input_cache:66 | 已恢复上次输入内容
2025-11-02 17:11:32 | INFO     | src.gui.modern_app | _init_startup_state:143 | 启动状态初始化完成（无项目, 有缓存）
2025-11-02 17:11:34 | INFO     | src.gui.mixins.director_modules.director_mixin | _refresh_shot_combo:96 | 刷新下拉框成功，共 2 个分镜
2025-11-02 17:11:34 | INFO     | src.gui.mixins.director_modules.handlers.project_handler | load_director_data_from_project:118 | 已加载 2 个分镜
2025-11-02 17:11:34 | INFO     | src.gui.mixins.project_mixin | _on_load_project:217 | 使用增强加载功能成功加载项目
2025-11-02 17:11:34 | INFO     | src.gui.mixins.project_mixin | _on_load_project:226 | 后备：单独加载人物数据
2025-11-02 17:11:34 | INFO     | src.gui.mixins.image_modules.char_utils | _load_project_characters:112 | === 开始加载项目人物数据 ===
2025-11-02 17:11:34 | INFO     | src.gui.mixins.image_modules.char_utils | _load_project_characters:117 | 已清空人物列表（之前有 0 个人物）
2025-11-02 17:11:34 | INFO     | src.gui.mixins.image_modules.char_utils | _load_project_characters:127 | 项目路径：projects\完整测试_20251026_184212_20251026_184212
2025-11-02 17:11:34 | INFO     | src.gui.mixins.image_modules.char_utils | _load_project_characters:128 | 人物文件夹路径：projects\完整测试_20251026_184212_20251026_184212\characters
2025-11-02 17:11:34 | INFO     | src.gui.mixins.image_modules.char_utils | _load_project_characters:139 | 检查人物信息文件：projects\完整测试_20251026_184212_20251026_184212\characters\characters_info.json
2025-11-02 17:11:34 | INFO     | src.gui.mixins.image_modules.char_utils | _load_project_characters:140 | 文件是否存在：True
2025-11-02 17:11:34 | INFO     | src.gui.mixins.image_modules.char_utils | _load_project_characters:146 | 📖 已加载人物描述文件：projects\完整测试_20251026_184212_20251026_184212\characters\characters_info.json
2025-11-02 17:11:34 | INFO     | src.gui.mixins.image_modules.char_utils | _load_project_characters:147 | JSON内容类型：<class 'dict'>
2025-11-02 17:11:34 | INFO     | src.gui.mixins.image_modules.char_utils | _load_project_characters:148 | JSON内容长度：5
2025-11-02 17:11:34 | INFO     | src.gui.mixins.image_modules.char_utils | _load_project_characters:171 | 📋 使用扁平格式JSON
2025-11-02 17:11:34 | INFO     | src.gui.mixins.image_modules.char_utils | _load_project_characters:173 | 处理后的characters_info包含 5 个键
2025-11-02 17:11:34 | INFO     | src.gui.mixins.image_modules.char_utils | _load_project_characters:266 | ✅ 已加载 5 个人物（其中 0 个有照片），跳过 0 个无效项
2025-11-02 17:11:34 | INFO     | src.gui.mixins.image_modules.char_utils | _load_project_characters:270 | ✅ 已加载项目人物：['沈苒', '小远', '林舟', '陈明', '张大师']
2025-11-02 17:11:34 | INFO     | src.gui.mixins.image_modules.char_extract | _on_character_selected:248 | 选择人物：沈苒 (索引: 0)
2025-11-02 17:11:34 | INFO     | src.gui.mixins.image_modules.char_extract | _on_character_selected:249 | 人物描述长度：497 字符
2025-11-02 17:11:34 | INFO     | src.gui.mixins.image_modules.char_extract | _on_character_selected:262 | 已加载人物"沈苒"的描述
2025-11-02 17:11:34 | INFO     | src.gui.mixins.image_modules.char_utils | _load_project_characters:283 | 已更新人物列表框，当前显示 5 个人物
2025-11-02 17:11:34 | INFO     | src.gui.mixins.image_modules.char_utils | _load_project_characters:290 | === 人物数据加载完成 ===
2025-11-02 17:11:39 | INFO     | httpx | _send_single_request:1025 | HTTP Request: POST https://api.deepseek.com/v1/chat/completions "HTTP/1.1 200 OK"
2025-11-02 17:12:41 | INFO     | src.gui.mixins.image_modules.handlers.character_photo_handler | handle_generate_photo:62 | 准备生成人物照片：沈苒
2025-11-02 17:12:41 | INFO     | src.gui.mixins.image_modules.handlers.character_photo_handler | handle_generate_photo:63 | 人物描述长度：482 字符
2025-11-02 17:12:41 | INFO     | src.gui.mixins.image_modules.handlers.character_photo_handler | handle_generate_photo:65 | 人物描述预览：沈苒是一位约三十岁出头的青年女性，面容清秀但带着长期焦虑的痕迹。她的脸型是标准的鹅蛋脸，下颌线条柔和，但最近略显消瘦。额头饱满，皮肤原本白皙，但因长期失眠眼下带着明显的青灰色阴影。眉毛是自然的柳叶形，...
2025-11-02 17:12:41 | INFO     | src.gui.mixins.image_modules.handlers.character_photo_handler | generate_photo_thread:112 | [1/1] 正在生成：正面视图 + 中性表情
2025-11-02 17:12:41 | INFO     | src.gui.mixins.image_modules.handlers.character_photo_handler | generate_photo_thread:124 | [1/1] 人物：沈苒，描述长度：482
2025-11-02 17:12:41 | INFO     | src.gui.mixins.image_modules.handlers.character_photo_generator | generate_photo:68 | === 开始生成人物照片 ===
2025-11-02 17:12:41 | INFO     | src.gui.mixins.image_modules.handlers.character_photo_generator | generate_photo:69 | 人物名称：沈苒
2025-11-02 17:12:41 | INFO     | src.gui.mixins.image_modules.handlers.character_photo_generator | generate_photo:70 | 描述长度：482 字符
2025-11-02 17:12:41 | INFO     | src.gui.mixins.image_modules.handlers.character_photo_generator | generate_photo:72 | 描述预览：沈苒是一位约三十岁出头的青年女性，面容清秀但带着长期焦虑的痕迹。她的脸型是标准的鹅蛋脸，下颌线条柔和，但最近略显消瘦。额头饱满，皮肤原本白皙，但因长期失眠眼下带着明显的青灰色阴影。眉毛是自然的柳叶形，很少修剪，眉间有一道浅浅的竖纹，是经常蹙眉留下的痕迹。眼睛大而明亮，本该很动人，如今却总是笼罩着一层...
2025-11-02 17:12:41 | INFO     | src.gui.mixins.image_modules.handlers.character_photo_generator | generate_photo:80 | 图片API类型: sd
2025-11-02 17:12:41 | INFO     | src.gui.mixins.image_modules.handlers.character_photo_generator | _generate_with_sd:213 | 模式：txt2img（使用完整人物描述生成）
2025-11-02 17:12:41 | INFO     | src.gui.mixins.image_modules.handlers.character_photo_generator | _generate_with_sd:254 | SD标签式提示词 (正面+中性): (solo:1.8), (1person:1.8), ((single person)), tired, anxious, masterpiece, best quality, ultra detailed, 8k, 1woman, 30 years old, adult female, woman, female, not male, Chinese, East Asian, asian, lo...
2025-11-02 17:12:41 | INFO     | src.gui.mixins.image_modules.handlers.character_photo_generator | _generate_with_sd:303 | 使用 txt2img 模式（生成基准图）
2025-11-02 17:12:41 | INFO     | src.gui.mixins.image_modules.handlers.character_photo_generator | _generate_with_sd:306 | 固定 seed: 32858030
2025-11-02 17:12:55 | INFO     | src.gui.mixins.image_modules.handlers.character_photo_saver | auto_save_photo_with_name:113 | 准备保存到：projects\完整测试_20251026_184212_20251026_184212\characters\沈苒.png
2025-11-02 17:12:56 | INFO     | src.gui.mixins.image_modules.handlers.character_photo_saver | auto_save_photo_with_name:126 | 照片已保存: projects\完整测试_20251026_184212_20251026_184212\characters\沈苒.png (相对路径: characters\沈苒.png)
2025-11-02 17:12:56 | INFO     | src.gui.mixins.image_modules.handlers.character_photo_handler | generate_photo_thread:184 | ✅ [1/1] 正面+中性照片生成成功
2025-11-02 17:17:43 | INFO     | src.gui.mixins.image_modules.char_photo | _on_view_character_gallery:91 | 查找人物"沈苒"的照片：
2025-11-02 17:17:43 | INFO     | src.gui.mixins.image_modules.char_photo | _on_view_character_gallery:92 |   清理后的人物名：沈苒
2025-11-02 17:17:43 | INFO     | src.gui.mixins.image_modules.char_photo | _on_view_character_gallery:93 |   找到 1 张照片
2025-11-02 17:17:43 | INFO     | src.gui.mixins.image_modules.char_photo | _on_view_character_gallery:95 |   照片列表：['沈苒.png']
2025-11-02 17:21:42 | INFO     | src.core.logging_config | init_logging:134 | 日志系统初始化完成
2025-11-02 17:21:42 | INFO     | src.core.logging_config | init_logging:135 | 日志级别: INFO
2025-11-02 17:21:42 | INFO     | src.core.logging_config | init_logging:136 | 文件日志: 启用
2025-11-02 17:21:42 | INFO     | src.core.logging_config | main:34 | ============================================================
2025-11-02 17:21:42 | INFO     | src.core.logging_config | main:35 | 启动 AI Story Creator Pro
2025-11-02 17:21:42 | INFO     | src.core.logging_config | main:36 | 窗口尺寸: 1500x850
2025-11-02 17:21:42 | INFO     | src.core.logging_config | main:37 | 设计风格: 精致 · 简约 · 专业
2025-11-02 17:21:42 | INFO     | src.core.logging_config | main:38 | ============================================================
2025-11-02 17:21:44 | INFO     | src.gui.modern_app | __init__:92 | ✅ 自动保存功能已启用（每5分钟）
2025-11-02 17:21:44 | INFO     | src.gui.mixins.story_modules.input_cache | _bind_input_cache_events:174 | 输入自动保存已启用
2025-11-02 17:21:44 | INFO     | src.gui.mixins.story_modules.input_cache | _load_input_cache:66 | 已恢复上次输入内容
2025-11-02 17:21:44 | INFO     | src.gui.modern_app | _init_startup_state:143 | 启动状态初始化完成（无项目, 有缓存）
2025-11-02 17:21:46 | INFO     | src.gui.mixins.director_modules.director_mixin | _refresh_shot_combo:96 | 刷新下拉框成功，共 2 个分镜
2025-11-02 17:21:46 | INFO     | src.gui.mixins.director_modules.handlers.project_handler | load_director_data_from_project:118 | 已加载 2 个分镜
2025-11-02 17:21:46 | INFO     | src.gui.mixins.project_mixin | _on_load_project:217 | 使用增强加载功能成功加载项目
2025-11-02 17:21:46 | INFO     | src.gui.mixins.project_mixin | _on_load_project:226 | 后备：单独加载人物数据
2025-11-02 17:21:46 | INFO     | src.gui.mixins.image_modules.char_utils | _load_project_characters:112 | === 开始加载项目人物数据 ===
2025-11-02 17:21:46 | INFO     | src.gui.mixins.image_modules.char_utils | _load_project_characters:117 | 已清空人物列表（之前有 0 个人物）
2025-11-02 17:21:46 | INFO     | src.gui.mixins.image_modules.char_utils | _load_project_characters:127 | 项目路径：projects\完整测试_20251026_184212_20251026_184212
2025-11-02 17:21:46 | INFO     | src.gui.mixins.image_modules.char_utils | _load_project_characters:128 | 人物文件夹路径：projects\完整测试_20251026_184212_20251026_184212\characters
2025-11-02 17:21:46 | INFO     | src.gui.mixins.image_modules.char_utils | _load_project_characters:139 | 检查人物信息文件：projects\完整测试_20251026_184212_20251026_184212\characters\characters_info.json
2025-11-02 17:21:46 | INFO     | src.gui.mixins.image_modules.char_utils | _load_project_characters:140 | 文件是否存在：True
2025-11-02 17:21:46 | INFO     | src.gui.mixins.image_modules.char_utils | _load_project_characters:146 | 📖 已加载人物描述文件：projects\完整测试_20251026_184212_20251026_184212\characters\characters_info.json
2025-11-02 17:21:46 | INFO     | src.gui.mixins.image_modules.char_utils | _load_project_characters:147 | JSON内容类型：<class 'dict'>
2025-11-02 17:21:46 | INFO     | src.gui.mixins.image_modules.char_utils | _load_project_characters:148 | JSON内容长度：5
2025-11-02 17:21:46 | INFO     | src.gui.mixins.image_modules.char_utils | _load_project_characters:171 | 📋 使用扁平格式JSON
2025-11-02 17:21:46 | INFO     | src.gui.mixins.image_modules.char_utils | _load_project_characters:173 | 处理后的characters_info包含 5 个键
2025-11-02 17:21:46 | INFO     | src.gui.mixins.image_modules.char_utils | _load_project_characters:266 | ✅ 已加载 5 个人物（其中 0 个有照片），跳过 0 个无效项
2025-11-02 17:21:46 | INFO     | src.gui.mixins.image_modules.char_utils | _load_project_characters:270 | ✅ 已加载项目人物：['沈苒', '小远', '林舟', '陈明', '张大师']
2025-11-02 17:21:46 | INFO     | src.gui.mixins.image_modules.char_extract | _on_character_selected:248 | 选择人物：沈苒 (索引: 0)
2025-11-02 17:21:46 | INFO     | src.gui.mixins.image_modules.char_extract | _on_character_selected:249 | 人物描述长度：482 字符
2025-11-02 17:21:46 | INFO     | src.gui.mixins.image_modules.char_extract | _on_character_selected:262 | 已加载人物"沈苒"的描述
2025-11-02 17:21:46 | INFO     | src.gui.mixins.image_modules.char_utils | _load_project_characters:283 | 已更新人物列表框，当前显示 5 个人物
2025-11-02 17:21:46 | INFO     | src.gui.mixins.image_modules.char_utils | _load_project_characters:290 | === 人物数据加载完成 ===
2025-11-02 17:23:45 | INFO     | src.core.logging_config | init_logging:134 | 日志系统初始化完成
2025-11-02 17:23:45 | INFO     | src.core.logging_config | init_logging:135 | 日志级别: INFO
2025-11-02 17:23:45 | INFO     | src.core.logging_config | init_logging:136 | 文件日志: 启用
2025-11-02 17:23:46 | INFO     | src.core.logging_config | main:34 | ============================================================
2025-11-02 17:23:46 | INFO     | src.core.logging_config | main:35 | 启动 AI Story Creator Pro
2025-11-02 17:23:46 | INFO     | src.core.logging_config | main:36 | 窗口尺寸: 1500x850
2025-11-02 17:23:46 | INFO     | src.core.logging_config | main:37 | 设计风格: 精致 · 简约 · 专业
2025-11-02 17:23:46 | INFO     | src.core.logging_config | main:38 | ============================================================
2025-11-02 17:23:47 | INFO     | src.gui.modern_app | __init__:92 | ✅ 自动保存功能已启用（每5分钟）
2025-11-02 17:23:47 | INFO     | src.gui.mixins.story_modules.input_cache | _bind_input_cache_events:174 | 输入自动保存已启用
2025-11-02 17:23:48 | INFO     | src.gui.mixins.story_modules.input_cache | _load_input_cache:66 | 已恢复上次输入内容
2025-11-02 17:23:48 | INFO     | src.gui.modern_app | _init_startup_state:143 | 启动状态初始化完成（无项目, 有缓存）
2025-11-02 17:23:50 | INFO     | src.gui.mixins.director_modules.director_mixin | _refresh_shot_combo:96 | 刷新下拉框成功，共 2 个分镜
2025-11-02 17:23:50 | INFO     | src.gui.mixins.director_modules.handlers.project_handler | load_director_data_from_project:118 | 已加载 2 个分镜
2025-11-02 17:23:50 | INFO     | src.gui.mixins.project_mixin | _on_load_project:217 | 使用增强加载功能成功加载项目
2025-11-02 17:23:50 | INFO     | src.gui.mixins.project_mixin | _on_load_project:226 | 后备：单独加载人物数据
2025-11-02 17:23:50 | INFO     | src.gui.mixins.image_modules.char_utils | _load_project_characters:112 | === 开始加载项目人物数据 ===
2025-11-02 17:23:50 | INFO     | src.gui.mixins.image_modules.char_utils | _load_project_characters:117 | 已清空人物列表（之前有 0 个人物）
2025-11-02 17:23:50 | INFO     | src.gui.mixins.image_modules.char_utils | _load_project_characters:127 | 项目路径：projects\完整测试_20251026_184212_20251026_184212
2025-11-02 17:23:50 | INFO     | src.gui.mixins.image_modules.char_utils | _load_project_characters:128 | 人物文件夹路径：projects\完整测试_20251026_184212_20251026_184212\characters
2025-11-02 17:23:50 | INFO     | src.gui.mixins.image_modules.char_utils | _load_project_characters:139 | 检查人物信息文件：projects\完整测试_20251026_184212_20251026_184212\characters\characters_info.json
2025-11-02 17:23:50 | INFO     | src.gui.mixins.image_modules.char_utils | _load_project_characters:140 | 文件是否存在：True
2025-11-02 17:23:50 | INFO     | src.gui.mixins.image_modules.char_utils | _load_project_characters:146 | 📖 已加载人物描述文件：projects\完整测试_20251026_184212_20251026_184212\characters\characters_info.json
2025-11-02 17:23:50 | INFO     | src.gui.mixins.image_modules.char_utils | _load_project_characters:147 | JSON内容类型：<class 'dict'>
2025-11-02 17:23:50 | INFO     | src.gui.mixins.image_modules.char_utils | _load_project_characters:148 | JSON内容长度：5
2025-11-02 17:23:50 | INFO     | src.gui.mixins.image_modules.char_utils | _load_project_characters:171 | 📋 使用扁平格式JSON
2025-11-02 17:23:50 | INFO     | src.gui.mixins.image_modules.char_utils | _load_project_characters:173 | 处理后的characters_info包含 5 个键
2025-11-02 17:23:50 | INFO     | src.gui.mixins.image_modules.char_utils | _load_project_characters:266 | ✅ 已加载 5 个人物（其中 0 个有照片），跳过 0 个无效项
2025-11-02 17:23:50 | INFO     | src.gui.mixins.image_modules.char_utils | _load_project_characters:270 | ✅ 已加载项目人物：['沈苒', '小远', '林舟', '陈明', '张大师']
2025-11-02 17:23:50 | INFO     | src.gui.mixins.image_modules.char_extract | _on_character_selected:248 | 选择人物：沈苒 (索引: 0)
2025-11-02 17:23:50 | INFO     | src.gui.mixins.image_modules.char_extract | _on_character_selected:249 | 人物描述长度：482 字符
2025-11-02 17:23:50 | INFO     | src.gui.mixins.image_modules.char_extract | _on_character_selected:262 | 已加载人物"沈苒"的描述
2025-11-02 17:23:50 | INFO     | src.gui.mixins.image_modules.char_utils | _load_project_characters:283 | 已更新人物列表框，当前显示 5 个人物
2025-11-02 17:23:50 | INFO     | src.gui.mixins.image_modules.char_utils | _load_project_characters:290 | === 人物数据加载完成 ===
2025-11-02 22:39:44 | INFO     | src.core.logging_config | init_logging:134 | 日志系统初始化完成
2025-11-02 22:39:44 | INFO     | src.core.logging_config | init_logging:135 | 日志级别: INFO
2025-11-02 22:39:44 | INFO     | src.core.logging_config | init_logging:136 | 文件日志: 启用
2025-11-02 22:39:44 | INFO     | src.core.logging_config | main:34 | ============================================================
2025-11-02 22:39:44 | INFO     | src.core.logging_config | main:35 | 启动 AI Story Creator Pro
2025-11-02 22:39:44 | INFO     | src.core.logging_config | main:36 | 窗口尺寸: 1500x850
2025-11-02 22:39:44 | INFO     | src.core.logging_config | main:37 | 设计风格: 精致 · 简约 · 专业
2025-11-02 22:39:44 | INFO     | src.core.logging_config | main:38 | ============================================================
2025-11-02 22:39:46 | INFO     | src.gui.modern_app | __init__:92 | ✅ 自动保存功能已启用（每5分钟）
2025-11-02 22:39:46 | INFO     | src.gui.mixins.story_modules.input_cache | _bind_input_cache_events:174 | 输入自动保存已启用
2025-11-02 22:39:46 | INFO     | src.gui.mixins.story_modules.input_cache | _load_input_cache:66 | 已恢复上次输入内容
2025-11-02 22:39:46 | INFO     | src.gui.modern_app | _init_startup_state:143 | 启动状态初始化完成（无项目, 有缓存）
2025-11-02 22:39:49 | INFO     | src.gui.mixins.director_modules.director_mixin | _refresh_shot_combo:96 | 刷新下拉框成功，共 2 个分镜
2025-11-02 22:39:49 | INFO     | src.gui.mixins.director_modules.handlers.project_handler | load_director_data_from_project:118 | 已加载 2 个分镜
2025-11-02 22:39:49 | INFO     | src.gui.mixins.project_mixin | _on_load_project:217 | 使用增强加载功能成功加载项目
2025-11-02 22:39:49 | INFO     | src.gui.mixins.project_mixin | _on_load_project:226 | 后备：单独加载人物数据
2025-11-02 22:39:49 | INFO     | src.gui.mixins.image_modules.char_utils | _load_project_characters:112 | === 开始加载项目人物数据 ===
2025-11-02 22:39:49 | INFO     | src.gui.mixins.image_modules.char_utils | _load_project_characters:117 | 已清空人物列表（之前有 0 个人物）
2025-11-02 22:39:49 | INFO     | src.gui.mixins.image_modules.char_utils | _load_project_characters:127 | 项目路径：projects\完整测试_20251026_184212_20251026_184212
2025-11-02 22:39:49 | INFO     | src.gui.mixins.image_modules.char_utils | _load_project_characters:128 | 人物文件夹路径：projects\完整测试_20251026_184212_20251026_184212\characters
2025-11-02 22:39:49 | INFO     | src.gui.mixins.image_modules.char_utils | _load_project_characters:139 | 检查人物信息文件：projects\完整测试_20251026_184212_20251026_184212\characters\characters_info.json
2025-11-02 22:39:49 | INFO     | src.gui.mixins.image_modules.char_utils | _load_project_characters:140 | 文件是否存在：True
2025-11-02 22:39:49 | INFO     | src.gui.mixins.image_modules.char_utils | _load_project_characters:146 | 📖 已加载人物描述文件：projects\完整测试_20251026_184212_20251026_184212\characters\characters_info.json
2025-11-02 22:39:49 | INFO     | src.gui.mixins.image_modules.char_utils | _load_project_characters:147 | JSON内容类型：<class 'dict'>
2025-11-02 22:39:49 | INFO     | src.gui.mixins.image_modules.char_utils | _load_project_characters:148 | JSON内容长度：5
2025-11-02 22:39:49 | INFO     | src.gui.mixins.image_modules.char_utils | _load_project_characters:171 | 📋 使用扁平格式JSON
2025-11-02 22:39:49 | INFO     | src.gui.mixins.image_modules.char_utils | _load_project_characters:173 | 处理后的characters_info包含 5 个键
2025-11-02 22:39:49 | INFO     | src.gui.mixins.image_modules.char_utils | _load_project_characters:266 | ✅ 已加载 5 个人物（其中 0 个有照片），跳过 0 个无效项
2025-11-02 22:39:49 | INFO     | src.gui.mixins.image_modules.char_utils | _load_project_characters:270 | ✅ 已加载项目人物：['沈苒', '小远', '林舟', '陈明', '张大师']
2025-11-02 22:39:49 | INFO     | src.gui.mixins.image_modules.char_extract | _on_character_selected:248 | 选择人物：沈苒 (索引: 0)
2025-11-02 22:39:49 | INFO     | src.gui.mixins.image_modules.char_extract | _on_character_selected:249 | 人物描述长度：482 字符
2025-11-02 22:39:49 | INFO     | src.gui.mixins.image_modules.char_extract | _on_character_selected:262 | 已加载人物"沈苒"的描述
2025-11-02 22:39:49 | INFO     | src.gui.mixins.image_modules.char_utils | _load_project_characters:283 | 已更新人物列表框，当前显示 5 个人物
2025-11-02 22:39:49 | INFO     | src.gui.mixins.image_modules.char_utils | _load_project_characters:290 | === 人物数据加载完成 ===
2025-11-02 22:40:14 | INFO     | src.gui.mixins.image_modules.char_photo | _on_view_character_gallery:91 | 查找人物"沈苒"的照片：
2025-11-02 22:40:14 | INFO     | src.gui.mixins.image_modules.char_photo | _on_view_character_gallery:92 |   清理后的人物名：沈苒
2025-11-02 22:40:14 | INFO     | src.gui.mixins.image_modules.char_photo | _on_view_character_gallery:93 |   找到 1 张照片
2025-11-02 22:40:14 | INFO     | src.gui.mixins.image_modules.char_photo | _on_view_character_gallery:95 |   照片列表：['沈苒.png']
2025-11-02 22:40:17 | INFO     | src.gui.mixins.image_modules.char_extract | _on_character_selected:248 | 选择人物：小远 (索引: 1)
2025-11-02 22:40:17 | INFO     | src.gui.mixins.image_modules.char_extract | _on_character_selected:249 | 人物描述长度：466 字符
2025-11-02 22:40:17 | INFO     | src.gui.mixins.image_modules.char_extract | _on_character_selected:262 | 已加载人物"小远"的描述
2025-11-02 22:40:20 | INFO     | src.gui.mixins.image_modules.char_photo | _on_view_character_gallery:91 | 查找人物"小远"的照片：
2025-11-02 22:40:20 | INFO     | src.gui.mixins.image_modules.char_photo | _on_view_character_gallery:92 |   清理后的人物名：小远
2025-11-02 22:40:20 | INFO     | src.gui.mixins.image_modules.char_photo | _on_view_character_gallery:93 |   找到 1 张照片
2025-11-02 22:40:20 | INFO     | src.gui.mixins.image_modules.char_photo | _on_view_character_gallery:95 |   照片列表：['小远.png']
2025-11-02 22:40:22 | INFO     | src.gui.mixins.image_modules.handlers.character_photo_handler | handle_generate_photo:62 | 准备生成人物照片：小远
2025-11-02 22:40:22 | INFO     | src.gui.mixins.image_modules.handlers.character_photo_handler | handle_generate_photo:63 | 人物描述长度：466 字符
2025-11-02 22:40:22 | INFO     | src.gui.mixins.image_modules.handlers.character_photo_handler | handle_generate_photo:65 | 人物描述预览：基于故事内容，以下是关于“小远”的详细外貌特征描述：

小远是一名约十岁左右的男孩。他拥有一张稚气未脱的圆润脸蛋，皮肤白皙细腻。面部五官清秀，额头饱满；眉毛颜色偏浅，形状细长；眼睛大而圆，双眼皮明显，...
2025-11-02 22:40:22 | INFO     | src.gui.mixins.image_modules.handlers.character_photo_handler | generate_photo_thread:112 | [1/1] 正在生成：正面视图 + 中性表情
2025-11-02 22:40:22 | INFO     | src.gui.mixins.image_modules.handlers.character_photo_handler | generate_photo_thread:124 | [1/1] 人物：小远，描述长度：466
2025-11-02 22:40:22 | INFO     | src.gui.mixins.image_modules.handlers.character_photo_generator | generate_photo:68 | === 开始生成人物照片 ===
2025-11-02 22:40:22 | INFO     | src.gui.mixins.image_modules.handlers.character_photo_generator | generate_photo:69 | 人物名称：小远
2025-11-02 22:40:22 | INFO     | src.gui.mixins.image_modules.handlers.character_photo_generator | generate_photo:70 | 描述长度：466 字符
2025-11-02 22:40:22 | INFO     | src.gui.mixins.image_modules.handlers.character_photo_generator | generate_photo:72 | 描述预览：基于故事内容，以下是关于“小远”的详细外貌特征描述：

小远是一名约十岁左右的男孩。他拥有一张稚气未脱的圆润脸蛋，皮肤白皙细腻。面部五官清秀，额头饱满；眉毛颜色偏浅，形状细长；眼睛大而圆，双眼皮明显，瞳仁是清澈的浅褐色，常带着孩童特有的纯真好奇神情。鼻梁小巧挺直，鼻头圆润，配上总是微微上扬的嘴角，显...
2025-11-02 22:40:22 | INFO     | src.gui.mixins.image_modules.handlers.character_photo_generator | generate_photo:80 | 图片API类型: sd
2025-11-02 22:40:22 | INFO     | src.gui.mixins.image_modules.handlers.character_photo_generator | _generate_with_sd:213 | 模式：txt2img（使用完整人物描述生成）
2025-11-02 22:40:22 | INFO     | src.gui.mixins.image_modules.handlers.character_photo_generator | _generate_with_sd:254 | SD标签式提示词 (正面+中性): (((solo))), (((1person))), (solo:2.0), (1person:2.0), only one person, single person portrait, masterpiece, best quality, ultra detailed, 8k, 1boy, boy, male child, child, young boy, 10 years old, 10 ...
2025-11-02 22:40:22 | INFO     | src.gui.mixins.image_modules.handlers.character_photo_generator | _generate_with_sd:305 | 使用 txt2img 模式（生成基准图）
2025-11-02 22:40:22 | INFO     | src.gui.mixins.image_modules.handlers.character_photo_generator | _generate_with_sd:308 | 固定 seed: 316211617
2025-11-02 22:40:37 | INFO     | src.gui.mixins.image_modules.handlers.character_photo_saver | auto_save_photo_with_name:113 | 准备保存到：projects\完整测试_20251026_184212_20251026_184212\characters\小远.png
2025-11-02 22:40:37 | INFO     | src.gui.mixins.image_modules.handlers.character_photo_saver | auto_save_photo_with_name:126 | 照片已保存: projects\完整测试_20251026_184212_20251026_184212\characters\小远.png (相对路径: characters\小远.png)
2025-11-02 22:40:37 | INFO     | src.gui.mixins.image_modules.handlers.character_photo_handler | generate_photo_thread:184 | ✅ [1/1] 正面+中性照片生成成功
2025-11-02 22:53:42 | INFO     | __main__ | main:61 | 用户中断，正在退出...
2025-11-02 22:53:42 | INFO     | src.core.logging_config | init_logging:134 | 日志系统初始化完成
2025-11-02 22:53:42 | INFO     | src.core.logging_config | init_logging:135 | 日志级别: INFO
2025-11-02 22:53:42 | INFO     | src.core.logging_config | init_logging:136 | 文件日志: 启用
2025-11-02 22:53:43 | INFO     | src.core.logging_config | main:34 | ============================================================
2025-11-02 22:53:43 | INFO     | src.core.logging_config | main:35 | 启动 AI Story Creator Pro
2025-11-02 22:53:43 | INFO     | src.core.logging_config | main:36 | 窗口尺寸: 1500x850
2025-11-02 22:53:43 | INFO     | src.core.logging_config | main:37 | 设计风格: 精致 · 简约 · 专业
2025-11-02 22:53:43 | INFO     | src.core.logging_config | main:38 | ============================================================
2025-11-02 22:53:44 | INFO     | src.gui.modern_app | __init__:92 | ✅ 自动保存功能已启用（每5分钟）
2025-11-02 22:53:44 | INFO     | src.gui.mixins.story_modules.input_cache | _bind_input_cache_events:174 | 输入自动保存已启用
2025-11-02 22:53:45 | INFO     | src.gui.mixins.story_modules.input_cache | _load_input_cache:66 | 已恢复上次输入内容
2025-11-02 22:53:45 | INFO     | src.gui.modern_app | _init_startup_state:143 | 启动状态初始化完成（无项目, 有缓存）
2025-11-02 22:53:47 | INFO     | src.gui.mixins.director_modules.director_mixin | _refresh_shot_combo:96 | 刷新下拉框成功，共 2 个分镜
2025-11-02 22:53:47 | INFO     | src.gui.mixins.director_modules.handlers.project_handler | load_director_data_from_project:118 | 已加载 2 个分镜
2025-11-02 22:53:47 | INFO     | src.gui.mixins.project_mixin | _on_load_project:217 | 使用增强加载功能成功加载项目
2025-11-02 22:53:47 | INFO     | src.gui.mixins.project_mixin | _on_load_project:226 | 后备：单独加载人物数据
2025-11-02 22:53:47 | INFO     | src.gui.mixins.image_modules.char_utils | _load_project_characters:112 | === 开始加载项目人物数据 ===
2025-11-02 22:53:47 | INFO     | src.gui.mixins.image_modules.char_utils | _load_project_characters:117 | 已清空人物列表（之前有 0 个人物）
2025-11-02 22:53:47 | INFO     | src.gui.mixins.image_modules.char_utils | _load_project_characters:127 | 项目路径：projects\完整测试_20251026_184212_20251026_184212
2025-11-02 22:53:47 | INFO     | src.gui.mixins.image_modules.char_utils | _load_project_characters:128 | 人物文件夹路径：projects\完整测试_20251026_184212_20251026_184212\characters
2025-11-02 22:53:47 | INFO     | src.gui.mixins.image_modules.char_utils | _load_project_characters:139 | 检查人物信息文件：projects\完整测试_20251026_184212_20251026_184212\characters\characters_info.json
2025-11-02 22:53:47 | INFO     | src.gui.mixins.image_modules.char_utils | _load_project_characters:140 | 文件是否存在：True
2025-11-02 22:53:47 | INFO     | src.gui.mixins.image_modules.char_utils | _load_project_characters:146 | 📖 已加载人物描述文件：projects\完整测试_20251026_184212_20251026_184212\characters\characters_info.json
2025-11-02 22:53:47 | INFO     | src.gui.mixins.image_modules.char_utils | _load_project_characters:147 | JSON内容类型：<class 'dict'>
2025-11-02 22:53:47 | INFO     | src.gui.mixins.image_modules.char_utils | _load_project_characters:148 | JSON内容长度：5
2025-11-02 22:53:47 | INFO     | src.gui.mixins.image_modules.char_utils | _load_project_characters:171 | 📋 使用扁平格式JSON
2025-11-02 22:53:47 | INFO     | src.gui.mixins.image_modules.char_utils | _load_project_characters:173 | 处理后的characters_info包含 5 个键
2025-11-02 22:53:47 | INFO     | src.gui.mixins.image_modules.char_utils | _load_project_characters:266 | ✅ 已加载 5 个人物（其中 0 个有照片），跳过 0 个无效项
2025-11-02 22:53:47 | INFO     | src.gui.mixins.image_modules.char_utils | _load_project_characters:270 | ✅ 已加载项目人物：['沈苒', '小远', '林舟', '陈明', '张大师']
2025-11-02 22:53:47 | INFO     | src.gui.mixins.image_modules.char_extract | _on_character_selected:248 | 选择人物：沈苒 (索引: 0)
2025-11-02 22:53:47 | INFO     | src.gui.mixins.image_modules.char_extract | _on_character_selected:249 | 人物描述长度：482 字符
2025-11-02 22:53:47 | INFO     | src.gui.mixins.image_modules.char_extract | _on_character_selected:262 | 已加载人物"沈苒"的描述
2025-11-02 22:53:47 | INFO     | src.gui.mixins.image_modules.char_utils | _load_project_characters:283 | 已更新人物列表框，当前显示 5 个人物
2025-11-02 22:53:47 | INFO     | src.gui.mixins.image_modules.char_utils | _load_project_characters:290 | === 人物数据加载完成 ===
2025-11-02 22:53:52 | INFO     | src.gui.mixins.image_modules.handlers.character_photo_handler | handle_generate_photo:62 | 准备生成人物照片：沈苒
2025-11-02 22:53:52 | INFO     | src.gui.mixins.image_modules.handlers.character_photo_handler | handle_generate_photo:63 | 人物描述长度：482 字符
2025-11-02 22:53:52 | INFO     | src.gui.mixins.image_modules.handlers.character_photo_handler | handle_generate_photo:65 | 人物描述预览：沈苒是一位约三十岁出头的青年女性，面容清秀但带着长期焦虑的痕迹。她的脸型是标准的鹅蛋脸，下颌线条柔和，但最近略显消瘦。额头饱满，皮肤原本白皙，但因长期失眠眼下带着明显的青灰色阴影。眉毛是自然的柳叶形，...
2025-11-02 22:53:52 | INFO     | src.gui.mixins.image_modules.handlers.character_photo_handler | generate_photo_thread:112 | [1/1] 正在生成：正面视图 + 中性表情
2025-11-02 22:53:52 | INFO     | src.gui.mixins.image_modules.handlers.character_photo_handler | generate_photo_thread:124 | [1/1] 人物：沈苒，描述长度：482
2025-11-02 22:53:52 | INFO     | src.gui.mixins.image_modules.handlers.character_photo_generator | generate_photo:68 | === 开始生成人物照片 ===
2025-11-02 22:53:52 | INFO     | src.gui.mixins.image_modules.handlers.character_photo_generator | generate_photo:69 | 人物名称：沈苒
2025-11-02 22:53:52 | INFO     | src.gui.mixins.image_modules.handlers.character_photo_generator | generate_photo:70 | 描述长度：482 字符
2025-11-02 22:53:52 | INFO     | src.gui.mixins.image_modules.handlers.character_photo_generator | generate_photo:72 | 描述预览：沈苒是一位约三十岁出头的青年女性，面容清秀但带着长期焦虑的痕迹。她的脸型是标准的鹅蛋脸，下颌线条柔和，但最近略显消瘦。额头饱满，皮肤原本白皙，但因长期失眠眼下带着明显的青灰色阴影。眉毛是自然的柳叶形，很少修剪，眉间有一道浅浅的竖纹，是经常蹙眉留下的痕迹。眼睛大而明亮，本该很动人，如今却总是笼罩着一层...
2025-11-02 22:53:52 | INFO     | src.gui.mixins.image_modules.handlers.character_photo_generator | generate_photo:80 | 图片API类型: sd
2025-11-02 22:53:52 | INFO     | src.gui.mixins.image_modules.handlers.character_photo_generator | _generate_with_sd:220 | 模式：txt2img（使用完整人物描述生成）
2025-11-02 22:53:52 | INFO     | src.gui.mixins.image_modules.handlers.character_photo_generator | _generate_with_sd:266 | === SD 标签式提示词（Tag-based Prompt）===
2025-11-02 22:53:52 | INFO     | src.gui.mixins.image_modules.handlers.character_photo_generator | _generate_with_sd:267 | 正向提示词 (前200字符): (((solo))), (((1person))), (solo:2.0), (1person:2.0), only one person, single person portrait, tired, anxious, masterpiece, best quality, ultra detailed, 8k, 1woman, 30 years old, adult female, woman,...
2025-11-02 22:53:52 | INFO     | src.gui.mixins.image_modules.handlers.character_photo_generator | _generate_with_sd:268 | 正向提示词长度: 903 字符
2025-11-02 22:53:52 | INFO     | src.gui.mixins.image_modules.handlers.character_photo_generator | _generate_with_sd:269 | 负向提示词 (前100字符): low quality, worst quality, normal quality, lowres, blurry, fuzzy, out of focus, jpeg artifacts, com...
2025-11-02 22:53:52 | INFO     | src.gui.mixins.image_modules.handlers.character_photo_generator | _generate_with_sd:270 | 负向提示词长度: 2028 字符
2025-11-02 22:53:52 | INFO     | src.gui.mixins.image_modules.handlers.character_photo_generator | _generate_with_sd:320 | 使用 txt2img 模式（生成基准图）
2025-11-02 22:53:52 | INFO     | src.gui.mixins.image_modules.handlers.character_photo_generator | _generate_with_sd:323 | 固定 seed: 32858030
2025-11-02 22:54:07 | INFO     | src.gui.mixins.image_modules.handlers.character_photo_saver | auto_save_photo_with_name:113 | 准备保存到：projects\完整测试_20251026_184212_20251026_184212\characters\沈苒.png
2025-11-02 22:54:07 | INFO     | src.gui.mixins.image_modules.handlers.character_photo_saver | auto_save_photo_with_name:126 | 照片已保存: projects\完整测试_20251026_184212_20251026_184212\characters\沈苒.png (相对路径: characters\沈苒.png)
2025-11-02 22:54:07 | INFO     | src.gui.mixins.image_modules.handlers.character_photo_handler | generate_photo_thread:184 | ✅ [1/1] 正面+中性照片生成成功
2025-11-02 22:54:47 | INFO     | src.gui.mixins.image_modules.char_extract | _on_character_selected:248 | 选择人物：沈苒 (索引: 0)
2025-11-02 22:54:47 | INFO     | src.gui.mixins.image_modules.char_extract | _on_character_selected:249 | 人物描述长度：482 字符
2025-11-02 22:54:47 | INFO     | src.gui.mixins.image_modules.char_extract | _on_character_selected:262 | 已加载人物"沈苒"的描述
2025-11-02 22:54:48 | INFO     | src.gui.mixins.image_modules.handlers.character_photo_handler | handle_generate_photo:62 | 准备生成人物照片：沈苒
2025-11-02 22:54:48 | INFO     | src.gui.mixins.image_modules.handlers.character_photo_handler | handle_generate_photo:63 | 人物描述长度：482 字符
2025-11-02 22:54:48 | INFO     | src.gui.mixins.image_modules.handlers.character_photo_handler | handle_generate_photo:65 | 人物描述预览：沈苒是一位约三十岁出头的青年女性，面容清秀但带着长期焦虑的痕迹。她的脸型是标准的鹅蛋脸，下颌线条柔和，但最近略显消瘦。额头饱满，皮肤原本白皙，但因长期失眠眼下带着明显的青灰色阴影。眉毛是自然的柳叶形，...
2025-11-02 22:54:48 | INFO     | src.gui.mixins.image_modules.handlers.character_photo_handler | generate_photo_thread:112 | [1/1] 正在生成：正面视图 + 中性表情
2025-11-02 22:54:48 | INFO     | src.gui.mixins.image_modules.handlers.character_photo_handler | generate_photo_thread:124 | [1/1] 人物：沈苒，描述长度：482
2025-11-02 22:54:48 | INFO     | src.gui.mixins.image_modules.handlers.character_photo_generator | generate_photo:68 | === 开始生成人物照片 ===
2025-11-02 22:54:48 | INFO     | src.gui.mixins.image_modules.handlers.character_photo_generator | generate_photo:69 | 人物名称：沈苒
2025-11-02 22:54:48 | INFO     | src.gui.mixins.image_modules.handlers.character_photo_generator | generate_photo:70 | 描述长度：482 字符
2025-11-02 22:54:48 | INFO     | src.gui.mixins.image_modules.handlers.character_photo_generator | generate_photo:72 | 描述预览：沈苒是一位约三十岁出头的青年女性，面容清秀但带着长期焦虑的痕迹。她的脸型是标准的鹅蛋脸，下颌线条柔和，但最近略显消瘦。额头饱满，皮肤原本白皙，但因长期失眠眼下带着明显的青灰色阴影。眉毛是自然的柳叶形，很少修剪，眉间有一道浅浅的竖纹，是经常蹙眉留下的痕迹。眼睛大而明亮，本该很动人，如今却总是笼罩着一层...
2025-11-02 22:54:48 | INFO     | src.gui.mixins.image_modules.handlers.character_photo_generator | generate_photo:80 | 图片API类型: sd
2025-11-02 22:54:48 | INFO     | src.gui.mixins.image_modules.handlers.character_photo_generator | _generate_with_sd:220 | 模式：txt2img（使用完整人物描述生成）
2025-11-02 22:54:48 | INFO     | src.gui.mixins.image_modules.handlers.character_photo_generator | _generate_with_sd:266 | === SD 标签式提示词（Tag-based Prompt）===
2025-11-02 22:54:48 | INFO     | src.gui.mixins.image_modules.handlers.character_photo_generator | _generate_with_sd:267 | 正向提示词 (前200字符): (((solo))), (((1person))), (solo:2.0), (1person:2.0), only one person, single person portrait, tired, anxious, masterpiece, best quality, ultra detailed, 8k, 1woman, 30 years old, adult female, woman,...
2025-11-02 22:54:48 | INFO     | src.gui.mixins.image_modules.handlers.character_photo_generator | _generate_with_sd:268 | 正向提示词长度: 903 字符
2025-11-02 22:54:48 | INFO     | src.gui.mixins.image_modules.handlers.character_photo_generator | _generate_with_sd:269 | 负向提示词 (前100字符): low quality, worst quality, normal quality, lowres, blurry, fuzzy, out of focus, jpeg artifacts, com...
2025-11-02 22:54:48 | INFO     | src.gui.mixins.image_modules.handlers.character_photo_generator | _generate_with_sd:270 | 负向提示词长度: 2028 字符
2025-11-02 22:54:48 | INFO     | src.gui.mixins.image_modules.handlers.character_photo_generator | _generate_with_sd:320 | 使用 txt2img 模式（生成基准图）
2025-11-02 22:54:48 | INFO     | src.gui.mixins.image_modules.handlers.character_photo_generator | _generate_with_sd:323 | 固定 seed: 32858030
2025-11-02 22:54:53 | INFO     | src.gui.mixins.image_modules.char_photo | _on_view_character_gallery:91 | 查找人物"沈苒"的照片：
2025-11-02 22:54:53 | INFO     | src.gui.mixins.image_modules.char_photo | _on_view_character_gallery:92 |   清理后的人物名：沈苒
2025-11-02 22:54:53 | INFO     | src.gui.mixins.image_modules.char_photo | _on_view_character_gallery:93 |   找到 1 张照片
2025-11-02 22:54:53 | INFO     | src.gui.mixins.image_modules.char_photo | _on_view_character_gallery:95 |   照片列表：['沈苒.png']
2025-11-02 22:55:03 | INFO     | src.gui.mixins.image_modules.handlers.character_photo_saver | auto_save_photo_with_name:113 | 准备保存到：projects\完整测试_20251026_184212_20251026_184212\characters\沈苒.png
2025-11-02 22:55:03 | INFO     | src.gui.mixins.image_modules.handlers.character_photo_saver | auto_save_photo_with_name:126 | 照片已保存: projects\完整测试_20251026_184212_20251026_184212\characters\沈苒.png (相对路径: characters\沈苒.png)
2025-11-02 22:55:03 | INFO     | src.gui.mixins.image_modules.handlers.character_photo_handler | generate_photo_thread:184 | ✅ [1/1] 正面+中性照片生成成功
2025-11-02 22:55:10 | INFO     | src.gui.mixins.image_modules.char_photo | _on_view_character_gallery:91 | 查找人物"沈苒"的照片：
2025-11-02 22:55:10 | INFO     | src.gui.mixins.image_modules.char_photo | _on_view_character_gallery:92 |   清理后的人物名：沈苒
2025-11-02 22:55:10 | INFO     | src.gui.mixins.image_modules.char_photo | _on_view_character_gallery:93 |   找到 1 张照片
2025-11-02 22:55:10 | INFO     | src.gui.mixins.image_modules.char_photo | _on_view_character_gallery:95 |   照片列表：['沈苒.png']
2025-11-02 22:59:14 | INFO     | src.gui.mixins.image_modules.char_extract | _on_character_selected:248 | 选择人物：张大师 (索引: 4)
2025-11-02 22:59:14 | INFO     | src.gui.mixins.image_modules.char_extract | _on_character_selected:249 | 人物描述长度：0 字符
2025-11-02 22:59:14 | WARNING  | src.gui.mixins.image_modules.char_extract | _on_character_selected:269 | 人物"张大师"的描述为空，需要生成
2025-11-02 23:01:25 | INFO     | src.core.logging_config | init_logging:134 | 日志系统初始化完成
2025-11-02 23:01:25 | INFO     | src.core.logging_config | init_logging:135 | 日志级别: INFO
2025-11-02 23:01:25 | INFO     | src.core.logging_config | init_logging:136 | 文件日志: 启用
2025-11-02 23:01:26 | INFO     | src.core.logging_config | main:34 | ============================================================
2025-11-02 23:01:26 | INFO     | src.core.logging_config | main:35 | 启动 AI Story Creator Pro
2025-11-02 23:01:26 | INFO     | src.core.logging_config | main:36 | 窗口尺寸: 1500x850
2025-11-02 23:01:26 | INFO     | src.core.logging_config | main:37 | 设计风格: 精致 · 简约 · 专业
2025-11-02 23:01:26 | INFO     | src.core.logging_config | main:38 | ============================================================
2025-11-02 23:01:27 | INFO     | src.gui.modern_app | __init__:92 | ✅ 自动保存功能已启用（每5分钟）
2025-11-02 23:01:28 | INFO     | src.gui.mixins.story_modules.input_cache | _bind_input_cache_events:174 | 输入自动保存已启用
2025-11-02 23:01:28 | INFO     | src.gui.mixins.story_modules.input_cache | _load_input_cache:66 | 已恢复上次输入内容
2025-11-02 23:01:28 | INFO     | src.gui.modern_app | _init_startup_state:143 | 启动状态初始化完成（无项目, 有缓存）
2025-11-02 23:01:30 | INFO     | src.gui.mixins.director_modules.director_mixin | _refresh_shot_combo:96 | 刷新下拉框成功，共 2 个分镜
2025-11-02 23:01:30 | INFO     | src.gui.mixins.director_modules.handlers.project_handler | load_director_data_from_project:118 | 已加载 2 个分镜
2025-11-02 23:01:30 | INFO     | src.gui.mixins.project_mixin | _on_load_project:217 | 使用增强加载功能成功加载项目
2025-11-02 23:01:30 | INFO     | src.gui.mixins.project_mixin | _on_load_project:226 | 后备：单独加载人物数据
2025-11-02 23:01:30 | INFO     | src.gui.mixins.image_modules.char_utils | _load_project_characters:112 | === 开始加载项目人物数据 ===
2025-11-02 23:01:30 | INFO     | src.gui.mixins.image_modules.char_utils | _load_project_characters:117 | 已清空人物列表（之前有 0 个人物）
2025-11-02 23:01:30 | INFO     | src.gui.mixins.image_modules.char_utils | _load_project_characters:127 | 项目路径：projects\完整测试_20251026_184212_20251026_184212
2025-11-02 23:01:30 | INFO     | src.gui.mixins.image_modules.char_utils | _load_project_characters:128 | 人物文件夹路径：projects\完整测试_20251026_184212_20251026_184212\characters
2025-11-02 23:01:30 | INFO     | src.gui.mixins.image_modules.char_utils | _load_project_characters:139 | 检查人物信息文件：projects\完整测试_20251026_184212_20251026_184212\characters\characters_info.json
2025-11-02 23:01:30 | INFO     | src.gui.mixins.image_modules.char_utils | _load_project_characters:140 | 文件是否存在：True
2025-11-02 23:01:30 | INFO     | src.gui.mixins.image_modules.char_utils | _load_project_characters:146 | 📖 已加载人物描述文件：projects\完整测试_20251026_184212_20251026_184212\characters\characters_info.json
2025-11-02 23:01:30 | INFO     | src.gui.mixins.image_modules.char_utils | _load_project_characters:147 | JSON内容类型：<class 'dict'>
2025-11-02 23:01:30 | INFO     | src.gui.mixins.image_modules.char_utils | _load_project_characters:148 | JSON内容长度：5
2025-11-02 23:01:30 | INFO     | src.gui.mixins.image_modules.char_utils | _load_project_characters:171 | 📋 使用扁平格式JSON
2025-11-02 23:01:30 | INFO     | src.gui.mixins.image_modules.char_utils | _load_project_characters:173 | 处理后的characters_info包含 5 个键
2025-11-02 23:01:30 | INFO     | src.gui.mixins.image_modules.char_utils | _load_project_characters:266 | ✅ 已加载 5 个人物（其中 0 个有照片），跳过 0 个无效项
2025-11-02 23:01:30 | INFO     | src.gui.mixins.image_modules.char_utils | _load_project_characters:270 | ✅ 已加载项目人物：['沈苒', '小远', '林舟', '陈明', '张大师']
2025-11-02 23:01:30 | INFO     | src.gui.mixins.image_modules.char_extract | _on_character_selected:248 | 选择人物：沈苒 (索引: 0)
2025-11-02 23:01:30 | INFO     | src.gui.mixins.image_modules.char_extract | _on_character_selected:249 | 人物描述长度：482 字符
2025-11-02 23:01:30 | INFO     | src.gui.mixins.image_modules.char_extract | _on_character_selected:262 | 已加载人物"沈苒"的描述
2025-11-02 23:01:30 | INFO     | src.gui.mixins.image_modules.char_utils | _load_project_characters:283 | 已更新人物列表框，当前显示 5 个人物
2025-11-02 23:01:30 | INFO     | src.gui.mixins.image_modules.char_utils | _load_project_characters:290 | === 人物数据加载完成 ===
2025-11-02 23:01:36 | INFO     | src.gui.mixins.image_modules.handlers.character_photo_handler | handle_generate_photo:62 | 准备生成人物照片：沈苒
2025-11-02 23:01:36 | INFO     | src.gui.mixins.image_modules.handlers.character_photo_handler | handle_generate_photo:63 | 人物描述长度：482 字符
2025-11-02 23:01:36 | INFO     | src.gui.mixins.image_modules.handlers.character_photo_handler | handle_generate_photo:65 | 人物描述预览：沈苒是一位约三十岁出头的青年女性，面容清秀但带着长期焦虑的痕迹。她的脸型是标准的鹅蛋脸，下颌线条柔和，但最近略显消瘦。额头饱满，皮肤原本白皙，但因长期失眠眼下带着明显的青灰色阴影。眉毛是自然的柳叶形，...
2025-11-02 23:01:36 | INFO     | src.gui.mixins.image_modules.handlers.character_photo_handler | generate_photo_thread:112 | [1/1] 正在生成：正面视图 + 中性表情
2025-11-02 23:01:36 | INFO     | src.gui.mixins.image_modules.handlers.character_photo_handler | generate_photo_thread:124 | [1/1] 人物：沈苒，描述长度：482
2025-11-02 23:01:36 | INFO     | src.gui.mixins.image_modules.handlers.character_photo_generator | generate_photo:68 | === 开始生成人物照片 ===
2025-11-02 23:01:36 | INFO     | src.gui.mixins.image_modules.handlers.character_photo_generator | generate_photo:69 | 人物名称：沈苒
2025-11-02 23:01:36 | INFO     | src.gui.mixins.image_modules.handlers.character_photo_generator | generate_photo:70 | 描述长度：482 字符
2025-11-02 23:01:36 | INFO     | src.gui.mixins.image_modules.handlers.character_photo_generator | generate_photo:72 | 描述预览：沈苒是一位约三十岁出头的青年女性，面容清秀但带着长期焦虑的痕迹。她的脸型是标准的鹅蛋脸，下颌线条柔和，但最近略显消瘦。额头饱满，皮肤原本白皙，但因长期失眠眼下带着明显的青灰色阴影。眉毛是自然的柳叶形，很少修剪，眉间有一道浅浅的竖纹，是经常蹙眉留下的痕迹。眼睛大而明亮，本该很动人，如今却总是笼罩着一层...
2025-11-02 23:01:36 | INFO     | src.gui.mixins.image_modules.handlers.character_photo_generator | generate_photo:80 | 图片API类型: sd
2025-11-02 23:01:36 | INFO     | src.gui.mixins.image_modules.handlers.character_photo_generator | _generate_with_sd:220 | 模式：txt2img（使用完整人物描述生成）
2025-11-02 23:01:36 | INFO     | src.gui.mixins.image_modules.handlers.character_photo_generator | _generate_with_sd:266 | === SD 标签式提示词（Tag-based Prompt）===
2025-11-02 23:01:36 | INFO     | src.gui.mixins.image_modules.handlers.character_photo_generator | _generate_with_sd:267 | 正向提示词 (前200字符): (((solo))), (((1person))), (solo:2.0), (1person:2.0), only one person, single person portrait, tired, anxious, masterpiece, best quality, ultra detailed, 8k, 1woman, 30 years old, adult female, woman,...
2025-11-02 23:01:36 | INFO     | src.gui.mixins.image_modules.handlers.character_photo_generator | _generate_with_sd:268 | 正向提示词长度: 986 字符
2025-11-02 23:01:36 | INFO     | src.gui.mixins.image_modules.handlers.character_photo_generator | _generate_with_sd:269 | 负向提示词 (前100字符): low quality, worst quality, normal quality, lowres, blurry, fuzzy, out of focus, jpeg artifacts, com...
2025-11-02 23:01:36 | INFO     | src.gui.mixins.image_modules.handlers.character_photo_generator | _generate_with_sd:270 | 负向提示词长度: 2324 字符
2025-11-02 23:01:36 | INFO     | src.gui.mixins.image_modules.handlers.character_photo_generator | _generate_with_sd:320 | 使用 txt2img 模式（生成基准图）
2025-11-02 23:01:36 | INFO     | src.gui.mixins.image_modules.handlers.character_photo_generator | _generate_with_sd:323 | 固定 seed: 32858030
2025-11-02 23:01:50 | INFO     | src.gui.mixins.image_modules.handlers.character_photo_saver | auto_save_photo_with_name:113 | 准备保存到：projects\完整测试_20251026_184212_20251026_184212\characters\沈苒.png
2025-11-02 23:01:50 | INFO     | src.gui.mixins.image_modules.handlers.character_photo_saver | auto_save_photo_with_name:126 | 照片已保存: projects\完整测试_20251026_184212_20251026_184212\characters\沈苒.png (相对路径: characters\沈苒.png)
2025-11-02 23:01:50 | INFO     | src.gui.mixins.image_modules.handlers.character_photo_handler | generate_photo_thread:184 | ✅ [1/1] 正面+中性照片生成成功
2025-11-02 23:05:31 | INFO     | src.gui.mixins.image_modules.char_extract | _on_character_selected:248 | 选择人物：沈苒 (索引: 0)
2025-11-02 23:05:31 | INFO     | src.gui.mixins.image_modules.char_extract | _on_character_selected:249 | 人物描述长度：482 字符
2025-11-02 23:05:31 | INFO     | src.gui.mixins.image_modules.char_extract | _on_character_selected:262 | 已加载人物"沈苒"的描述
2025-11-02 23:05:32 | INFO     | src.gui.mixins.image_modules.handlers.character_photo_handler | handle_generate_photo:62 | 准备生成人物照片：沈苒
2025-11-02 23:05:32 | INFO     | src.gui.mixins.image_modules.handlers.character_photo_handler | handle_generate_photo:63 | 人物描述长度：482 字符
2025-11-02 23:05:32 | INFO     | src.gui.mixins.image_modules.handlers.character_photo_handler | handle_generate_photo:65 | 人物描述预览：沈苒是一位约三十岁出头的青年女性，面容清秀但带着长期焦虑的痕迹。她的脸型是标准的鹅蛋脸，下颌线条柔和，但最近略显消瘦。额头饱满，皮肤原本白皙，但因长期失眠眼下带着明显的青灰色阴影。眉毛是自然的柳叶形，...
2025-11-02 23:05:32 | INFO     | src.gui.mixins.image_modules.handlers.character_photo_handler | generate_photo_thread:112 | [1/1] 正在生成：正面视图 + 中性表情
2025-11-02 23:05:32 | INFO     | src.gui.mixins.image_modules.handlers.character_photo_handler | generate_photo_thread:124 | [1/1] 人物：沈苒，描述长度：482
2025-11-02 23:05:32 | INFO     | src.gui.mixins.image_modules.handlers.character_photo_generator | generate_photo:68 | === 开始生成人物照片 ===
2025-11-02 23:05:32 | INFO     | src.gui.mixins.image_modules.handlers.character_photo_generator | generate_photo:69 | 人物名称：沈苒
2025-11-02 23:05:32 | INFO     | src.gui.mixins.image_modules.handlers.character_photo_generator | generate_photo:70 | 描述长度：482 字符
2025-11-02 23:05:32 | INFO     | src.gui.mixins.image_modules.handlers.character_photo_generator | generate_photo:72 | 描述预览：沈苒是一位约三十岁出头的青年女性，面容清秀但带着长期焦虑的痕迹。她的脸型是标准的鹅蛋脸，下颌线条柔和，但最近略显消瘦。额头饱满，皮肤原本白皙，但因长期失眠眼下带着明显的青灰色阴影。眉毛是自然的柳叶形，很少修剪，眉间有一道浅浅的竖纹，是经常蹙眉留下的痕迹。眼睛大而明亮，本该很动人，如今却总是笼罩着一层...
2025-11-02 23:05:32 | INFO     | src.gui.mixins.image_modules.handlers.character_photo_generator | generate_photo:80 | 图片API类型: sd
2025-11-02 23:05:32 | INFO     | src.gui.mixins.image_modules.handlers.character_photo_generator | _generate_with_sd:220 | 模式：txt2img（使用完整人物描述生成）
2025-11-02 23:05:32 | INFO     | src.gui.mixins.image_modules.handlers.character_photo_generator | _generate_with_sd:266 | === SD 标签式提示词（Tag-based Prompt）===
2025-11-02 23:05:32 | INFO     | src.gui.mixins.image_modules.handlers.character_photo_generator | _generate_with_sd:267 | 正向提示词 (前200字符): (((solo))), (((1person))), (solo:2.0), (1person:2.0), only one person, single person portrait, tired, anxious, masterpiece, best quality, ultra detailed, 8k, 1woman, 30 years old, adult female, woman,...
2025-11-02 23:05:32 | INFO     | src.gui.mixins.image_modules.handlers.character_photo_generator | _generate_with_sd:268 | 正向提示词长度: 986 字符
2025-11-02 23:05:32 | INFO     | src.gui.mixins.image_modules.handlers.character_photo_generator | _generate_with_sd:269 | 负向提示词 (前100字符): low quality, worst quality, normal quality, lowres, blurry, fuzzy, out of focus, jpeg artifacts, com...
2025-11-02 23:05:32 | INFO     | src.gui.mixins.image_modules.handlers.character_photo_generator | _generate_with_sd:270 | 负向提示词长度: 2324 字符
2025-11-02 23:05:32 | INFO     | src.gui.mixins.image_modules.handlers.character_photo_generator | _generate_with_sd:320 | 使用 txt2img 模式（生成基准图）
2025-11-02 23:05:32 | INFO     | src.gui.mixins.image_modules.handlers.character_photo_generator | _generate_with_sd:323 | 固定 seed: 32858030
2025-11-02 23:05:47 | INFO     | src.gui.mixins.image_modules.handlers.character_photo_saver | auto_save_photo_with_name:113 | 准备保存到：projects\完整测试_20251026_184212_20251026_184212\characters\沈苒.png
2025-11-02 23:05:47 | INFO     | src.gui.mixins.image_modules.handlers.character_photo_saver | auto_save_photo_with_name:126 | 照片已保存: projects\完整测试_20251026_184212_20251026_184212\characters\沈苒.png (相对路径: characters\沈苒.png)
2025-11-02 23:05:47 | INFO     | src.gui.mixins.image_modules.handlers.character_photo_handler | generate_photo_thread:184 | ✅ [1/1] 正面+中性照片生成成功
2025-11-02 23:05:51 | INFO     | src.gui.mixins.image_modules.char_photo | _on_view_character_gallery:91 | 查找人物"沈苒"的照片：
2025-11-02 23:05:51 | INFO     | src.gui.mixins.image_modules.char_photo | _on_view_character_gallery:92 |   清理后的人物名：沈苒
2025-11-02 23:05:51 | INFO     | src.gui.mixins.image_modules.char_photo | _on_view_character_gallery:93 |   找到 1 张照片
2025-11-02 23:05:51 | INFO     | src.gui.mixins.image_modules.char_photo | _on_view_character_gallery:95 |   照片列表：['沈苒.png']
2025-11-02 23:06:13 | INFO     | src.gui.mixins.image_modules.char_extract | _on_character_selected:248 | 选择人物：沈苒 (索引: 0)
2025-11-02 23:06:13 | INFO     | src.gui.mixins.image_modules.char_extract | _on_character_selected:249 | 人物描述长度：482 字符
2025-11-02 23:06:13 | INFO     | src.gui.mixins.image_modules.char_extract | _on_character_selected:262 | 已加载人物"沈苒"的描述
2025-11-02 23:06:14 | INFO     | src.gui.mixins.image_modules.handlers.character_photo_handler | handle_generate_photo:62 | 准备生成人物照片：沈苒
2025-11-02 23:06:14 | INFO     | src.gui.mixins.image_modules.handlers.character_photo_handler | handle_generate_photo:63 | 人物描述长度：482 字符
2025-11-02 23:06:14 | INFO     | src.gui.mixins.image_modules.handlers.character_photo_handler | handle_generate_photo:65 | 人物描述预览：沈苒是一位约三十岁出头的青年女性，面容清秀但带着长期焦虑的痕迹。她的脸型是标准的鹅蛋脸，下颌线条柔和，但最近略显消瘦。额头饱满，皮肤原本白皙，但因长期失眠眼下带着明显的青灰色阴影。眉毛是自然的柳叶形，...
2025-11-02 23:06:14 | INFO     | src.gui.mixins.image_modules.handlers.character_photo_handler | generate_photo_thread:112 | [1/1] 正在生成：正面视图 + 中性表情
2025-11-02 23:06:14 | INFO     | src.gui.mixins.image_modules.handlers.character_photo_handler | generate_photo_thread:124 | [1/1] 人物：沈苒，描述长度：482
2025-11-02 23:06:14 | INFO     | src.gui.mixins.image_modules.handlers.character_photo_generator | generate_photo:68 | === 开始生成人物照片 ===
2025-11-02 23:06:14 | INFO     | src.gui.mixins.image_modules.handlers.character_photo_generator | generate_photo:69 | 人物名称：沈苒
2025-11-02 23:06:14 | INFO     | src.gui.mixins.image_modules.handlers.character_photo_generator | generate_photo:70 | 描述长度：482 字符
2025-11-02 23:06:14 | INFO     | src.gui.mixins.image_modules.handlers.character_photo_generator | generate_photo:72 | 描述预览：沈苒是一位约三十岁出头的青年女性，面容清秀但带着长期焦虑的痕迹。她的脸型是标准的鹅蛋脸，下颌线条柔和，但最近略显消瘦。额头饱满，皮肤原本白皙，但因长期失眠眼下带着明显的青灰色阴影。眉毛是自然的柳叶形，很少修剪，眉间有一道浅浅的竖纹，是经常蹙眉留下的痕迹。眼睛大而明亮，本该很动人，如今却总是笼罩着一层...
2025-11-02 23:06:14 | INFO     | src.gui.mixins.image_modules.handlers.character_photo_generator | generate_photo:80 | 图片API类型: sd
2025-11-02 23:06:14 | INFO     | src.gui.mixins.image_modules.handlers.character_photo_generator | _generate_with_sd:220 | 模式：txt2img（使用完整人物描述生成）
2025-11-02 23:06:14 | INFO     | src.gui.mixins.image_modules.handlers.character_photo_generator | _generate_with_sd:266 | === SD 标签式提示词（Tag-based Prompt）===
2025-11-02 23:06:14 | INFO     | src.gui.mixins.image_modules.handlers.character_photo_generator | _generate_with_sd:267 | 正向提示词 (前200字符): (((solo))), (((1person))), (solo:2.0), (1person:2.0), only one person, single person portrait, tired, anxious, masterpiece, best quality, ultra detailed, 8k, 1woman, 30 years old, adult female, woman,...
2025-11-02 23:06:14 | INFO     | src.gui.mixins.image_modules.handlers.character_photo_generator | _generate_with_sd:268 | 正向提示词长度: 986 字符
2025-11-02 23:06:14 | INFO     | src.gui.mixins.image_modules.handlers.character_photo_generator | _generate_with_sd:269 | 负向提示词 (前100字符): low quality, worst quality, normal quality, lowres, blurry, fuzzy, out of focus, jpeg artifacts, com...
2025-11-02 23:06:14 | INFO     | src.gui.mixins.image_modules.handlers.character_photo_generator | _generate_with_sd:270 | 负向提示词长度: 2324 字符
2025-11-02 23:06:14 | INFO     | src.gui.mixins.image_modules.handlers.character_photo_generator | _generate_with_sd:320 | 使用 txt2img 模式（生成基准图）
2025-11-02 23:06:14 | INFO     | src.gui.mixins.image_modules.handlers.character_photo_generator | _generate_with_sd:323 | 固定 seed: 32858030
2025-11-02 23:06:26 | INFO     | src.gui.mixins.image_modules.char_extract | _on_character_selected:248 | 选择人物：张大师 (索引: 4)
2025-11-02 23:06:26 | INFO     | src.gui.mixins.image_modules.char_extract | _on_character_selected:249 | 人物描述长度：0 字符
2025-11-02 23:06:26 | WARNING  | src.gui.mixins.image_modules.char_extract | _on_character_selected:269 | 人物"张大师"的描述为空，需要生成
2025-11-02 23:06:27 | INFO     | src.gui.mixins.image_modules.char_extract | _on_character_selected:248 | 选择人物：沈苒 (索引: 0)
2025-11-02 23:06:27 | INFO     | src.gui.mixins.image_modules.char_extract | _on_character_selected:249 | 人物描述长度：482 字符
2025-11-02 23:06:27 | INFO     | src.gui.mixins.image_modules.char_extract | _on_character_selected:262 | 已加载人物"沈苒"的描述
2025-11-02 23:06:28 | INFO     | src.gui.mixins.image_modules.handlers.character_photo_saver | auto_save_photo_with_name:113 | 准备保存到：projects\完整测试_20251026_184212_20251026_184212\characters\沈苒.png
2025-11-02 23:06:29 | INFO     | src.gui.mixins.image_modules.handlers.character_photo_saver | auto_save_photo_with_name:126 | 照片已保存: projects\完整测试_20251026_184212_20251026_184212\characters\沈苒.png (相对路径: characters\沈苒.png)
2025-11-02 23:06:29 | INFO     | src.gui.mixins.image_modules.handlers.character_photo_handler | generate_photo_thread:184 | ✅ [1/1] 正面+中性照片生成成功
2025-11-02 23:07:02 | INFO     | src.gui.mixins.image_modules.char_photo | _on_view_character_gallery:91 | 查找人物"沈苒"的照片：
2025-11-02 23:07:02 | INFO     | src.gui.mixins.image_modules.char_photo | _on_view_character_gallery:92 |   清理后的人物名：沈苒
2025-11-02 23:07:02 | INFO     | src.gui.mixins.image_modules.char_photo | _on_view_character_gallery:93 |   找到 1 张照片
2025-11-02 23:07:02 | INFO     | src.gui.mixins.image_modules.char_photo | _on_view_character_gallery:95 |   照片列表：['沈苒.png']
2025-11-02 23:07:32 | INFO     | src.gui.mixins.image_modules.char_extract | _on_character_selected:248 | 选择人物：沈苒 (索引: 0)
2025-11-02 23:07:32 | INFO     | src.gui.mixins.image_modules.char_extract | _on_character_selected:249 | 人物描述长度：482 字符
2025-11-02 23:07:32 | INFO     | src.gui.mixins.image_modules.char_extract | _on_character_selected:262 | 已加载人物"沈苒"的描述
2025-11-02 23:07:33 | INFO     | src.gui.mixins.image_modules.handlers.character_photo_handler | handle_generate_photo:62 | 准备生成人物照片：沈苒
2025-11-02 23:07:33 | INFO     | src.gui.mixins.image_modules.handlers.character_photo_handler | handle_generate_photo:63 | 人物描述长度：482 字符
2025-11-02 23:07:33 | INFO     | src.gui.mixins.image_modules.handlers.character_photo_handler | handle_generate_photo:65 | 人物描述预览：沈苒是一位约三十岁出头的青年女性，面容清秀但带着长期焦虑的痕迹。她的脸型是标准的鹅蛋脸，下颌线条柔和，但最近略显消瘦。额头饱满，皮肤原本白皙，但因长期失眠眼下带着明显的青灰色阴影。眉毛是自然的柳叶形，...
2025-11-02 23:07:33 | INFO     | src.gui.mixins.image_modules.handlers.character_photo_handler | generate_photo_thread:112 | [1/1] 正在生成：正面视图 + 中性表情
2025-11-02 23:07:33 | INFO     | src.gui.mixins.image_modules.handlers.character_photo_handler | generate_photo_thread:124 | [1/1] 人物：沈苒，描述长度：482
2025-11-02 23:07:33 | INFO     | src.gui.mixins.image_modules.handlers.character_photo_generator | generate_photo:68 | === 开始生成人物照片 ===
2025-11-02 23:07:33 | INFO     | src.gui.mixins.image_modules.handlers.character_photo_generator | generate_photo:69 | 人物名称：沈苒
2025-11-02 23:07:33 | INFO     | src.gui.mixins.image_modules.handlers.character_photo_generator | generate_photo:70 | 描述长度：482 字符
2025-11-02 23:07:33 | INFO     | src.gui.mixins.image_modules.handlers.character_photo_generator | generate_photo:72 | 描述预览：沈苒是一位约三十岁出头的青年女性，面容清秀但带着长期焦虑的痕迹。她的脸型是标准的鹅蛋脸，下颌线条柔和，但最近略显消瘦。额头饱满，皮肤原本白皙，但因长期失眠眼下带着明显的青灰色阴影。眉毛是自然的柳叶形，很少修剪，眉间有一道浅浅的竖纹，是经常蹙眉留下的痕迹。眼睛大而明亮，本该很动人，如今却总是笼罩着一层...
2025-11-02 23:07:33 | INFO     | src.gui.mixins.image_modules.handlers.character_photo_generator | generate_photo:80 | 图片API类型: sd
2025-11-02 23:07:33 | INFO     | src.gui.mixins.image_modules.handlers.character_photo_generator | _generate_with_sd:220 | 模式：txt2img（使用完整人物描述生成）
2025-11-02 23:07:33 | INFO     | src.gui.mixins.image_modules.handlers.character_photo_generator | _generate_with_sd:266 | === SD 标签式提示词（Tag-based Prompt）===
2025-11-02 23:07:33 | INFO     | src.gui.mixins.image_modules.handlers.character_photo_generator | _generate_with_sd:267 | 正向提示词 (前200字符): (((solo))), (((1person))), (solo:2.0), (1person:2.0), only one person, single person portrait, tired, anxious, masterpiece, best quality, ultra detailed, 8k, 1woman, 30 years old, adult female, woman,...
2025-11-02 23:07:33 | INFO     | src.gui.mixins.image_modules.handlers.character_photo_generator | _generate_with_sd:268 | 正向提示词长度: 986 字符
2025-11-02 23:07:33 | INFO     | src.gui.mixins.image_modules.handlers.character_photo_generator | _generate_with_sd:269 | 负向提示词 (前100字符): low quality, worst quality, normal quality, lowres, blurry, fuzzy, out of focus, jpeg artifacts, com...
2025-11-02 23:07:33 | INFO     | src.gui.mixins.image_modules.handlers.character_photo_generator | _generate_with_sd:270 | 负向提示词长度: 2324 字符
2025-11-02 23:07:33 | INFO     | src.gui.mixins.image_modules.handlers.character_photo_generator | _generate_with_sd:320 | 使用 txt2img 模式（生成基准图）
2025-11-02 23:07:33 | INFO     | src.gui.mixins.image_modules.handlers.character_photo_generator | _generate_with_sd:323 | 固定 seed: 32858030
2025-11-02 23:07:48 | INFO     | src.gui.mixins.image_modules.handlers.character_photo_saver | auto_save_photo_with_name:113 | 准备保存到：projects\完整测试_20251026_184212_20251026_184212\characters\沈苒.png
2025-11-02 23:07:48 | INFO     | src.gui.mixins.image_modules.handlers.character_photo_saver | auto_save_photo_with_name:126 | 照片已保存: projects\完整测试_20251026_184212_20251026_184212\characters\沈苒.png (相对路径: characters\沈苒.png)
2025-11-02 23:07:48 | INFO     | src.gui.mixins.image_modules.handlers.character_photo_handler | generate_photo_thread:184 | ✅ [1/1] 正面+中性照片生成成功
2025-11-02 23:08:09 | INFO     | src.gui.mixins.image_modules.char_extract | _on_character_selected:248 | 选择人物：沈苒 (索引: 0)
2025-11-02 23:08:09 | INFO     | src.gui.mixins.image_modules.char_extract | _on_character_selected:249 | 人物描述长度：482 字符
2025-11-02 23:08:09 | INFO     | src.gui.mixins.image_modules.char_extract | _on_character_selected:262 | 已加载人物"沈苒"的描述
2025-11-02 23:08:11 | INFO     | src.gui.mixins.image_modules.handlers.character_photo_handler | handle_generate_photo:62 | 准备生成人物照片：沈苒
2025-11-02 23:08:11 | INFO     | src.gui.mixins.image_modules.handlers.character_photo_handler | handle_generate_photo:63 | 人物描述长度：482 字符
2025-11-02 23:08:11 | INFO     | src.gui.mixins.image_modules.handlers.character_photo_handler | handle_generate_photo:65 | 人物描述预览：沈苒是一位约三十岁出头的青年女性，面容清秀但带着长期焦虑的痕迹。她的脸型是标准的鹅蛋脸，下颌线条柔和，但最近略显消瘦。额头饱满，皮肤原本白皙，但因长期失眠眼下带着明显的青灰色阴影。眉毛是自然的柳叶形，...
2025-11-02 23:08:11 | INFO     | src.gui.mixins.image_modules.handlers.character_photo_handler | generate_photo_thread:112 | [1/1] 正在生成：正面视图 + 中性表情
2025-11-02 23:08:11 | INFO     | src.gui.mixins.image_modules.handlers.character_photo_handler | generate_photo_thread:124 | [1/1] 人物：沈苒，描述长度：482
2025-11-02 23:08:11 | INFO     | src.gui.mixins.image_modules.handlers.character_photo_generator | generate_photo:68 | === 开始生成人物照片 ===
2025-11-02 23:08:11 | INFO     | src.gui.mixins.image_modules.handlers.character_photo_generator | generate_photo:69 | 人物名称：沈苒
2025-11-02 23:08:11 | INFO     | src.gui.mixins.image_modules.handlers.character_photo_generator | generate_photo:70 | 描述长度：482 字符
2025-11-02 23:08:11 | INFO     | src.gui.mixins.image_modules.handlers.character_photo_generator | generate_photo:72 | 描述预览：沈苒是一位约三十岁出头的青年女性，面容清秀但带着长期焦虑的痕迹。她的脸型是标准的鹅蛋脸，下颌线条柔和，但最近略显消瘦。额头饱满，皮肤原本白皙，但因长期失眠眼下带着明显的青灰色阴影。眉毛是自然的柳叶形，很少修剪，眉间有一道浅浅的竖纹，是经常蹙眉留下的痕迹。眼睛大而明亮，本该很动人，如今却总是笼罩着一层...
2025-11-02 23:08:11 | INFO     | src.gui.mixins.image_modules.handlers.character_photo_generator | generate_photo:80 | 图片API类型: sd
2025-11-02 23:08:11 | INFO     | src.gui.mixins.image_modules.handlers.character_photo_generator | _generate_with_sd:220 | 模式：txt2img（使用完整人物描述生成）
2025-11-02 23:08:11 | INFO     | src.gui.mixins.image_modules.handlers.character_photo_generator | _generate_with_sd:266 | === SD 标签式提示词（Tag-based Prompt）===
2025-11-02 23:08:11 | INFO     | src.gui.mixins.image_modules.handlers.character_photo_generator | _generate_with_sd:267 | 正向提示词 (前200字符): (((solo))), (((1person))), (solo:2.0), (1person:2.0), only one person, single person portrait, tired, anxious, masterpiece, best quality, ultra detailed, 8k, 1woman, 30 years old, adult female, woman,...
2025-11-02 23:08:11 | INFO     | src.gui.mixins.image_modules.handlers.character_photo_generator | _generate_with_sd:268 | 正向提示词长度: 986 字符
2025-11-02 23:08:11 | INFO     | src.gui.mixins.image_modules.handlers.character_photo_generator | _generate_with_sd:269 | 负向提示词 (前100字符): low quality, worst quality, normal quality, lowres, blurry, fuzzy, out of focus, jpeg artifacts, com...
2025-11-02 23:08:11 | INFO     | src.gui.mixins.image_modules.handlers.character_photo_generator | _generate_with_sd:270 | 负向提示词长度: 2324 字符
2025-11-02 23:08:11 | INFO     | src.gui.mixins.image_modules.handlers.character_photo_generator | _generate_with_sd:320 | 使用 txt2img 模式（生成基准图）
2025-11-02 23:08:11 | INFO     | src.gui.mixins.image_modules.handlers.character_photo_generator | _generate_with_sd:323 | 固定 seed: 32858030
2025-11-02 23:08:25 | INFO     | src.gui.mixins.image_modules.handlers.character_photo_saver | auto_save_photo_with_name:113 | 准备保存到：projects\完整测试_20251026_184212_20251026_184212\characters\沈苒.png
2025-11-02 23:08:26 | INFO     | src.gui.mixins.image_modules.handlers.character_photo_saver | auto_save_photo_with_name:126 | 照片已保存: projects\完整测试_20251026_184212_20251026_184212\characters\沈苒.png (相对路径: characters\沈苒.png)
2025-11-02 23:08:26 | INFO     | src.gui.mixins.image_modules.handlers.character_photo_handler | generate_photo_thread:184 | ✅ [1/1] 正面+中性照片生成成功
2025-11-02 23:08:53 | INFO     | httpx | _send_single_request:1025 | HTTP Request: POST https://api.deepseek.com/v1/chat/completions "HTTP/1.1 200 OK"
2025-11-02 23:11:18 | INFO     | src.gui.mixins.image_modules.char_extract | _on_character_selected:248 | 选择人物：沈苒 (索引: 0)
2025-11-02 23:11:18 | INFO     | src.gui.mixins.image_modules.char_extract | _on_character_selected:249 | 人物描述长度：482 字符
2025-11-02 23:11:18 | INFO     | src.gui.mixins.image_modules.char_extract | _on_character_selected:262 | 已加载人物"沈苒"的描述
2025-11-02 23:14:41 | INFO     | src.core.logging_config | init_logging:134 | 日志系统初始化完成
2025-11-02 23:14:41 | INFO     | src.core.logging_config | init_logging:135 | 日志级别: INFO
2025-11-02 23:14:41 | INFO     | src.core.logging_config | init_logging:136 | 文件日志: 启用
2025-11-02 23:14:42 | INFO     | src.core.logging_config | main:34 | ============================================================
2025-11-02 23:14:42 | INFO     | src.core.logging_config | main:35 | 启动 AI Story Creator Pro
2025-11-02 23:14:42 | INFO     | src.core.logging_config | main:36 | 窗口尺寸: 1500x850
2025-11-02 23:14:42 | INFO     | src.core.logging_config | main:37 | 设计风格: 精致 · 简约 · 专业
2025-11-02 23:14:42 | INFO     | src.core.logging_config | main:38 | ============================================================
2025-11-02 23:14:43 | INFO     | src.gui.modern_app | __init__:92 | ✅ 自动保存功能已启用（每5分钟）
2025-11-02 23:14:44 | INFO     | src.gui.mixins.story_modules.input_cache | _bind_input_cache_events:174 | 输入自动保存已启用
2025-11-02 23:14:44 | INFO     | src.gui.mixins.story_modules.input_cache | _load_input_cache:66 | 已恢复上次输入内容
2025-11-02 23:14:44 | INFO     | src.gui.modern_app | _init_startup_state:143 | 启动状态初始化完成（无项目, 有缓存）
2025-11-02 23:14:47 | INFO     | src.gui.mixins.director_modules.director_mixin | _refresh_shot_combo:96 | 刷新下拉框成功，共 2 个分镜
2025-11-02 23:14:47 | INFO     | src.gui.mixins.director_modules.handlers.project_handler | load_director_data_from_project:118 | 已加载 2 个分镜
2025-11-02 23:14:47 | INFO     | src.gui.mixins.project_mixin | _on_load_project:217 | 使用增强加载功能成功加载项目
2025-11-02 23:14:47 | INFO     | src.gui.mixins.project_mixin | _on_load_project:226 | 后备：单独加载人物数据
2025-11-02 23:14:47 | INFO     | src.gui.mixins.image_modules.char_utils | _load_project_characters:112 | === 开始加载项目人物数据 ===
2025-11-02 23:14:47 | INFO     | src.gui.mixins.image_modules.char_utils | _load_project_characters:117 | 已清空人物列表（之前有 0 个人物）
2025-11-02 23:14:47 | INFO     | src.gui.mixins.image_modules.char_utils | _load_project_characters:127 | 项目路径：projects\完整测试_20251026_184212_20251026_184212
2025-11-02 23:14:47 | INFO     | src.gui.mixins.image_modules.char_utils | _load_project_characters:128 | 人物文件夹路径：projects\完整测试_20251026_184212_20251026_184212\characters
2025-11-02 23:14:47 | INFO     | src.gui.mixins.image_modules.char_utils | _load_project_characters:139 | 检查人物信息文件：projects\完整测试_20251026_184212_20251026_184212\characters\characters_info.json
2025-11-02 23:14:47 | INFO     | src.gui.mixins.image_modules.char_utils | _load_project_characters:140 | 文件是否存在：True
2025-11-02 23:14:47 | INFO     | src.gui.mixins.image_modules.char_utils | _load_project_characters:146 | 📖 已加载人物描述文件：projects\完整测试_20251026_184212_20251026_184212\characters\characters_info.json
2025-11-02 23:14:47 | INFO     | src.gui.mixins.image_modules.char_utils | _load_project_characters:147 | JSON内容类型：<class 'dict'>
2025-11-02 23:14:47 | INFO     | src.gui.mixins.image_modules.char_utils | _load_project_characters:148 | JSON内容长度：5
2025-11-02 23:14:47 | INFO     | src.gui.mixins.image_modules.char_utils | _load_project_characters:171 | 📋 使用扁平格式JSON
2025-11-02 23:14:47 | INFO     | src.gui.mixins.image_modules.char_utils | _load_project_characters:173 | 处理后的characters_info包含 5 个键
2025-11-02 23:14:47 | INFO     | src.gui.mixins.image_modules.char_utils | _load_project_characters:266 | ✅ 已加载 5 个人物（其中 0 个有照片），跳过 0 个无效项
2025-11-02 23:14:47 | INFO     | src.gui.mixins.image_modules.char_utils | _load_project_characters:270 | ✅ 已加载项目人物：['沈苒', '小远', '林舟', '陈明', '张大师']
2025-11-02 23:14:47 | INFO     | src.gui.mixins.image_modules.char_extract | _on_character_selected:248 | 选择人物：沈苒 (索引: 0)
2025-11-02 23:14:47 | INFO     | src.gui.mixins.image_modules.char_extract | _on_character_selected:249 | 人物描述长度：482 字符
2025-11-02 23:14:47 | INFO     | src.gui.mixins.image_modules.char_extract | _on_character_selected:262 | 已加载人物"沈苒"的描述
2025-11-02 23:14:47 | INFO     | src.gui.mixins.image_modules.char_utils | _load_project_characters:283 | 已更新人物列表框，当前显示 5 个人物
2025-11-02 23:14:47 | INFO     | src.gui.mixins.image_modules.char_utils | _load_project_characters:290 | === 人物数据加载完成 ===
2025-11-02 23:14:56 | INFO     | httpx | _send_single_request:1025 | HTTP Request: POST https://api.deepseek.com/v1/chat/completions "HTTP/1.1 200 OK"
2025-11-02 23:17:34 | INFO     | src.gui.mixins.image_modules.handlers.character_photo_handler | handle_generate_photo:62 | 准备生成人物照片：沈苒
2025-11-02 23:17:34 | INFO     | src.gui.mixins.image_modules.handlers.character_photo_handler | handle_generate_photo:63 | 人物描述长度：482 字符
2025-11-02 23:17:34 | INFO     | src.gui.mixins.image_modules.handlers.character_photo_handler | handle_generate_photo:65 | 人物描述预览：沈苒是一位约三十岁出头的青年女性，面容清秀但带着长期焦虑的痕迹。她的脸型是标准的鹅蛋脸，下颌线条柔和，但最近略显消瘦。额头饱满，皮肤原本白皙，但因长期失眠眼下带着明显的青灰色阴影。眉毛是自然的柳叶形，...
2025-11-02 23:17:34 | INFO     | src.gui.mixins.image_modules.handlers.character_photo_handler | generate_photo_thread:112 | [1/1] 正在生成：正面视图 + 中性表情
2025-11-02 23:17:34 | INFO     | src.gui.mixins.image_modules.handlers.character_photo_handler | generate_photo_thread:124 | [1/1] 人物：沈苒，描述长度：482
2025-11-02 23:17:34 | INFO     | src.gui.mixins.image_modules.handlers.character_photo_generator | generate_photo:68 | === 开始生成人物照片 ===
2025-11-02 23:17:34 | INFO     | src.gui.mixins.image_modules.handlers.character_photo_generator | generate_photo:69 | 人物名称：沈苒
2025-11-02 23:17:34 | INFO     | src.gui.mixins.image_modules.handlers.character_photo_generator | generate_photo:70 | 描述长度：482 字符
2025-11-02 23:17:34 | INFO     | src.gui.mixins.image_modules.handlers.character_photo_generator | generate_photo:72 | 描述预览：沈苒是一位约三十岁出头的青年女性，面容清秀但带着长期焦虑的痕迹。她的脸型是标准的鹅蛋脸，下颌线条柔和，但最近略显消瘦。额头饱满，皮肤原本白皙，但因长期失眠眼下带着明显的青灰色阴影。眉毛是自然的柳叶形，很少修剪，眉间有一道浅浅的竖纹，是经常蹙眉留下的痕迹。眼睛大而明亮，本该很动人，如今却总是笼罩着一层...
2025-11-02 23:17:34 | INFO     | src.gui.mixins.image_modules.handlers.character_photo_generator | generate_photo:80 | 图片API类型: sd
2025-11-02 23:17:34 | INFO     | src.gui.mixins.image_modules.handlers.character_photo_generator | _generate_with_sd:220 | 模式：txt2img（使用完整人物描述生成）
2025-11-02 23:17:34 | INFO     | src.gui.mixins.image_modules.handlers.character_photo_generator | _generate_with_sd:266 | === SD 标签式提示词（Tag-based Prompt）===
2025-11-02 23:17:34 | INFO     | src.gui.mixins.image_modules.handlers.character_photo_generator | _generate_with_sd:267 | 正向提示词 (前200字符): (solo:1.5), (1person:1.5), solo, 1person, tired, anxious, best quality, high resolution, 1woman, 30 years old, adult female, woman, female, not male, Chinese, East Asian, asian, long hair, ponytail, t...
2025-11-02 23:17:34 | INFO     | src.gui.mixins.image_modules.handlers.character_photo_generator | _generate_with_sd:268 | 正向提示词长度: 676 字符
2025-11-02 23:17:34 | INFO     | src.gui.mixins.image_modules.handlers.character_photo_generator | _generate_with_sd:269 | 负向提示词 (前100字符): low quality, worst quality, blurry, bad anatomy, bad hands, (multiple people:1.5), 2people, 3people,...
2025-11-02 23:17:34 | INFO     | src.gui.mixins.image_modules.handlers.character_photo_generator | _generate_with_sd:270 | 负向提示词长度: 253 字符
2025-11-02 23:17:34 | INFO     | src.gui.mixins.image_modules.handlers.character_photo_generator | _generate_with_sd:320 | 使用 txt2img 模式（生成基准图）
2025-11-02 23:17:34 | INFO     | src.gui.mixins.image_modules.handlers.character_photo_generator | _generate_with_sd:323 | 固定 seed: 32858030
2025-11-02 23:17:38 | INFO     | httpx | _send_single_request:1025 | HTTP Request: POST https://api.deepseek.com/v1/chat/completions "HTTP/1.1 200 OK"
2025-11-02 23:17:47 | INFO     | src.gui.mixins.image_modules.handlers.character_photo_saver | auto_save_photo_with_name:113 | 准备保存到：projects\完整测试_20251026_184212_20251026_184212\characters\沈苒.png
2025-11-02 23:17:48 | INFO     | src.gui.mixins.image_modules.handlers.character_photo_saver | auto_save_photo_with_name:126 | 照片已保存: projects\完整测试_20251026_184212_20251026_184212\characters\沈苒.png (相对路径: characters\沈苒.png)
2025-11-02 23:17:48 | INFO     | src.gui.mixins.image_modules.handlers.character_photo_handler | generate_photo_thread:184 | ✅ [1/1] 正面+中性照片生成成功
2025-11-02 23:17:48 | INFO     | src.gui.mixins.image_modules.handlers.character_photo_handler | handle_generate_photo:62 | 准备生成人物照片：沈苒
2025-11-02 23:17:48 | INFO     | src.gui.mixins.image_modules.handlers.character_photo_handler | handle_generate_photo:63 | 人物描述长度：39 字符
2025-11-02 23:17:48 | INFO     | src.gui.mixins.image_modules.handlers.character_photo_handler | handle_generate_photo:65 | 人物描述预览：性别：女
年龄：未知
发型：长发
体型：未知
服装：未知
特征：扎马尾（过去）...
2025-11-02 23:17:48 | INFO     | src.gui.mixins.image_modules.handlers.character_photo_handler | generate_photo_thread:112 | [1/1] 正在生成：正面视图 + 中性表情
2025-11-02 23:17:48 | INFO     | src.gui.mixins.image_modules.handlers.character_photo_handler | generate_photo_thread:124 | [1/1] 人物：沈苒，描述长度：39
2025-11-02 23:17:48 | INFO     | src.gui.mixins.image_modules.handlers.character_photo_generator | generate_photo:68 | === 开始生成人物照片 ===
2025-11-02 23:17:48 | INFO     | src.gui.mixins.image_modules.handlers.character_photo_generator | generate_photo:69 | 人物名称：沈苒
2025-11-02 23:17:48 | INFO     | src.gui.mixins.image_modules.handlers.character_photo_generator | generate_photo:70 | 描述长度：39 字符
2025-11-02 23:17:48 | INFO     | src.gui.mixins.image_modules.handlers.character_photo_generator | generate_photo:72 | 描述预览：性别：女
年龄：未知
发型：长发
体型：未知
服装：未知
特征：扎马尾（过去）...
2025-11-02 23:17:48 | INFO     | src.gui.mixins.image_modules.handlers.character_photo_generator | generate_photo:80 | 图片API类型: sd
2025-11-02 23:17:48 | INFO     | src.gui.mixins.image_modules.handlers.character_photo_generator | _generate_with_sd:220 | 模式：txt2img（使用完整人物描述生成）
2025-11-02 23:17:48 | INFO     | src.gui.mixins.image_modules.handlers.character_photo_generator | _generate_with_sd:266 | === SD 标签式提示词（Tag-based Prompt）===
2025-11-02 23:17:48 | INFO     | src.gui.mixins.image_modules.handlers.character_photo_generator | _generate_with_sd:267 | 正向提示词 (前200字符): (solo:1.5), (1person:1.5), solo, 1person, best quality, high resolution, 1woman, adult female, woman, female, not male, Chinese, East Asian, asian, long hair, ponytail, casual wear, dress, full body, ...
2025-11-02 23:17:48 | INFO     | src.gui.mixins.image_modules.handlers.character_photo_generator | _generate_with_sd:268 | 正向提示词长度: 455 字符
2025-11-02 23:17:48 | INFO     | src.gui.mixins.image_modules.handlers.character_photo_generator | _generate_with_sd:269 | 负向提示词 (前100字符): low quality, worst quality, blurry, bad anatomy, bad hands, (multiple people:1.5), 2people, 3people,...
2025-11-02 23:17:48 | INFO     | src.gui.mixins.image_modules.handlers.character_photo_generator | _generate_with_sd:270 | 负向提示词长度: 206 字符
2025-11-02 23:17:48 | INFO     | src.gui.mixins.image_modules.handlers.character_photo_generator | _generate_with_sd:320 | 使用 txt2img 模式（生成基准图）
2025-11-02 23:17:48 | INFO     | src.gui.mixins.image_modules.handlers.character_photo_generator | _generate_with_sd:323 | 固定 seed: 32858030
2025-11-02 23:18:01 | INFO     | src.gui.mixins.image_modules.handlers.character_photo_saver | auto_save_photo_with_name:113 | 准备保存到：projects\完整测试_20251026_184212_20251026_184212\characters\沈苒.png
2025-11-02 23:18:01 | INFO     | src.gui.mixins.image_modules.handlers.character_photo_saver | auto_save_photo_with_name:126 | 照片已保存: projects\完整测试_20251026_184212_20251026_184212\characters\沈苒.png (相对路径: characters\沈苒.png)
2025-11-02 23:18:01 | INFO     | src.gui.mixins.image_modules.handlers.character_photo_handler | generate_photo_thread:184 | ✅ [1/1] 正面+中性照片生成成功
2025-11-02 23:18:51 | INFO     | src.gui.mixins.image_modules.char_extract | _on_character_selected:248 | 选择人物：张大师 (索引: 4)
2025-11-02 23:18:51 | INFO     | src.gui.mixins.image_modules.char_extract | _on_character_selected:249 | 人物描述长度：0 字符
2025-11-02 23:18:51 | WARNING  | src.gui.mixins.image_modules.char_extract | _on_character_selected:269 | 人物"张大师"的描述为空，需要生成
2025-11-02 23:18:53 | INFO     | src.gui.mixins.image_modules.char_extract | _on_character_selected:248 | 选择人物：沈苒 (索引: 0)
2025-11-02 23:18:53 | INFO     | src.gui.mixins.image_modules.char_extract | _on_character_selected:249 | 人物描述长度：39 字符
2025-11-02 23:18:53 | INFO     | src.gui.mixins.image_modules.char_extract | _on_character_selected:262 | 已加载人物"沈苒"的描述
2025-11-02 23:18:58 | INFO     | src.gui.mixins.image_modules.char_photo | _on_view_character_gallery:91 | 查找人物"沈苒"的照片：
2025-11-02 23:18:58 | INFO     | src.gui.mixins.image_modules.char_photo | _on_view_character_gallery:92 |   清理后的人物名：沈苒
2025-11-02 23:18:58 | INFO     | src.gui.mixins.image_modules.char_photo | _on_view_character_gallery:93 |   找到 1 张照片
2025-11-02 23:18:58 | INFO     | src.gui.mixins.image_modules.char_photo | _on_view_character_gallery:95 |   照片列表：['沈苒.png']
2025-11-02 23:19:30 | INFO     | src.gui.mixins.image_modules.char_extract | _on_character_selected:248 | 选择人物：张大师 (索引: 4)
2025-11-02 23:19:30 | INFO     | src.gui.mixins.image_modules.char_extract | _on_character_selected:249 | 人物描述长度：0 字符
2025-11-02 23:19:30 | WARNING  | src.gui.mixins.image_modules.char_extract | _on_character_selected:269 | 人物"张大师"的描述为空，需要生成
2025-11-02 23:19:54 | INFO     | src.core.logging_config | init_logging:134 | 日志系统初始化完成
2025-11-02 23:19:54 | INFO     | src.core.logging_config | init_logging:135 | 日志级别: INFO
2025-11-02 23:19:54 | INFO     | src.core.logging_config | init_logging:136 | 文件日志: 启用
2025-11-02 23:19:54 | INFO     | src.core.logging_config | main:34 | ============================================================
2025-11-02 23:19:54 | INFO     | src.core.logging_config | main:35 | 启动 AI Story Creator Pro
2025-11-02 23:19:54 | INFO     | src.core.logging_config | main:36 | 窗口尺寸: 1500x850
2025-11-02 23:19:54 | INFO     | src.core.logging_config | main:37 | 设计风格: 精致 · 简约 · 专业
2025-11-02 23:19:54 | INFO     | src.core.logging_config | main:38 | ============================================================
2025-11-02 23:19:56 | INFO     | src.gui.modern_app | __init__:92 | ✅ 自动保存功能已启用（每5分钟）
2025-11-02 23:19:56 | INFO     | src.gui.mixins.story_modules.input_cache | _bind_input_cache_events:174 | 输入自动保存已启用
2025-11-02 23:19:56 | INFO     | src.gui.mixins.story_modules.input_cache | _load_input_cache:66 | 已恢复上次输入内容
2025-11-02 23:19:56 | INFO     | src.gui.modern_app | _init_startup_state:143 | 启动状态初始化完成（无项目, 有缓存）
2025-11-02 23:19:58 | INFO     | src.gui.mixins.director_modules.director_mixin | _refresh_shot_combo:96 | 刷新下拉框成功，共 2 个分镜
2025-11-02 23:19:58 | INFO     | src.gui.mixins.director_modules.handlers.project_handler | load_director_data_from_project:118 | 已加载 2 个分镜
2025-11-02 23:19:58 | INFO     | src.gui.mixins.project_mixin | _on_load_project:217 | 使用增强加载功能成功加载项目
2025-11-02 23:19:58 | INFO     | src.gui.mixins.project_mixin | _on_load_project:226 | 后备：单独加载人物数据
2025-11-02 23:19:58 | INFO     | src.gui.mixins.image_modules.char_utils | _load_project_characters:112 | === 开始加载项目人物数据 ===
2025-11-02 23:19:58 | INFO     | src.gui.mixins.image_modules.char_utils | _load_project_characters:117 | 已清空人物列表（之前有 0 个人物）
2025-11-02 23:19:58 | INFO     | src.gui.mixins.image_modules.char_utils | _load_project_characters:127 | 项目路径：projects\完整测试_20251026_184212_20251026_184212
2025-11-02 23:19:58 | INFO     | src.gui.mixins.image_modules.char_utils | _load_project_characters:128 | 人物文件夹路径：projects\完整测试_20251026_184212_20251026_184212\characters
2025-11-02 23:19:58 | INFO     | src.gui.mixins.image_modules.char_utils | _load_project_characters:139 | 检查人物信息文件：projects\完整测试_20251026_184212_20251026_184212\characters\characters_info.json
2025-11-02 23:19:58 | INFO     | src.gui.mixins.image_modules.char_utils | _load_project_characters:140 | 文件是否存在：True
2025-11-02 23:19:58 | INFO     | src.gui.mixins.image_modules.char_utils | _load_project_characters:146 | 📖 已加载人物描述文件：projects\完整测试_20251026_184212_20251026_184212\characters\characters_info.json
2025-11-02 23:19:58 | INFO     | src.gui.mixins.image_modules.char_utils | _load_project_characters:147 | JSON内容类型：<class 'dict'>
2025-11-02 23:19:58 | INFO     | src.gui.mixins.image_modules.char_utils | _load_project_characters:148 | JSON内容长度：5
2025-11-02 23:19:58 | INFO     | src.gui.mixins.image_modules.char_utils | _load_project_characters:171 | 📋 使用扁平格式JSON
2025-11-02 23:19:58 | INFO     | src.gui.mixins.image_modules.char_utils | _load_project_characters:173 | 处理后的characters_info包含 5 个键
2025-11-02 23:19:58 | INFO     | src.gui.mixins.image_modules.char_utils | _load_project_characters:266 | ✅ 已加载 5 个人物（其中 0 个有照片），跳过 0 个无效项
2025-11-02 23:19:58 | INFO     | src.gui.mixins.image_modules.char_utils | _load_project_characters:270 | ✅ 已加载项目人物：['沈苒', '小远', '林舟', '陈明', '张大师']
2025-11-02 23:19:58 | INFO     | src.gui.mixins.image_modules.char_extract | _on_character_selected:248 | 选择人物：沈苒 (索引: 0)
2025-11-02 23:19:58 | INFO     | src.gui.mixins.image_modules.char_extract | _on_character_selected:249 | 人物描述长度：39 字符
2025-11-02 23:19:58 | INFO     | src.gui.mixins.image_modules.char_extract | _on_character_selected:262 | 已加载人物"沈苒"的描述
2025-11-02 23:19:58 | INFO     | src.gui.mixins.image_modules.char_utils | _load_project_characters:283 | 已更新人物列表框，当前显示 5 个人物
2025-11-02 23:19:58 | INFO     | src.gui.mixins.image_modules.char_utils | _load_project_characters:290 | === 人物数据加载完成 ===
2025-11-02 23:20:05 | INFO     | httpx | _send_single_request:1025 | HTTP Request: POST https://api.deepseek.com/v1/chat/completions "HTTP/1.1 200 OK"
2025-11-02 23:20:33 | INFO     | src.gui.mixins.image_modules.char_extract | _on_character_selected:248 | 选择人物：张大师 (索引: 4)
2025-11-02 23:20:33 | INFO     | src.gui.mixins.image_modules.char_extract | _on_character_selected:249 | 人物描述长度：0 字符
2025-11-02 23:20:33 | WARNING  | src.gui.mixins.image_modules.char_extract | _on_character_selected:269 | 人物"张大师"的描述为空，需要生成
2025-11-02 23:20:34 | INFO     | src.gui.mixins.image_modules.char_extract | _on_character_selected:248 | 选择人物：沈苒 (索引: 0)
2025-11-02 23:20:34 | INFO     | src.gui.mixins.image_modules.char_extract | _on_character_selected:249 | 人物描述长度：217 字符
2025-11-02 23:20:34 | INFO     | src.gui.mixins.image_modules.char_extract | _on_character_selected:262 | 已加载人物"沈苒"的描述
2025-11-02 23:21:36 | INFO     | src.gui.mixins.image_modules.handlers.character_photo_handler | handle_generate_photo:62 | 准备生成人物照片：沈苒
2025-11-02 23:21:36 | INFO     | src.gui.mixins.image_modules.handlers.character_photo_handler | handle_generate_photo:63 | 人物描述长度：217 字符
2025-11-02 23:21:36 | INFO     | src.gui.mixins.image_modules.handlers.character_photo_handler | handle_generate_photo:65 | 人物描述预览：性别：女
年龄：30-35岁
发型：长发，黑色
体型：苗条
服装：居家便服
特征：面容憔悴，黑眼圈深重

性别：男
年龄：10岁
发型：短发，黑色
体型：瘦小
服装：校服
特征：眼神清澈，圆脸

性别...
2025-11-02 23:21:36 | INFO     | src.gui.mixins.image_modules.handlers.character_photo_handler | generate_photo_thread:112 | [1/1] 正在生成：正面视图 + 中性表情
2025-11-02 23:21:36 | INFO     | src.gui.mixins.image_modules.handlers.character_photo_handler | generate_photo_thread:124 | [1/1] 人物：沈苒，描述长度：217
2025-11-02 23:21:36 | INFO     | src.gui.mixins.image_modules.handlers.character_photo_generator | generate_photo:68 | === 开始生成人物照片 ===
2025-11-02 23:21:36 | INFO     | src.gui.mixins.image_modules.handlers.character_photo_generator | generate_photo:69 | 人物名称：沈苒
2025-11-02 23:21:36 | INFO     | src.gui.mixins.image_modules.handlers.character_photo_generator | generate_photo:70 | 描述长度：217 字符
2025-11-02 23:21:36 | INFO     | src.gui.mixins.image_modules.handlers.character_photo_generator | generate_photo:72 | 描述预览：性别：女
年龄：30-35岁
发型：长发，黑色
体型：苗条
服装：居家便服
特征：面容憔悴，黑眼圈深重

性别：男
年龄：10岁
发型：短发，黑色
体型：瘦小
服装：校服
特征：眼神清澈，圆脸

性别：男
年龄：20-25岁（回忆中）
发型：短发，黑色
体型：匀称
服装：白衬衫，蓝色牛仔裤
特征：左...
2025-11-02 23:21:36 | INFO     | src.gui.mixins.image_modules.handlers.character_photo_generator | generate_photo:80 | 图片API类型: sd
2025-11-02 23:21:36 | INFO     | src.gui.mixins.image_modules.handlers.character_photo_generator | _generate_with_sd:220 | 模式：txt2img（使用完整人物描述生成）
2025-11-02 23:21:36 | INFO     | src.gui.mixins.image_modules.handlers.character_photo_generator | _generate_with_sd:266 | === SD 标签式提示词（Tag-based Prompt）===
2025-11-02 23:21:36 | INFO     | src.gui.mixins.image_modules.handlers.character_photo_generator | _generate_with_sd:267 | 正向提示词 (前200字符): (solo:1.5), (1person:1.5), solo, 1person, haggard, dark circles under eyes, best quality, high resolution, 1man, middle-aged man, mature male, man, male, not female, Chinese, East Asian, asian, short ...
2025-11-02 23:21:36 | INFO     | src.gui.mixins.image_modules.handlers.character_photo_generator | _generate_with_sd:268 | 正向提示词长度: 702 字符
2025-11-02 23:21:36 | INFO     | src.gui.mixins.image_modules.handlers.character_photo_generator | _generate_with_sd:269 | 负向提示词 (前100字符): low quality, worst quality, blurry, bad anatomy, bad hands, (multiple people:1.5), 2people, 3people,...
2025-11-02 23:21:36 | INFO     | src.gui.mixins.image_modules.handlers.character_photo_generator | _generate_with_sd:270 | 负向提示词长度: 259 字符
2025-11-02 23:21:36 | INFO     | src.gui.mixins.image_modules.handlers.character_photo_generator | _generate_with_sd:320 | 使用 txt2img 模式（生成基准图）
2025-11-02 23:21:36 | INFO     | src.gui.mixins.image_modules.handlers.character_photo_generator | _generate_with_sd:323 | 固定 seed: 32858030
2025-11-02 23:21:50 | INFO     | src.gui.mixins.image_modules.handlers.character_photo_saver | auto_save_photo_with_name:113 | 准备保存到：projects\完整测试_20251026_184212_20251026_184212\characters\沈苒.png
2025-11-02 23:21:50 | INFO     | src.gui.mixins.image_modules.handlers.character_photo_saver | auto_save_photo_with_name:126 | 照片已保存: projects\完整测试_20251026_184212_20251026_184212\characters\沈苒.png (相对路径: characters\沈苒.png)
2025-11-02 23:21:50 | INFO     | src.gui.mixins.image_modules.handlers.character_photo_handler | generate_photo_thread:184 | ✅ [1/1] 正面+中性照片生成成功
2025-11-02 23:22:09 | INFO     | src.gui.mixins.image_modules.char_photo | _on_view_character_gallery:91 | 查找人物"沈苒"的照片：
2025-11-02 23:22:09 | INFO     | src.gui.mixins.image_modules.char_photo | _on_view_character_gallery:92 |   清理后的人物名：沈苒
2025-11-02 23:22:09 | INFO     | src.gui.mixins.image_modules.char_photo | _on_view_character_gallery:93 |   找到 1 张照片
2025-11-02 23:22:09 | INFO     | src.gui.mixins.image_modules.char_photo | _on_view_character_gallery:95 |   照片列表：['沈苒.png']
2025-11-02 23:22:21 | INFO     | src.gui.mixins.image_modules.char_photo | _on_view_character_gallery:91 | 查找人物"沈苒"的照片：
2025-11-02 23:22:21 | INFO     | src.gui.mixins.image_modules.char_photo | _on_view_character_gallery:92 |   清理后的人物名：沈苒
2025-11-02 23:22:21 | INFO     | src.gui.mixins.image_modules.char_photo | _on_view_character_gallery:93 |   找到 1 张照片
2025-11-02 23:22:21 | INFO     | src.gui.mixins.image_modules.char_photo | _on_view_character_gallery:95 |   照片列表：['沈苒.png']
2025-11-02 23:22:24 | INFO     | src.gui.mixins.image_modules.char_extract | _on_character_selected:248 | 选择人物：林舟 (索引: 2)
2025-11-02 23:22:24 | INFO     | src.gui.mixins.image_modules.char_extract | _on_character_selected:249 | 人物描述长度：0 字符
2025-11-02 23:22:24 | WARNING  | src.gui.mixins.image_modules.char_extract | _on_character_selected:269 | 人物"林舟"的描述为空，需要生成
2025-11-02 23:22:25 | INFO     | src.gui.mixins.image_modules.char_extract | _on_character_selected:248 | 选择人物：张大师 (索引: 4)
2025-11-02 23:22:25 | INFO     | src.gui.mixins.image_modules.char_extract | _on_character_selected:249 | 人物描述长度：0 字符
2025-11-02 23:22:25 | WARNING  | src.gui.mixins.image_modules.char_extract | _on_character_selected:269 | 人物"张大师"的描述为空，需要生成
2025-11-02 23:22:26 | INFO     | src.gui.mixins.image_modules.char_photo | _on_view_character_gallery:91 | 查找人物"张大师"的照片：
2025-11-02 23:22:26 | INFO     | src.gui.mixins.image_modules.char_photo | _on_view_character_gallery:92 |   清理后的人物名：张大师
2025-11-02 23:22:26 | INFO     | src.gui.mixins.image_modules.char_photo | _on_view_character_gallery:93 |   找到 1 张照片
2025-11-02 23:22:26 | INFO     | src.gui.mixins.image_modules.char_photo | _on_view_character_gallery:95 |   照片列表：['张大师.png']
2025-11-02 23:22:32 | INFO     | httpx | _send_single_request:1025 | HTTP Request: POST https://api.deepseek.com/v1/chat/completions "HTTP/1.1 200 OK"
2025-11-02 23:22:47 | INFO     | src.gui.mixins.image_modules.handlers.character_photo_handler | handle_generate_photo:62 | 准备生成人物照片：张大师
2025-11-02 23:22:47 | INFO     | src.gui.mixins.image_modules.handlers.character_photo_handler | handle_generate_photo:63 | 人物描述长度：43 字符
2025-11-02 23:22:47 | INFO     | src.gui.mixins.image_modules.handlers.character_photo_handler | handle_generate_photo:65 | 人物描述预览：性别：男
年龄：35-45岁
发型：短发，黑色
体型：中等
服装：唐装
特征：手持罗盘...
2025-11-02 23:22:47 | INFO     | src.gui.mixins.image_modules.handlers.character_photo_handler | generate_photo_thread:112 | [1/1] 正在生成：正面视图 + 中性表情
2025-11-02 23:22:47 | INFO     | src.gui.mixins.image_modules.handlers.character_photo_handler | generate_photo_thread:124 | [1/1] 人物：张大师，描述长度：43
2025-11-02 23:22:47 | INFO     | src.gui.mixins.image_modules.handlers.character_photo_generator | generate_photo:68 | === 开始生成人物照片 ===
2025-11-02 23:22:47 | INFO     | src.gui.mixins.image_modules.handlers.character_photo_generator | generate_photo:69 | 人物名称：张大师
2025-11-02 23:22:47 | INFO     | src.gui.mixins.image_modules.handlers.character_photo_generator | generate_photo:70 | 描述长度：43 字符
2025-11-02 23:22:47 | INFO     | src.gui.mixins.image_modules.handlers.character_photo_generator | generate_photo:72 | 描述预览：性别：男
年龄：35-45岁
发型：短发，黑色
体型：中等
服装：唐装
特征：手持罗盘...
2025-11-02 23:22:47 | INFO     | src.gui.mixins.image_modules.handlers.character_photo_generator | generate_photo:80 | 图片API类型: sd
2025-11-02 23:22:47 | INFO     | src.gui.mixins.image_modules.handlers.character_photo_generator | _generate_with_sd:220 | 模式：txt2img（使用完整人物描述生成）
2025-11-02 23:22:47 | INFO     | src.gui.mixins.image_modules.handlers.character_photo_generator | _generate_with_sd:266 | === SD 标签式提示词（Tag-based Prompt）===
2025-11-02 23:22:47 | INFO     | src.gui.mixins.image_modules.handlers.character_photo_generator | _generate_with_sd:267 | 正向提示词 (前200字符): (solo:1.5), (1person:1.5), solo, 1person, best quality, high resolution, 1man, middle-aged man, mature male, man, male, not female, Chinese, East Asian, asian, short hair, black, full body, standing s...
2025-11-02 23:22:47 | INFO     | src.gui.mixins.image_modules.handlers.character_photo_generator | _generate_with_sd:268 | 正向提示词长度: 460 字符
2025-11-02 23:22:47 | INFO     | src.gui.mixins.image_modules.handlers.character_photo_generator | _generate_with_sd:269 | 负向提示词 (前100字符): low quality, worst quality, blurry, bad anatomy, bad hands, (multiple people:1.5), 2people, 3people,...
2025-11-02 23:22:47 | INFO     | src.gui.mixins.image_modules.handlers.character_photo_generator | _generate_with_sd:270 | 负向提示词长度: 214 字符
2025-11-02 23:22:47 | INFO     | src.gui.mixins.image_modules.handlers.character_photo_generator | _generate_with_sd:320 | 使用 txt2img 模式（生成基准图）
2025-11-02 23:22:47 | INFO     | src.gui.mixins.image_modules.handlers.character_photo_generator | _generate_with_sd:323 | 固定 seed: 2629098164
2025-11-02 23:23:01 | INFO     | src.gui.mixins.image_modules.handlers.character_photo_saver | auto_save_photo_with_name:113 | 准备保存到：projects\完整测试_20251026_184212_20251026_184212\characters\张大师.png
2025-11-02 23:23:01 | INFO     | src.gui.mixins.image_modules.handlers.character_photo_saver | auto_save_photo_with_name:126 | 照片已保存: projects\完整测试_20251026_184212_20251026_184212\characters\张大师.png (相对路径: characters\张大师.png)
2025-11-02 23:23:01 | INFO     | src.gui.mixins.image_modules.handlers.character_photo_handler | generate_photo_thread:184 | ✅ [1/1] 正面+中性照片生成成功
2025-11-02 23:23:03 | INFO     | src.gui.mixins.image_modules.char_photo | _on_view_character_gallery:91 | 查找人物"张大师"的照片：
2025-11-02 23:23:03 | INFO     | src.gui.mixins.image_modules.char_photo | _on_view_character_gallery:92 |   清理后的人物名：张大师
2025-11-02 23:23:03 | INFO     | src.gui.mixins.image_modules.char_photo | _on_view_character_gallery:93 |   找到 1 张照片
2025-11-02 23:23:03 | INFO     | src.gui.mixins.image_modules.char_photo | _on_view_character_gallery:95 |   照片列表：['张大师.png']
2025-11-02 23:25:45 | INFO     | src.gui.mixins.image_modules.char_extract | _on_character_selected:248 | 选择人物：小远 (索引: 1)
2025-11-02 23:25:45 | INFO     | src.gui.mixins.image_modules.char_extract | _on_character_selected:249 | 人物描述长度：466 字符
2025-11-02 23:25:45 | INFO     | src.gui.mixins.image_modules.char_extract | _on_character_selected:262 | 已加载人物"小远"的描述
2025-11-02 23:25:46 | INFO     | src.gui.mixins.image_modules.char_extract | _on_character_selected:248 | 选择人物：陈明 (索引: 3)
2025-11-02 23:25:46 | INFO     | src.gui.mixins.image_modules.char_extract | _on_character_selected:249 | 人物描述长度：0 字符
2025-11-02 23:25:46 | WARNING  | src.gui.mixins.image_modules.char_extract | _on_character_selected:269 | 人物"陈明"的描述为空，需要生成
2025-11-02 23:25:48 | INFO     | src.gui.mixins.image_modules.char_extract | _on_character_selected:248 | 选择人物：林舟 (索引: 2)
2025-11-02 23:25:48 | INFO     | src.gui.mixins.image_modules.char_extract | _on_character_selected:249 | 人物描述长度：0 字符
2025-11-02 23:25:48 | WARNING  | src.gui.mixins.image_modules.char_extract | _on_character_selected:269 | 人物"林舟"的描述为空，需要生成
2025-11-02 23:25:49 | INFO     | src.gui.mixins.image_modules.char_extract | _on_character_selected:248 | 选择人物：沈苒 (索引: 0)
2025-11-02 23:25:49 | INFO     | src.gui.mixins.image_modules.char_extract | _on_character_selected:249 | 人物描述长度：217 字符
2025-11-02 23:25:49 | INFO     | src.gui.mixins.image_modules.char_extract | _on_character_selected:262 | 已加载人物"沈苒"的描述
2025-11-02 23:25:50 | INFO     | src.gui.mixins.image_modules.char_extract | _on_character_selected:248 | 选择人物：小远 (索引: 1)
2025-11-02 23:25:50 | INFO     | src.gui.mixins.image_modules.char_extract | _on_character_selected:249 | 人物描述长度：466 字符
2025-11-02 23:25:50 | INFO     | src.gui.mixins.image_modules.char_extract | _on_character_selected:262 | 已加载人物"小远"的描述
2025-11-02 23:26:28 | INFO     | src.core.logging_config | init_logging:134 | 日志系统初始化完成
2025-11-02 23:26:28 | INFO     | src.core.logging_config | init_logging:135 | 日志级别: INFO
2025-11-02 23:26:28 | INFO     | src.core.logging_config | init_logging:136 | 文件日志: 启用
2025-11-02 23:26:29 | INFO     | src.core.logging_config | main:34 | ============================================================
2025-11-02 23:26:29 | INFO     | src.core.logging_config | main:35 | 启动 AI Story Creator Pro
2025-11-02 23:26:29 | INFO     | src.core.logging_config | main:36 | 窗口尺寸: 1500x850
2025-11-02 23:26:29 | INFO     | src.core.logging_config | main:37 | 设计风格: 精致 · 简约 · 专业
2025-11-02 23:26:29 | INFO     | src.core.logging_config | main:38 | ============================================================
2025-11-02 23:26:30 | INFO     | src.gui.modern_app | __init__:92 | ✅ 自动保存功能已启用（每5分钟）
2025-11-02 23:26:30 | INFO     | src.gui.mixins.story_modules.input_cache | _bind_input_cache_events:174 | 输入自动保存已启用
2025-11-02 23:26:30 | INFO     | src.gui.mixins.story_modules.input_cache | _load_input_cache:66 | 已恢复上次输入内容
2025-11-02 23:26:30 | INFO     | src.gui.modern_app | _init_startup_state:143 | 启动状态初始化完成（无项目, 有缓存）
2025-11-02 23:26:33 | INFO     | src.gui.mixins.director_modules.director_mixin | _refresh_shot_combo:96 | 刷新下拉框成功，共 2 个分镜
2025-11-02 23:26:33 | INFO     | src.gui.mixins.director_modules.handlers.project_handler | load_director_data_from_project:118 | 已加载 2 个分镜
2025-11-02 23:26:33 | INFO     | src.gui.mixins.project_mixin | _on_load_project:217 | 使用增强加载功能成功加载项目
2025-11-02 23:26:33 | INFO     | src.gui.mixins.project_mixin | _on_load_project:226 | 后备：单独加载人物数据
2025-11-02 23:26:33 | INFO     | src.gui.mixins.image_modules.char_utils | _load_project_characters:112 | === 开始加载项目人物数据 ===
2025-11-02 23:26:33 | INFO     | src.gui.mixins.image_modules.char_utils | _load_project_characters:117 | 已清空人物列表（之前有 0 个人物）
2025-11-02 23:26:33 | INFO     | src.gui.mixins.image_modules.char_utils | _load_project_characters:127 | 项目路径：projects\完整测试_20251026_184212_20251026_184212
2025-11-02 23:26:33 | INFO     | src.gui.mixins.image_modules.char_utils | _load_project_characters:128 | 人物文件夹路径：projects\完整测试_20251026_184212_20251026_184212\characters
2025-11-02 23:26:33 | INFO     | src.gui.mixins.image_modules.char_utils | _load_project_characters:139 | 检查人物信息文件：projects\完整测试_20251026_184212_20251026_184212\characters\characters_info.json
2025-11-02 23:26:33 | INFO     | src.gui.mixins.image_modules.char_utils | _load_project_characters:140 | 文件是否存在：True
2025-11-02 23:26:33 | INFO     | src.gui.mixins.image_modules.char_utils | _load_project_characters:146 | 📖 已加载人物描述文件：projects\完整测试_20251026_184212_20251026_184212\characters\characters_info.json
2025-11-02 23:26:33 | INFO     | src.gui.mixins.image_modules.char_utils | _load_project_characters:147 | JSON内容类型：<class 'dict'>
2025-11-02 23:26:33 | INFO     | src.gui.mixins.image_modules.char_utils | _load_project_characters:148 | JSON内容长度：5
2025-11-02 23:26:33 | INFO     | src.gui.mixins.image_modules.char_utils | _load_project_characters:171 | 📋 使用扁平格式JSON
2025-11-02 23:26:33 | INFO     | src.gui.mixins.image_modules.char_utils | _load_project_characters:173 | 处理后的characters_info包含 5 个键
2025-11-02 23:26:33 | INFO     | src.gui.mixins.image_modules.char_utils | _load_project_characters:266 | ✅ 已加载 5 个人物（其中 0 个有照片），跳过 0 个无效项
2025-11-02 23:26:33 | INFO     | src.gui.mixins.image_modules.char_utils | _load_project_characters:270 | ✅ 已加载项目人物：['沈苒', '小远', '林舟', '陈明', '张大师']
2025-11-02 23:26:33 | INFO     | src.gui.mixins.image_modules.char_extract | _on_character_selected:248 | 选择人物：沈苒 (索引: 0)
2025-11-02 23:26:33 | INFO     | src.gui.mixins.image_modules.char_extract | _on_character_selected:249 | 人物描述长度：217 字符
2025-11-02 23:26:33 | INFO     | src.gui.mixins.image_modules.char_extract | _on_character_selected:262 | 已加载人物"沈苒"的描述
2025-11-02 23:26:33 | INFO     | src.gui.mixins.image_modules.char_utils | _load_project_characters:283 | 已更新人物列表框，当前显示 5 个人物
2025-11-02 23:26:33 | INFO     | src.gui.mixins.image_modules.char_utils | _load_project_characters:290 | === 人物数据加载完成 ===
2025-11-02 23:26:39 | INFO     | httpx | _send_single_request:1025 | HTTP Request: POST https://api.deepseek.com/v1/chat/completions "HTTP/1.1 200 OK"
2025-11-02 23:27:24 | INFO     | src.gui.mixins.image_modules.handlers.character_photo_handler | handle_generate_photo:62 | 准备生成人物照片：沈苒
2025-11-02 23:27:24 | INFO     | src.gui.mixins.image_modules.handlers.character_photo_handler | handle_generate_photo:63 | 人物描述长度：51 字符
2025-11-02 23:27:24 | INFO     | src.gui.mixins.image_modules.handlers.character_photo_handler | handle_generate_photo:65 | 人物描述预览：性别：女
年龄：30-35岁
发型：披肩长发
体型：适中
服装：居家休闲装
特征：面容憔悴，黑眼圈深重...
2025-11-02 23:27:24 | INFO     | src.gui.mixins.image_modules.handlers.character_photo_handler | generate_photo_thread:112 | [1/1] 正在生成：正面视图 + 中性表情
2025-11-02 23:27:24 | INFO     | src.gui.mixins.image_modules.handlers.character_photo_handler | generate_photo_thread:124 | [1/1] 人物：沈苒，描述长度：51
2025-11-02 23:27:24 | INFO     | src.gui.mixins.image_modules.handlers.character_photo_generator | generate_photo:68 | === 开始生成人物照片 ===
2025-11-02 23:27:24 | INFO     | src.gui.mixins.image_modules.handlers.character_photo_generator | generate_photo:69 | 人物名称：沈苒
2025-11-02 23:27:24 | INFO     | src.gui.mixins.image_modules.handlers.character_photo_generator | generate_photo:70 | 描述长度：51 字符
2025-11-02 23:27:24 | INFO     | src.gui.mixins.image_modules.handlers.character_photo_generator | generate_photo:72 | 描述预览：性别：女
年龄：30-35岁
发型：披肩长发
体型：适中
服装：居家休闲装
特征：面容憔悴，黑眼圈深重...
2025-11-02 23:27:24 | INFO     | src.gui.mixins.image_modules.handlers.character_photo_generator | generate_photo:80 | 图片API类型: sd
2025-11-02 23:27:24 | INFO     | src.gui.mixins.image_modules.handlers.character_photo_generator | _generate_with_sd:220 | 模式：txt2img（使用完整人物描述生成）
2025-11-02 23:27:24 | INFO     | src.gui.mixins.image_modules.handlers.character_photo_generator | _generate_with_sd:266 | === SD 标签式提示词（Tag-based Prompt）===
2025-11-02 23:27:24 | INFO     | src.gui.mixins.image_modules.handlers.character_photo_generator | _generate_with_sd:267 | 正向提示词 (前200字符): (solo:1.5), (1person:1.5), solo, 1person, haggard, dark circles under eyes, best quality, high resolution, 1woman, middle-aged woman, mature female, woman, female, not male, Chinese, East Asian, asian...
2025-11-02 23:27:24 | INFO     | src.gui.mixins.image_modules.handlers.character_photo_generator | _generate_with_sd:268 | 正向提示词长度: 544 字符
2025-11-02 23:27:24 | INFO     | src.gui.mixins.image_modules.handlers.character_photo_generator | _generate_with_sd:269 | 负向提示词 (前100字符): low quality, worst quality, blurry, bad anatomy, bad hands, (multiple people:1.5), 2people, 3people,...
2025-11-02 23:27:24 | INFO     | src.gui.mixins.image_modules.handlers.character_photo_generator | _generate_with_sd:270 | 负向提示词长度: 251 字符
2025-11-02 23:27:24 | INFO     | src.gui.mixins.image_modules.handlers.character_photo_generator | _generate_with_sd:320 | 使用 txt2img 模式（生成基准图）
2025-11-02 23:27:24 | INFO     | src.gui.mixins.image_modules.handlers.character_photo_generator | _generate_with_sd:323 | 固定 seed: 32858030
2025-11-02 23:27:38 | INFO     | src.gui.mixins.image_modules.handlers.character_photo_saver | auto_save_photo_with_name:113 | 准备保存到：projects\完整测试_20251026_184212_20251026_184212\characters\沈苒.png
2025-11-02 23:27:38 | INFO     | src.gui.mixins.image_modules.handlers.character_photo_saver | auto_save_photo_with_name:126 | 照片已保存: projects\完整测试_20251026_184212_20251026_184212\characters\沈苒.png (相对路径: characters\沈苒.png)
2025-11-02 23:27:38 | INFO     | src.gui.mixins.image_modules.handlers.character_photo_handler | generate_photo_thread:184 | ✅ [1/1] 正面+中性照片生成成功
2025-11-02 23:27:42 | INFO     | src.gui.mixins.image_modules.char_photo | _on_view_character_gallery:91 | 查找人物"沈苒"的照片：
2025-11-02 23:27:42 | INFO     | src.gui.mixins.image_modules.char_photo | _on_view_character_gallery:92 |   清理后的人物名：沈苒
2025-11-02 23:27:42 | INFO     | src.gui.mixins.image_modules.char_photo | _on_view_character_gallery:93 |   找到 1 张照片
2025-11-02 23:27:42 | INFO     | src.gui.mixins.image_modules.char_photo | _on_view_character_gallery:95 |   照片列表：['沈苒.png']
2025-11-02 23:28:15 | INFO     | src.gui.mixins.image_modules.char_extract | _on_character_selected:248 | 选择人物：沈苒 (索引: 0)
2025-11-02 23:28:15 | INFO     | src.gui.mixins.image_modules.char_extract | _on_character_selected:249 | 人物描述长度：51 字符
2025-11-02 23:28:15 | INFO     | src.gui.mixins.image_modules.char_extract | _on_character_selected:262 | 已加载人物"沈苒"的描述
2025-11-02 23:28:16 | INFO     | src.gui.mixins.image_modules.handlers.character_photo_handler | handle_generate_photo:62 | 准备生成人物照片：沈苒
2025-11-02 23:28:16 | INFO     | src.gui.mixins.image_modules.handlers.character_photo_handler | handle_generate_photo:63 | 人物描述长度：51 字符
2025-11-02 23:28:16 | INFO     | src.gui.mixins.image_modules.handlers.character_photo_handler | handle_generate_photo:65 | 人物描述预览：性别：女
年龄：30-35岁
发型：披肩长发
体型：适中
服装：居家休闲装
特征：面容憔悴，黑眼圈深重...
2025-11-02 23:28:16 | INFO     | src.gui.mixins.image_modules.handlers.character_photo_handler | generate_photo_thread:112 | [1/1] 正在生成：正面视图 + 中性表情
2025-11-02 23:28:16 | INFO     | src.gui.mixins.image_modules.handlers.character_photo_handler | generate_photo_thread:124 | [1/1] 人物：沈苒，描述长度：51
2025-11-02 23:28:16 | INFO     | src.gui.mixins.image_modules.handlers.character_photo_generator | generate_photo:68 | === 开始生成人物照片 ===
2025-11-02 23:28:16 | INFO     | src.gui.mixins.image_modules.handlers.character_photo_generator | generate_photo:69 | 人物名称：沈苒
2025-11-02 23:28:16 | INFO     | src.gui.mixins.image_modules.handlers.character_photo_generator | generate_photo:70 | 描述长度：51 字符
2025-11-02 23:28:16 | INFO     | src.gui.mixins.image_modules.handlers.character_photo_generator | generate_photo:72 | 描述预览：性别：女
年龄：30-35岁
发型：披肩长发
体型：适中
服装：居家休闲装
特征：面容憔悴，黑眼圈深重...
2025-11-02 23:28:16 | INFO     | src.gui.mixins.image_modules.handlers.character_photo_generator | generate_photo:80 | 图片API类型: sd
2025-11-02 23:28:16 | INFO     | src.gui.mixins.image_modules.handlers.character_photo_generator | _generate_with_sd:220 | 模式：txt2img（使用完整人物描述生成）
2025-11-02 23:28:16 | INFO     | src.gui.mixins.image_modules.handlers.character_photo_generator | _generate_with_sd:266 | === SD 标签式提示词（Tag-based Prompt）===
2025-11-02 23:28:16 | INFO     | src.gui.mixins.image_modules.handlers.character_photo_generator | _generate_with_sd:267 | 正向提示词 (前200字符): (solo:1.5), (1person:1.5), solo, 1person, haggard, dark circles under eyes, best quality, high resolution, 1woman, middle-aged woman, mature female, woman, female, not male, Chinese, East Asian, asian...
2025-11-02 23:28:16 | INFO     | src.gui.mixins.image_modules.handlers.character_photo_generator | _generate_with_sd:268 | 正向提示词长度: 544 字符
2025-11-02 23:28:16 | INFO     | src.gui.mixins.image_modules.handlers.character_photo_generator | _generate_with_sd:269 | 负向提示词 (前100字符): low quality, worst quality, blurry, bad anatomy, bad hands, (multiple people:1.5), 2people, 3people,...
2025-11-02 23:28:16 | INFO     | src.gui.mixins.image_modules.handlers.character_photo_generator | _generate_with_sd:270 | 负向提示词长度: 251 字符
2025-11-02 23:28:16 | INFO     | src.gui.mixins.image_modules.handlers.character_photo_generator | _generate_with_sd:320 | 使用 txt2img 模式（生成基准图）
2025-11-02 23:28:16 | INFO     | src.gui.mixins.image_modules.handlers.character_photo_generator | _generate_with_sd:323 | 固定 seed: 32858030
2025-11-02 23:28:31 | INFO     | src.gui.mixins.image_modules.handlers.character_photo_saver | auto_save_photo_with_name:113 | 准备保存到：projects\完整测试_20251026_184212_20251026_184212\characters\沈苒.png
2025-11-02 23:28:31 | INFO     | src.gui.mixins.image_modules.handlers.character_photo_saver | auto_save_photo_with_name:126 | 照片已保存: projects\完整测试_20251026_184212_20251026_184212\characters\沈苒.png (相对路径: characters\沈苒.png)
2025-11-02 23:28:31 | INFO     | src.gui.mixins.image_modules.handlers.character_photo_handler | generate_photo_thread:184 | ✅ [1/1] 正面+中性照片生成成功
2025-11-02 23:28:36 | INFO     | src.gui.mixins.image_modules.char_photo | _on_view_character_gallery:91 | 查找人物"沈苒"的照片：
2025-11-02 23:28:36 | INFO     | src.gui.mixins.image_modules.char_photo | _on_view_character_gallery:92 |   清理后的人物名：沈苒
2025-11-02 23:28:36 | INFO     | src.gui.mixins.image_modules.char_photo | _on_view_character_gallery:93 |   找到 1 张照片
2025-11-02 23:28:36 | INFO     | src.gui.mixins.image_modules.char_photo | _on_view_character_gallery:95 |   照片列表：['沈苒.png']
2025-11-02 23:29:00 | INFO     | src.gui.mixins.image_modules.char_extract | _on_character_selected:248 | 选择人物：小远 (索引: 1)
2025-11-02 23:29:00 | INFO     | src.gui.mixins.image_modules.char_extract | _on_character_selected:249 | 人物描述长度：466 字符
2025-11-02 23:29:00 | INFO     | src.gui.mixins.image_modules.char_extract | _on_character_selected:262 | 已加载人物"小远"的描述
2025-11-02 23:29:01 | INFO     | src.gui.mixins.image_modules.char_extract | _on_character_selected:248 | 选择人物：沈苒 (索引: 0)
2025-11-02 23:29:01 | INFO     | src.gui.mixins.image_modules.char_extract | _on_character_selected:249 | 人物描述长度：51 字符
2025-11-02 23:29:01 | INFO     | src.gui.mixins.image_modules.char_extract | _on_character_selected:262 | 已加载人物"沈苒"的描述
2025-11-02 23:29:03 | INFO     | src.gui.mixins.image_modules.char_extract | _on_character_selected:248 | 选择人物：林舟 (索引: 2)
2025-11-02 23:29:03 | INFO     | src.gui.mixins.image_modules.char_extract | _on_character_selected:249 | 人物描述长度：0 字符
2025-11-02 23:29:03 | WARNING  | src.gui.mixins.image_modules.char_extract | _on_character_selected:269 | 人物"林舟"的描述为空，需要生成
2025-11-02 23:29:03 | INFO     | src.gui.mixins.image_modules.char_extract | _on_character_selected:248 | 选择人物：小远 (索引: 1)
2025-11-02 23:29:03 | INFO     | src.gui.mixins.image_modules.char_extract | _on_character_selected:249 | 人物描述长度：466 字符
2025-11-02 23:29:03 | INFO     | src.gui.mixins.image_modules.char_extract | _on_character_selected:262 | 已加载人物"小远"的描述
2025-11-02 23:29:06 | INFO     | httpx | _send_single_request:1025 | HTTP Request: POST https://api.deepseek.com/v1/chat/completions "HTTP/1.1 200 OK"
2025-11-02 23:30:47 | INFO     | src.gui.mixins.image_modules.handlers.character_photo_handler | handle_generate_photo:62 | 准备生成人物照片：小远
2025-11-02 23:30:47 | INFO     | src.gui.mixins.image_modules.handlers.character_photo_handler | handle_generate_photo:63 | 人物描述长度：50 字符
2025-11-02 23:30:47 | INFO     | src.gui.mixins.image_modules.handlers.character_photo_handler | handle_generate_photo:65 | 人物描述预览：性别：男
年龄：10岁
发型：短发，黑色
体型：瘦小
服装：校服或休闲童装
特征：眼神清澈，表情天真...
2025-11-02 23:30:47 | INFO     | src.gui.mixins.image_modules.handlers.character_photo_handler | generate_photo_thread:112 | [1/1] 正在生成：正面视图 + 中性表情
2025-11-02 23:30:47 | INFO     | src.gui.mixins.image_modules.handlers.character_photo_handler | generate_photo_thread:124 | [1/1] 人物：小远，描述长度：50
2025-11-02 23:30:47 | INFO     | src.gui.mixins.image_modules.handlers.character_photo_generator | generate_photo:68 | === 开始生成人物照片 ===
2025-11-02 23:30:47 | INFO     | src.gui.mixins.image_modules.handlers.character_photo_generator | generate_photo:69 | 人物名称：小远
2025-11-02 23:30:47 | INFO     | src.gui.mixins.image_modules.handlers.character_photo_generator | generate_photo:70 | 描述长度：50 字符
2025-11-02 23:30:47 | INFO     | src.gui.mixins.image_modules.handlers.character_photo_generator | generate_photo:72 | 描述预览：性别：男
年龄：10岁
发型：短发，黑色
体型：瘦小
服装：校服或休闲童装
特征：眼神清澈，表情天真...
2025-11-02 23:30:47 | INFO     | src.gui.mixins.image_modules.handlers.character_photo_generator | generate_photo:80 | 图片API类型: sd
2025-11-02 23:30:47 | INFO     | src.gui.mixins.image_modules.handlers.character_photo_generator | _generate_with_sd:220 | 模式：txt2img（使用完整人物描述生成）
2025-11-02 23:30:47 | INFO     | src.gui.mixins.image_modules.handlers.character_photo_generator | _generate_with_sd:266 | === SD 标签式提示词（Tag-based Prompt）===
2025-11-02 23:30:47 | INFO     | src.gui.mixins.image_modules.handlers.character_photo_generator | _generate_with_sd:267 | 正向提示词 (前200字符): (solo:1.5), (1person:1.5), solo, 1person, best quality, high resolution, 1boy, boy, male child, child, young boy, 10 years old, 10 year old boy, male, not female, Chinese, East Asian, asian, short hai...
2025-11-02 23:30:47 | INFO     | src.gui.mixins.image_modules.handlers.character_photo_generator | _generate_with_sd:268 | 正向提示词长度: 514 字符
2025-11-02 23:30:47 | INFO     | src.gui.mixins.image_modules.handlers.character_photo_generator | _generate_with_sd:269 | 负向提示词 (前100字符): low quality, worst quality, blurry, bad anatomy, bad hands, (multiple people:1.5), 2people, 3people,...
2025-11-02 23:30:47 | INFO     | src.gui.mixins.image_modules.handlers.character_photo_generator | _generate_with_sd:270 | 负向提示词长度: 214 字符
2025-11-02 23:30:47 | INFO     | src.gui.mixins.image_modules.handlers.character_photo_generator | _generate_with_sd:320 | 使用 txt2img 模式（生成基准图）
2025-11-02 23:30:47 | INFO     | src.gui.mixins.image_modules.handlers.character_photo_generator | _generate_with_sd:323 | 固定 seed: 316211617
2025-11-02 23:31:02 | INFO     | src.gui.mixins.image_modules.handlers.character_photo_saver | auto_save_photo_with_name:113 | 准备保存到：projects\完整测试_20251026_184212_20251026_184212\characters\小远.png
2025-11-02 23:31:02 | INFO     | src.gui.mixins.image_modules.handlers.character_photo_saver | auto_save_photo_with_name:126 | 照片已保存: projects\完整测试_20251026_184212_20251026_184212\characters\小远.png (相对路径: characters\小远.png)
2025-11-02 23:31:02 | INFO     | src.gui.mixins.image_modules.handlers.character_photo_handler | generate_photo_thread:184 | ✅ [1/1] 正面+中性照片生成成功
2025-11-02 23:31:40 | INFO     | src.gui.mixins.image_modules.char_photo | _on_view_character_gallery:91 | 查找人物"小远"的照片：
2025-11-02 23:31:40 | INFO     | src.gui.mixins.image_modules.char_photo | _on_view_character_gallery:92 |   清理后的人物名：小远
2025-11-02 23:31:40 | INFO     | src.gui.mixins.image_modules.char_photo | _on_view_character_gallery:93 |   找到 1 张照片
2025-11-02 23:31:40 | INFO     | src.gui.mixins.image_modules.char_photo | _on_view_character_gallery:95 |   照片列表：['小远.png']
2025-11-02 23:34:50 | INFO     | src.core.logging_config | init_logging:134 | 日志系统初始化完成
2025-11-02 23:34:50 | INFO     | src.core.logging_config | init_logging:135 | 日志级别: INFO
2025-11-02 23:34:50 | INFO     | src.core.logging_config | init_logging:136 | 文件日志: 启用
2025-11-02 23:34:51 | INFO     | src.core.logging_config | main:34 | ============================================================
2025-11-02 23:34:51 | INFO     | src.core.logging_config | main:35 | 启动 AI Story Creator Pro
2025-11-02 23:34:51 | INFO     | src.core.logging_config | main:36 | 窗口尺寸: 1500x850
2025-11-02 23:34:51 | INFO     | src.core.logging_config | main:37 | 设计风格: 精致 · 简约 · 专业
2025-11-02 23:34:51 | INFO     | src.core.logging_config | main:38 | ============================================================
2025-11-02 23:34:52 | INFO     | src.gui.modern_app | __init__:92 | ✅ 自动保存功能已启用（每5分钟）
2025-11-02 23:34:53 | INFO     | src.gui.mixins.story_modules.input_cache | _bind_input_cache_events:174 | 输入自动保存已启用
2025-11-02 23:34:53 | INFO     | src.gui.mixins.story_modules.input_cache | _load_input_cache:66 | 已恢复上次输入内容
2025-11-02 23:34:53 | INFO     | src.gui.modern_app | _init_startup_state:143 | 启动状态初始化完成（无项目, 有缓存）
2025-11-02 23:34:56 | INFO     | src.gui.mixins.director_modules.director_mixin | _refresh_shot_combo:96 | 刷新下拉框成功，共 2 个分镜
2025-11-02 23:34:56 | INFO     | src.gui.mixins.director_modules.handlers.project_handler | load_director_data_from_project:118 | 已加载 2 个分镜
2025-11-02 23:34:56 | INFO     | src.gui.mixins.project_mixin | _on_load_project:217 | 使用增强加载功能成功加载项目
2025-11-02 23:34:56 | INFO     | src.gui.mixins.project_mixin | _on_load_project:226 | 后备：单独加载人物数据
2025-11-02 23:34:56 | INFO     | src.gui.mixins.image_modules.char_utils | _load_project_characters:112 | === 开始加载项目人物数据 ===
2025-11-02 23:34:56 | INFO     | src.gui.mixins.image_modules.char_utils | _load_project_characters:117 | 已清空人物列表（之前有 0 个人物）
2025-11-02 23:34:56 | INFO     | src.gui.mixins.image_modules.char_utils | _load_project_characters:127 | 项目路径：projects\完整测试_20251026_184212_20251026_184212
2025-11-02 23:34:56 | INFO     | src.gui.mixins.image_modules.char_utils | _load_project_characters:128 | 人物文件夹路径：projects\完整测试_20251026_184212_20251026_184212\characters
2025-11-02 23:34:56 | INFO     | src.gui.mixins.image_modules.char_utils | _load_project_characters:139 | 检查人物信息文件：projects\完整测试_20251026_184212_20251026_184212\characters\characters_info.json
2025-11-02 23:34:56 | INFO     | src.gui.mixins.image_modules.char_utils | _load_project_characters:140 | 文件是否存在：True
2025-11-02 23:34:56 | INFO     | src.gui.mixins.image_modules.char_utils | _load_project_characters:146 | 📖 已加载人物描述文件：projects\完整测试_20251026_184212_20251026_184212\characters\characters_info.json
2025-11-02 23:34:56 | INFO     | src.gui.mixins.image_modules.char_utils | _load_project_characters:147 | JSON内容类型：<class 'dict'>
2025-11-02 23:34:56 | INFO     | src.gui.mixins.image_modules.char_utils | _load_project_characters:148 | JSON内容长度：5
2025-11-02 23:34:56 | INFO     | src.gui.mixins.image_modules.char_utils | _load_project_characters:171 | 📋 使用扁平格式JSON
2025-11-02 23:34:56 | INFO     | src.gui.mixins.image_modules.char_utils | _load_project_characters:173 | 处理后的characters_info包含 5 个键
2025-11-02 23:34:56 | INFO     | src.gui.mixins.image_modules.char_utils | _load_project_characters:266 | ✅ 已加载 5 个人物（其中 0 个有照片），跳过 0 个无效项
2025-11-02 23:34:56 | INFO     | src.gui.mixins.image_modules.char_utils | _load_project_characters:270 | ✅ 已加载项目人物：['沈苒', '小远', '林舟', '陈明', '张大师']
2025-11-02 23:34:56 | INFO     | src.gui.mixins.image_modules.char_extract | _on_character_selected:256 | 选择人物：沈苒 (索引: 0)
2025-11-02 23:34:56 | INFO     | src.gui.mixins.image_modules.char_extract | _on_character_selected:257 | 人物描述长度：51 字符
2025-11-02 23:34:56 | INFO     | src.gui.mixins.image_modules.char_extract | _on_character_selected:270 | 已加载人物"沈苒"的描述
2025-11-02 23:34:56 | INFO     | src.gui.mixins.image_modules.char_utils | _load_project_characters:283 | 已更新人物列表框，当前显示 5 个人物
2025-11-02 23:34:56 | INFO     | src.gui.mixins.image_modules.char_utils | _load_project_characters:290 | === 人物数据加载完成 ===
2025-11-02 23:37:03 | INFO     | src.core.logging_config | init_logging:134 | 日志系统初始化完成
2025-11-02 23:37:03 | INFO     | src.core.logging_config | init_logging:135 | 日志级别: INFO
2025-11-02 23:37:03 | INFO     | src.core.logging_config | init_logging:136 | 文件日志: 启用
2025-11-02 23:37:03 | INFO     | src.core.logging_config | main:34 | ============================================================
2025-11-02 23:37:03 | INFO     | src.core.logging_config | main:35 | 启动 AI Story Creator Pro
2025-11-02 23:37:03 | INFO     | src.core.logging_config | main:36 | 窗口尺寸: 1500x850
2025-11-02 23:37:03 | INFO     | src.core.logging_config | main:37 | 设计风格: 精致 · 简约 · 专业
2025-11-02 23:37:03 | INFO     | src.core.logging_config | main:38 | ============================================================
2025-11-02 23:37:05 | INFO     | src.gui.modern_app | __init__:92 | ✅ 自动保存功能已启用（每5分钟）
2025-11-02 23:37:05 | INFO     | src.gui.mixins.story_modules.input_cache | _bind_input_cache_events:174 | 输入自动保存已启用
2025-11-02 23:37:05 | INFO     | src.gui.mixins.story_modules.input_cache | _load_input_cache:66 | 已恢复上次输入内容
2025-11-02 23:37:05 | INFO     | src.gui.modern_app | _init_startup_state:143 | 启动状态初始化完成（无项目, 有缓存）
2025-11-02 23:37:08 | INFO     | src.gui.mixins.director_modules.director_mixin | _refresh_shot_combo:96 | 刷新下拉框成功，共 2 个分镜
2025-11-02 23:37:08 | INFO     | src.gui.mixins.director_modules.handlers.project_handler | load_director_data_from_project:118 | 已加载 2 个分镜
2025-11-02 23:37:08 | INFO     | src.gui.mixins.project_mixin | _on_load_project:217 | 使用增强加载功能成功加载项目
2025-11-02 23:37:08 | INFO     | src.gui.mixins.project_mixin | _on_load_project:226 | 后备：单独加载人物数据
2025-11-02 23:37:08 | INFO     | src.gui.mixins.image_modules.char_utils | _load_project_characters:112 | === 开始加载项目人物数据 ===
2025-11-02 23:37:08 | INFO     | src.gui.mixins.image_modules.char_utils | _load_project_characters:117 | 已清空人物列表（之前有 0 个人物）
2025-11-02 23:37:08 | INFO     | src.gui.mixins.image_modules.char_utils | _load_project_characters:127 | 项目路径：projects\完整测试_20251026_184212_20251026_184212
2025-11-02 23:37:08 | INFO     | src.gui.mixins.image_modules.char_utils | _load_project_characters:128 | 人物文件夹路径：projects\完整测试_20251026_184212_20251026_184212\characters
2025-11-02 23:37:08 | INFO     | src.gui.mixins.image_modules.char_utils | _load_project_characters:139 | 检查人物信息文件：projects\完整测试_20251026_184212_20251026_184212\characters\characters_info.json
2025-11-02 23:37:08 | INFO     | src.gui.mixins.image_modules.char_utils | _load_project_characters:140 | 文件是否存在：True
2025-11-02 23:37:08 | INFO     | src.gui.mixins.image_modules.char_utils | _load_project_characters:146 | 📖 已加载人物描述文件：projects\完整测试_20251026_184212_20251026_184212\characters\characters_info.json
2025-11-02 23:37:08 | INFO     | src.gui.mixins.image_modules.char_utils | _load_project_characters:147 | JSON内容类型：<class 'dict'>
2025-11-02 23:37:08 | INFO     | src.gui.mixins.image_modules.char_utils | _load_project_characters:148 | JSON内容长度：5
2025-11-02 23:37:08 | INFO     | src.gui.mixins.image_modules.char_utils | _load_project_characters:171 | 📋 使用扁平格式JSON
2025-11-02 23:37:08 | INFO     | src.gui.mixins.image_modules.char_utils | _load_project_characters:173 | 处理后的characters_info包含 5 个键
2025-11-02 23:37:08 | INFO     | src.gui.mixins.image_modules.char_utils | _load_project_characters:266 | ✅ 已加载 5 个人物（其中 0 个有照片），跳过 0 个无效项
2025-11-02 23:37:08 | INFO     | src.gui.mixins.image_modules.char_utils | _load_project_characters:270 | ✅ 已加载项目人物：['沈苒', '小远', '林舟', '陈明', '张大师']
2025-11-02 23:37:08 | INFO     | src.gui.mixins.image_modules.char_extract | _on_character_selected:256 | 选择人物：沈苒 (索引: 0)
2025-11-02 23:37:08 | INFO     | src.gui.mixins.image_modules.char_extract | _on_character_selected:257 | 人物描述长度：51 字符
2025-11-02 23:37:08 | INFO     | src.gui.mixins.image_modules.char_extract | _on_character_selected:270 | 已加载人物"沈苒"的描述
2025-11-02 23:37:08 | INFO     | src.gui.mixins.image_modules.char_utils | _load_project_characters:283 | 已更新人物列表框，当前显示 5 个人物
2025-11-02 23:37:08 | INFO     | src.gui.mixins.image_modules.char_utils | _load_project_characters:290 | === 人物数据加载完成 ===
2025-11-02 23:38:54 | INFO     | src.gui.mixins.image_modules.handlers.character_photo_handler | handle_generate_photo:61 | 准备生成人物照片：沈苒
2025-11-02 23:38:54 | INFO     | src.gui.mixins.image_modules.handlers.character_photo_handler | handle_generate_photo:62 | 人物描述长度：51 字符
2025-11-02 23:38:54 | INFO     | src.gui.mixins.image_modules.handlers.character_photo_handler | handle_generate_photo:64 | 人物描述预览：性别：女
年龄：30-35岁
发型：披肩长发
体型：适中
服装：居家休闲装
特征：面容憔悴，黑眼圈深重...
2025-11-02 23:38:54 | INFO     | src.gui.mixins.image_modules.handlers.character_photo_handler | generate_photo_thread:111 | [1/1] 正在生成：正面视图 + 中性表情
2025-11-02 23:38:54 | INFO     | src.gui.mixins.image_modules.handlers.character_photo_handler | generate_photo_thread:123 | [1/1] 人物：沈苒，描述长度：51
2025-11-02 23:38:54 | INFO     | src.gui.mixins.image_modules.handlers.character_photo_generator | generate_photo:68 | === 开始生成人物照片 ===
2025-11-02 23:38:54 | INFO     | src.gui.mixins.image_modules.handlers.character_photo_generator | generate_photo:69 | 人物名称：沈苒
2025-11-02 23:38:54 | INFO     | src.gui.mixins.image_modules.handlers.character_photo_generator | generate_photo:70 | 描述长度：51 字符
2025-11-02 23:38:54 | INFO     | src.gui.mixins.image_modules.handlers.character_photo_generator | generate_photo:72 | 描述预览：性别：女
年龄：30-35岁
发型：披肩长发
体型：适中
服装：居家休闲装
特征：面容憔悴，黑眼圈深重...
2025-11-02 23:38:54 | INFO     | src.gui.mixins.image_modules.handlers.character_photo_generator | generate_photo:80 | 图片API类型: sd
2025-11-02 23:38:54 | INFO     | src.gui.mixins.image_modules.handlers.character_photo_generator | _generate_with_sd:220 | 模式：txt2img（使用完整人物描述生成）
2025-11-02 23:38:54 | INFO     | src.gui.mixins.image_modules.handlers.character_photo_generator | _generate_with_sd:266 | === SD 标签式提示词（Tag-based Prompt）===
2025-11-02 23:38:54 | INFO     | src.gui.mixins.image_modules.handlers.character_photo_generator | _generate_with_sd:267 | 正向提示词 (前200字符): (solo:1.5), (1person:1.5), solo, 1person, haggard, dark circles under eyes, best quality, high resolution, 1woman, middle-aged woman, mature female, woman, female, not male, Chinese, East Asian, asian...
2025-11-02 23:38:54 | INFO     | src.gui.mixins.image_modules.handlers.character_photo_generator | _generate_with_sd:268 | 正向提示词长度: 544 字符
2025-11-02 23:38:54 | INFO     | src.gui.mixins.image_modules.handlers.character_photo_generator | _generate_with_sd:269 | 负向提示词 (前100字符): low quality, worst quality, blurry, bad anatomy, bad hands, (multiple people:1.5), 2people, 3people,...
2025-11-02 23:38:54 | INFO     | src.gui.mixins.image_modules.handlers.character_photo_generator | _generate_with_sd:270 | 负向提示词长度: 251 字符
2025-11-02 23:38:54 | INFO     | src.gui.mixins.image_modules.handlers.character_photo_generator | _generate_with_sd:320 | 使用 txt2img 模式（生成基准图）
2025-11-02 23:38:54 | INFO     | src.gui.mixins.image_modules.handlers.character_photo_generator | _generate_with_sd:323 | 固定 seed: 32858030
2025-11-02 23:39:08 | INFO     | src.gui.mixins.image_modules.handlers.character_photo_saver | auto_save_photo_with_name:113 | 准备保存到：projects\完整测试_20251026_184212_20251026_184212\characters\沈苒.png
2025-11-02 23:39:09 | INFO     | src.gui.mixins.image_modules.handlers.character_photo_saver | auto_save_photo_with_name:126 | 照片已保存: projects\完整测试_20251026_184212_20251026_184212\characters\沈苒.png (相对路径: characters\沈苒.png)
2025-11-02 23:39:09 | INFO     | src.gui.mixins.image_modules.handlers.character_photo_handler | generate_photo_thread:183 | ✅ [1/1] 正面+中性照片生成成功
2025-11-02 23:42:03 | INFO     | src.core.logging_config | init_logging:134 | 日志系统初始化完成
2025-11-02 23:42:03 | INFO     | src.core.logging_config | init_logging:135 | 日志级别: INFO
2025-11-02 23:42:03 | INFO     | src.core.logging_config | init_logging:136 | 文件日志: 启用
2025-11-02 23:42:03 | INFO     | src.core.logging_config | main:34 | ============================================================
2025-11-02 23:42:03 | INFO     | src.core.logging_config | main:35 | 启动 AI Story Creator Pro
2025-11-02 23:42:03 | INFO     | src.core.logging_config | main:36 | 窗口尺寸: 1500x850
2025-11-02 23:42:03 | INFO     | src.core.logging_config | main:37 | 设计风格: 精致 · 简约 · 专业
2025-11-02 23:42:03 | INFO     | src.core.logging_config | main:38 | ============================================================
2025-11-02 23:42:05 | INFO     | src.gui.modern_app | __init__:92 | ✅ 自动保存功能已启用（每5分钟）
2025-11-02 23:42:05 | INFO     | src.gui.mixins.story_modules.input_cache | _bind_input_cache_events:174 | 输入自动保存已启用
2025-11-02 23:42:05 | INFO     | src.gui.mixins.story_modules.input_cache | _load_input_cache:66 | 已恢复上次输入内容
2025-11-02 23:42:05 | INFO     | src.gui.modern_app | _init_startup_state:143 | 启动状态初始化完成（无项目, 有缓存）
2025-11-02 23:42:09 | INFO     | src.gui.mixins.director_modules.director_mixin | _refresh_shot_combo:96 | 刷新下拉框成功，共 2 个分镜
2025-11-02 23:42:09 | INFO     | src.gui.mixins.director_modules.handlers.project_handler | load_director_data_from_project:118 | 已加载 2 个分镜
2025-11-02 23:42:09 | INFO     | src.gui.mixins.project_mixin | _on_load_project:217 | 使用增强加载功能成功加载项目
2025-11-02 23:42:09 | INFO     | src.gui.mixins.project_mixin | _on_load_project:226 | 后备：单独加载人物数据
2025-11-02 23:42:09 | INFO     | src.gui.mixins.image_modules.char_utils | _load_project_characters:112 | === 开始加载项目人物数据 ===
2025-11-02 23:42:09 | INFO     | src.gui.mixins.image_modules.char_utils | _load_project_characters:117 | 已清空人物列表（之前有 0 个人物）
2025-11-02 23:42:09 | INFO     | src.gui.mixins.image_modules.char_utils | _load_project_characters:127 | 项目路径：projects\完整测试_20251026_184212_20251026_184212
2025-11-02 23:42:09 | INFO     | src.gui.mixins.image_modules.char_utils | _load_project_characters:128 | 人物文件夹路径：projects\完整测试_20251026_184212_20251026_184212\characters
2025-11-02 23:42:09 | INFO     | src.gui.mixins.image_modules.char_utils | _load_project_characters:139 | 检查人物信息文件：projects\完整测试_20251026_184212_20251026_184212\characters\characters_info.json
2025-11-02 23:42:09 | INFO     | src.gui.mixins.image_modules.char_utils | _load_project_characters:140 | 文件是否存在：True
2025-11-02 23:42:09 | INFO     | src.gui.mixins.image_modules.char_utils | _load_project_characters:146 | 📖 已加载人物描述文件：projects\完整测试_20251026_184212_20251026_184212\characters\characters_info.json
2025-11-02 23:42:09 | INFO     | src.gui.mixins.image_modules.char_utils | _load_project_characters:147 | JSON内容类型：<class 'dict'>
2025-11-02 23:42:09 | INFO     | src.gui.mixins.image_modules.char_utils | _load_project_characters:148 | JSON内容长度：5
2025-11-02 23:42:09 | INFO     | src.gui.mixins.image_modules.char_utils | _load_project_characters:171 | 📋 使用扁平格式JSON
2025-11-02 23:42:09 | INFO     | src.gui.mixins.image_modules.char_utils | _load_project_characters:173 | 处理后的characters_info包含 5 个键
2025-11-02 23:42:09 | INFO     | src.gui.mixins.image_modules.char_utils | _load_project_characters:266 | ✅ 已加载 5 个人物（其中 0 个有照片），跳过 0 个无效项
2025-11-02 23:42:09 | INFO     | src.gui.mixins.image_modules.char_utils | _load_project_characters:270 | ✅ 已加载项目人物：['沈苒', '小远', '林舟', '陈明', '张大师']
2025-11-02 23:42:09 | INFO     | src.gui.mixins.image_modules.char_extract | _on_character_selected:256 | 选择人物：沈苒 (索引: 0)
2025-11-02 23:42:09 | INFO     | src.gui.mixins.image_modules.char_extract | _on_character_selected:257 | 人物描述长度：51 字符
2025-11-02 23:42:09 | INFO     | src.gui.mixins.image_modules.char_extract | _on_character_selected:270 | 已加载人物"沈苒"的描述
2025-11-02 23:42:09 | INFO     | src.gui.mixins.image_modules.char_utils | _load_project_characters:283 | 已更新人物列表框，当前显示 5 个人物
2025-11-02 23:42:09 | INFO     | src.gui.mixins.image_modules.char_utils | _load_project_characters:290 | === 人物数据加载完成 ===
2025-11-02 23:46:24 | INFO     | src.core.logging_config | init_logging:134 | 日志系统初始化完成
2025-11-02 23:46:24 | INFO     | src.core.logging_config | init_logging:135 | 日志级别: INFO
2025-11-02 23:46:24 | INFO     | src.core.logging_config | init_logging:136 | 文件日志: 启用
2025-11-02 23:46:25 | INFO     | src.core.logging_config | main:34 | ============================================================
2025-11-02 23:46:25 | INFO     | src.core.logging_config | main:35 | 启动 AI Story Creator Pro
2025-11-02 23:46:25 | INFO     | src.core.logging_config | main:36 | 窗口尺寸: 1500x850
2025-11-02 23:46:25 | INFO     | src.core.logging_config | main:37 | 设计风格: 精致 · 简约 · 专业
2025-11-02 23:46:25 | INFO     | src.core.logging_config | main:38 | ============================================================
2025-11-02 23:46:26 | INFO     | src.gui.modern_app | __init__:92 | ✅ 自动保存功能已启用（每5分钟）
2025-11-02 23:46:26 | INFO     | src.gui.mixins.story_modules.input_cache | _bind_input_cache_events:174 | 输入自动保存已启用
2025-11-02 23:46:27 | INFO     | src.gui.mixins.story_modules.input_cache | _load_input_cache:66 | 已恢复上次输入内容
2025-11-02 23:46:27 | INFO     | src.gui.modern_app | _init_startup_state:143 | 启动状态初始化完成（无项目, 有缓存）
2025-11-02 23:48:55 | INFO     | src.core.logging_config | init_logging:134 | 日志系统初始化完成
2025-11-02 23:48:55 | INFO     | src.core.logging_config | init_logging:135 | 日志级别: INFO
2025-11-02 23:48:55 | INFO     | src.core.logging_config | init_logging:136 | 文件日志: 启用
2025-11-02 23:48:55 | INFO     | src.core.logging_config | main:34 | ============================================================
2025-11-02 23:48:55 | INFO     | src.core.logging_config | main:35 | 启动 AI Story Creator Pro
2025-11-02 23:48:55 | INFO     | src.core.logging_config | main:36 | 窗口尺寸: 1500x850
2025-11-02 23:48:55 | INFO     | src.core.logging_config | main:37 | 设计风格: 精致 · 简约 · 专业
2025-11-02 23:48:55 | INFO     | src.core.logging_config | main:38 | ============================================================
2025-11-02 23:48:57 | INFO     | src.gui.modern_app | __init__:92 | ✅ 自动保存功能已启用（每5分钟）
2025-11-02 23:48:57 | INFO     | src.gui.mixins.story_modules.input_cache | _bind_input_cache_events:174 | 输入自动保存已启用
2025-11-02 23:48:57 | INFO     | src.gui.mixins.story_modules.input_cache | _load_input_cache:66 | 已恢复上次输入内容
2025-11-02 23:48:57 | INFO     | src.gui.modern_app | _init_startup_state:143 | 启动状态初始化完成（无项目, 有缓存）
2025-11-02 23:50:41 | INFO     | src.core.logging_config | init_logging:134 | 日志系统初始化完成
2025-11-02 23:50:41 | INFO     | src.core.logging_config | init_logging:135 | 日志级别: INFO
2025-11-02 23:50:41 | INFO     | src.core.logging_config | init_logging:136 | 文件日志: 启用
2025-11-02 23:50:41 | INFO     | src.core.logging_config | main:34 | ============================================================
2025-11-02 23:50:41 | INFO     | src.core.logging_config | main:35 | 启动 AI Story Creator Pro
2025-11-02 23:50:41 | INFO     | src.core.logging_config | main:36 | 窗口尺寸: 1500x850
2025-11-02 23:50:41 | INFO     | src.core.logging_config | main:37 | 设计风格: 精致 · 简约 · 专业
2025-11-02 23:50:41 | INFO     | src.core.logging_config | main:38 | ============================================================
2025-11-02 23:50:43 | INFO     | src.gui.modern_app | __init__:92 | ✅ 自动保存功能已启用（每5分钟）
2025-11-02 23:50:43 | INFO     | src.gui.mixins.story_modules.input_cache | _bind_input_cache_events:174 | 输入自动保存已启用
2025-11-02 23:50:43 | INFO     | src.gui.mixins.story_modules.input_cache | _load_input_cache:66 | 已恢复上次输入内容
2025-11-02 23:50:43 | INFO     | src.gui.modern_app | _init_startup_state:143 | 启动状态初始化完成（无项目, 有缓存）
2025-11-02 23:52:21 | INFO     | src.core.logging_config | init_logging:134 | 日志系统初始化完成
2025-11-02 23:52:21 | INFO     | src.core.logging_config | init_logging:135 | 日志级别: INFO
2025-11-02 23:52:21 | INFO     | src.core.logging_config | init_logging:136 | 文件日志: 启用
2025-11-02 23:52:22 | INFO     | src.core.logging_config | main:34 | ============================================================
2025-11-02 23:52:22 | INFO     | src.core.logging_config | main:35 | 启动 AI Story Creator Pro
2025-11-02 23:52:22 | INFO     | src.core.logging_config | main:36 | 窗口尺寸: 1500x850
2025-11-02 23:52:22 | INFO     | src.core.logging_config | main:37 | 设计风格: 精致 · 简约 · 专业
2025-11-02 23:52:22 | INFO     | src.core.logging_config | main:38 | ============================================================
2025-11-02 23:52:23 | INFO     | src.gui.modern_app | __init__:92 | ✅ 自动保存功能已启用（每5分钟）
2025-11-02 23:52:23 | INFO     | src.gui.mixins.story_modules.input_cache | _bind_input_cache_events:174 | 输入自动保存已启用
2025-11-02 23:52:23 | INFO     | src.gui.mixins.story_modules.input_cache | _load_input_cache:66 | 已恢复上次输入内容
2025-11-02 23:52:23 | INFO     | src.gui.modern_app | _init_startup_state:143 | 启动状态初始化完成（无项目, 有缓存）
2025-11-02 23:52:26 | INFO     | src.gui.mixins.director_modules.director_mixin | _refresh_shot_combo:96 | 刷新下拉框成功，共 2 个分镜
2025-11-02 23:52:26 | INFO     | src.gui.mixins.director_modules.handlers.project_handler | load_director_data_from_project:118 | 已加载 2 个分镜
2025-11-02 23:52:26 | INFO     | src.gui.mixins.project_mixin | _on_load_project:217 | 使用增强加载功能成功加载项目
2025-11-02 23:52:26 | INFO     | src.gui.mixins.project_mixin | _on_load_project:226 | 后备：单独加载人物数据
2025-11-02 23:52:26 | INFO     | src.gui.mixins.image_modules.char_utils | _load_project_characters:112 | === 开始加载项目人物数据 ===
2025-11-02 23:52:26 | INFO     | src.gui.mixins.image_modules.char_utils | _load_project_characters:117 | 已清空人物列表（之前有 0 个人物）
2025-11-02 23:52:26 | INFO     | src.gui.mixins.image_modules.char_utils | _load_project_characters:127 | 项目路径：projects\完整测试_20251026_184212_20251026_184212
2025-11-02 23:52:26 | INFO     | src.gui.mixins.image_modules.char_utils | _load_project_characters:128 | 人物文件夹路径：projects\完整测试_20251026_184212_20251026_184212\characters
2025-11-02 23:52:26 | INFO     | src.gui.mixins.image_modules.char_utils | _load_project_characters:139 | 检查人物信息文件：projects\完整测试_20251026_184212_20251026_184212\characters\characters_info.json
2025-11-02 23:52:26 | INFO     | src.gui.mixins.image_modules.char_utils | _load_project_characters:140 | 文件是否存在：True
2025-11-02 23:52:26 | INFO     | src.gui.mixins.image_modules.char_utils | _load_project_characters:146 | 📖 已加载人物描述文件：projects\完整测试_20251026_184212_20251026_184212\characters\characters_info.json
2025-11-02 23:52:26 | INFO     | src.gui.mixins.image_modules.char_utils | _load_project_characters:147 | JSON内容类型：<class 'dict'>
2025-11-02 23:52:26 | INFO     | src.gui.mixins.image_modules.char_utils | _load_project_characters:148 | JSON内容长度：5
2025-11-02 23:52:26 | INFO     | src.gui.mixins.image_modules.char_utils | _load_project_characters:171 | 📋 使用扁平格式JSON
2025-11-02 23:52:26 | INFO     | src.gui.mixins.image_modules.char_utils | _load_project_characters:173 | 处理后的characters_info包含 5 个键
2025-11-02 23:52:26 | INFO     | src.gui.mixins.image_modules.char_utils | _load_project_characters:266 | ✅ 已加载 5 个人物（其中 0 个有照片），跳过 0 个无效项
2025-11-02 23:52:26 | INFO     | src.gui.mixins.image_modules.char_utils | _load_project_characters:270 | ✅ 已加载项目人物：['沈苒', '小远', '林舟', '陈明', '张大师']
2025-11-02 23:52:26 | INFO     | src.gui.mixins.image_modules.char_extract | _on_character_selected:256 | 选择人物：沈苒 (索引: 0)
2025-11-02 23:52:26 | INFO     | src.gui.mixins.image_modules.char_extract | _on_character_selected:257 | 人物描述长度：51 字符
2025-11-02 23:52:26 | INFO     | src.gui.mixins.image_modules.char_extract | _on_character_selected:270 | 已加载人物"沈苒"的描述
2025-11-02 23:52:26 | INFO     | src.gui.mixins.image_modules.char_utils | _load_project_characters:283 | 已更新人物列表框，当前显示 5 个人物
2025-11-02 23:52:26 | INFO     | src.gui.mixins.image_modules.char_utils | _load_project_characters:290 | === 人物数据加载完成 ===
2025-11-02 23:53:09 | INFO     | src.gui.mixins.image_modules.char_extract | _on_character_selected:256 | 选择人物：小远 (索引: 1)
2025-11-02 23:53:09 | INFO     | src.gui.mixins.image_modules.char_extract | _on_character_selected:257 | 人物描述长度：50 字符
2025-11-02 23:53:09 | INFO     | src.gui.mixins.image_modules.char_extract | _on_character_selected:270 | 已加载人物"小远"的描述
2025-11-02 23:53:12 | INFO     | src.gui.mixins.image_modules.char_extract | _on_character_selected:256 | 选择人物：林舟 (索引: 2)
2025-11-02 23:53:12 | INFO     | src.gui.mixins.image_modules.char_extract | _on_character_selected:257 | 人物描述长度：0 字符
2025-11-02 23:53:12 | WARNING  | src.gui.mixins.image_modules.char_extract | _on_character_selected:277 | 人物"林舟"的描述为空，需要生成
2025-11-02 23:53:15 | INFO     | httpx | _send_single_request:1025 | HTTP Request: POST https://api.deepseek.com/v1/chat/completions "HTTP/1.1 200 OK"
2025-11-02 23:53:19 | INFO     | src.gui.mixins.image_modules.handlers.character_photo_handler | handle_generate_photo:61 | 准备生成人物照片：林舟
2025-11-02 23:53:19 | INFO     | src.gui.mixins.image_modules.handlers.character_photo_handler | handle_generate_photo:62 | 人物描述长度：62 字符
2025-11-02 23:53:19 | INFO     | src.gui.mixins.image_modules.handlers.character_photo_handler | handle_generate_photo:64 | 人物描述预览：性别：男
年龄：20-25岁
发型：短发，黑色
体型：修长
服装：白色衬衫，蓝色牛仔裤
特征：左手腕戴银色手表，锁骨处有疤痕...
2025-11-02 23:53:19 | INFO     | src.gui.mixins.image_modules.handlers.character_photo_handler | generate_photo_thread:111 | [1/1] 正在生成：正面视图 + 中性表情
2025-11-02 23:53:19 | INFO     | src.gui.mixins.image_modules.handlers.character_photo_handler | generate_photo_thread:123 | [1/1] 人物：林舟，描述长度：62
2025-11-02 23:53:19 | INFO     | src.gui.mixins.image_modules.handlers.character_photo_generator | generate_photo:68 | === 开始生成人物照片 ===
2025-11-02 23:53:19 | INFO     | src.gui.mixins.image_modules.handlers.character_photo_generator | generate_photo:69 | 人物名称：林舟
2025-11-02 23:53:19 | INFO     | src.gui.mixins.image_modules.handlers.character_photo_generator | generate_photo:70 | 描述长度：62 字符
2025-11-02 23:53:19 | INFO     | src.gui.mixins.image_modules.handlers.character_photo_generator | generate_photo:72 | 描述预览：性别：男
年龄：20-25岁
发型：短发，黑色
体型：修长
服装：白色衬衫，蓝色牛仔裤
特征：左手腕戴银色手表，锁骨处有疤痕...
2025-11-02 23:53:19 | INFO     | src.gui.mixins.image_modules.handlers.character_photo_generator | generate_photo:80 | 图片API类型: sd
2025-11-02 23:53:19 | INFO     | src.gui.mixins.image_modules.handlers.character_photo_generator | _generate_with_sd:220 | 模式：txt2img（使用完整人物描述生成）
2025-11-02 23:53:19 | INFO     | src.gui.mixins.image_modules.handlers.character_photo_generator | _generate_with_sd:266 | === SD 标签式提示词（Tag-based Prompt）===
2025-11-02 23:53:19 | INFO     | src.gui.mixins.image_modules.handlers.character_photo_generator | _generate_with_sd:267 | 正向提示词 (前200字符): (solo:1.5), (1person:1.5), solo, 1person, best quality, high resolution, 1man, 25 years old, young man, adult male, man, male, not female, Chinese, East Asian, asian, short hair, shirt, jeans, black, ...
2025-11-02 23:53:19 | INFO     | src.gui.mixins.image_modules.handlers.character_photo_generator | _generate_with_sd:268 | 正向提示词长度: 486 字符
2025-11-02 23:53:19 | INFO     | src.gui.mixins.image_modules.handlers.character_photo_generator | _generate_with_sd:269 | 负向提示词 (前100字符): low quality, worst quality, blurry, bad anatomy, bad hands, (multiple people:1.5), 2people, 3people,...
2025-11-02 23:53:19 | INFO     | src.gui.mixins.image_modules.handlers.character_photo_generator | _generate_with_sd:270 | 负向提示词长度: 214 字符
2025-11-02 23:53:19 | INFO     | src.gui.mixins.image_modules.handlers.character_photo_generator | _generate_with_sd:320 | 使用 txt2img 模式（生成基准图）
2025-11-02 23:53:19 | INFO     | src.gui.mixins.image_modules.handlers.character_photo_generator | _generate_with_sd:323 | 固定 seed: 673830575
2025-11-02 23:53:33 | INFO     | src.gui.mixins.image_modules.handlers.character_photo_saver | auto_save_photo_with_name:113 | 准备保存到：projects\完整测试_20251026_184212_20251026_184212\characters\林舟.png
2025-11-02 23:53:33 | INFO     | src.gui.mixins.image_modules.handlers.character_photo_saver | auto_save_photo_with_name:126 | 照片已保存: projects\完整测试_20251026_184212_20251026_184212\characters\林舟.png (相对路径: characters\林舟.png)
2025-11-02 23:53:33 | INFO     | src.gui.mixins.image_modules.handlers.character_photo_handler | generate_photo_thread:183 | ✅ [1/1] 正面+中性照片生成成功
2025-11-02 23:53:36 | INFO     | src.gui.mixins.image_modules.char_photo | _on_view_character_gallery:90 | 查找人物"林舟"的照片：
2025-11-02 23:53:36 | INFO     | src.gui.mixins.image_modules.char_photo | _on_view_character_gallery:91 |   清理后的人物名：林舟
2025-11-02 23:53:36 | INFO     | src.gui.mixins.image_modules.char_photo | _on_view_character_gallery:92 |   找到 1 张照片
2025-11-02 23:53:36 | INFO     | src.gui.mixins.image_modules.char_photo | _on_view_character_gallery:94 |   照片列表：['林舟.png']
2025-11-02 23:55:15 | INFO     | src.core.logging_config | init_logging:134 | 日志系统初始化完成
2025-11-02 23:55:15 | INFO     | src.core.logging_config | init_logging:135 | 日志级别: INFO
2025-11-02 23:55:15 | INFO     | src.core.logging_config | init_logging:136 | 文件日志: 启用
2025-11-02 23:55:16 | INFO     | src.core.logging_config | main:34 | ============================================================
2025-11-02 23:55:16 | INFO     | src.core.logging_config | main:35 | 启动 AI Story Creator Pro
2025-11-02 23:55:16 | INFO     | src.core.logging_config | main:36 | 窗口尺寸: 1500x850
2025-11-02 23:55:16 | INFO     | src.core.logging_config | main:37 | 设计风格: 精致 · 简约 · 专业
2025-11-02 23:55:16 | INFO     | src.core.logging_config | main:38 | ============================================================
2025-11-02 23:55:17 | INFO     | src.gui.modern_app | __init__:92 | ✅ 自动保存功能已启用（每5分钟）
2025-11-02 23:55:18 | INFO     | src.gui.mixins.story_modules.input_cache | _bind_input_cache_events:174 | 输入自动保存已启用
2025-11-02 23:55:18 | INFO     | src.gui.mixins.story_modules.input_cache | _load_input_cache:66 | 已恢复上次输入内容
2025-11-02 23:55:18 | INFO     | src.gui.modern_app | _init_startup_state:143 | 启动状态初始化完成（无项目, 有缓存）
2025-11-03 00:00:02 | INFO     | src.core.logging_config | init_logging:134 | 日志系统初始化完成
2025-11-03 00:00:02 | INFO     | src.core.logging_config | init_logging:135 | 日志级别: INFO
2025-11-03 00:00:02 | INFO     | src.core.logging_config | init_logging:136 | 文件日志: 启用
2025-11-03 00:00:02 | INFO     | src.core.logging_config | main:34 | ============================================================
2025-11-03 00:00:02 | INFO     | src.core.logging_config | main:35 | 启动 AI Story Creator Pro
2025-11-03 00:00:02 | INFO     | src.core.logging_config | main:36 | 窗口尺寸: 1500x850
2025-11-03 00:00:02 | INFO     | src.core.logging_config | main:37 | 设计风格: 精致 · 简约 · 专业
2025-11-03 00:00:02 | INFO     | src.core.logging_config | main:38 | ============================================================
2025-11-03 00:00:04 | INFO     | src.gui.modern_app | __init__:92 | ✅ 自动保存功能已启用（每5分钟）
2025-11-03 00:00:04 | INFO     | src.gui.mixins.story_modules.input_cache | _bind_input_cache_events:174 | 输入自动保存已启用
2025-11-03 00:00:04 | INFO     | src.gui.mixins.story_modules.input_cache | _load_input_cache:66 | 已恢复上次输入内容
2025-11-03 00:00:04 | INFO     | src.gui.modern_app | _init_startup_state:143 | 启动状态初始化完成（无项目, 有缓存）
2025-11-03 00:00:06 | INFO     | src.gui.mixins.director_modules.director_mixin | _refresh_shot_combo:96 | 刷新下拉框成功，共 2 个分镜
2025-11-03 00:00:06 | INFO     | src.gui.mixins.director_modules.handlers.project_handler | load_director_data_from_project:118 | 已加载 2 个分镜
2025-11-03 00:00:06 | INFO     | src.gui.mixins.project_mixin | _on_load_project:217 | 使用增强加载功能成功加载项目
2025-11-03 00:00:06 | INFO     | src.gui.mixins.project_mixin | _on_load_project:226 | 后备：单独加载人物数据
2025-11-03 00:00:06 | INFO     | src.gui.mixins.image_modules.char_utils | _load_project_characters:112 | === 开始加载项目人物数据 ===
2025-11-03 00:00:06 | INFO     | src.gui.mixins.image_modules.char_utils | _load_project_characters:117 | 已清空人物列表（之前有 0 个人物）
2025-11-03 00:00:06 | INFO     | src.gui.mixins.image_modules.char_utils | _load_project_characters:127 | 项目路径：projects\完整测试_20251026_184212_20251026_184212
2025-11-03 00:00:06 | INFO     | src.gui.mixins.image_modules.char_utils | _load_project_characters:128 | 人物文件夹路径：projects\完整测试_20251026_184212_20251026_184212\characters
2025-11-03 00:00:06 | INFO     | src.gui.mixins.image_modules.char_utils | _load_project_characters:139 | 检查人物信息文件：projects\完整测试_20251026_184212_20251026_184212\characters\characters_info.json
2025-11-03 00:00:06 | INFO     | src.gui.mixins.image_modules.char_utils | _load_project_characters:140 | 文件是否存在：True
2025-11-03 00:00:06 | INFO     | src.gui.mixins.image_modules.char_utils | _load_project_characters:146 | 📖 已加载人物描述文件：projects\完整测试_20251026_184212_20251026_184212\characters\characters_info.json
2025-11-03 00:00:06 | INFO     | src.gui.mixins.image_modules.char_utils | _load_project_characters:147 | JSON内容类型：<class 'dict'>
2025-11-03 00:00:06 | INFO     | src.gui.mixins.image_modules.char_utils | _load_project_characters:148 | JSON内容长度：5
2025-11-03 00:00:06 | INFO     | src.gui.mixins.image_modules.char_utils | _load_project_characters:171 | 📋 使用扁平格式JSON
2025-11-03 00:00:06 | INFO     | src.gui.mixins.image_modules.char_utils | _load_project_characters:173 | 处理后的characters_info包含 5 个键
2025-11-03 00:00:06 | INFO     | src.gui.mixins.image_modules.char_utils | _load_project_characters:266 | ✅ 已加载 5 个人物（其中 0 个有照片），跳过 0 个无效项
2025-11-03 00:00:06 | INFO     | src.gui.mixins.image_modules.char_utils | _load_project_characters:270 | ✅ 已加载项目人物：['沈苒', '小远', '林舟', '陈明', '张大师']
2025-11-03 00:00:06 | INFO     | src.gui.mixins.image_modules.char_extract | _on_character_selected:256 | 选择人物：沈苒 (索引: 0)
2025-11-03 00:00:06 | INFO     | src.gui.mixins.image_modules.char_extract | _on_character_selected:257 | 人物描述长度：51 字符
2025-11-03 00:00:06 | INFO     | src.gui.mixins.image_modules.char_extract | _on_character_selected:270 | 已加载人物"沈苒"的描述
2025-11-03 00:00:06 | INFO     | src.gui.mixins.image_modules.char_utils | _load_project_characters:283 | 已更新人物列表框，当前显示 5 个人物
2025-11-03 00:00:06 | INFO     | src.gui.mixins.image_modules.char_utils | _load_project_characters:290 | === 人物数据加载完成 ===
2025-11-03 09:28:52 | INFO     | src.core.logging_config | init_logging:134 | 日志系统初始化完成
2025-11-03 09:28:52 | INFO     | src.core.logging_config | init_logging:135 | 日志级别: INFO
2025-11-03 09:28:52 | INFO     | src.core.logging_config | init_logging:136 | 文件日志: 启用
2025-11-03 09:28:53 | INFO     | src.core.logging_config | main:34 | ============================================================
2025-11-03 09:28:53 | INFO     | src.core.logging_config | main:35 | 启动 AI Story Creator Pro
2025-11-03 09:28:53 | INFO     | src.core.logging_config | main:36 | 窗口尺寸: 1500x850
2025-11-03 09:28:53 | INFO     | src.core.logging_config | main:37 | 设计风格: 精致 · 简约 · 专业
2025-11-03 09:28:53 | INFO     | src.core.logging_config | main:38 | ============================================================
2025-11-03 09:28:54 | INFO     | src.gui.modern_app | __init__:92 | ✅ 自动保存功能已启用（每5分钟）
2025-11-03 09:28:54 | INFO     | src.gui.mixins.story_modules.input_cache | _bind_input_cache_events:174 | 输入自动保存已启用
2025-11-03 09:28:55 | INFO     | src.gui.mixins.story_modules.input_cache | _load_input_cache:66 | 已恢复上次输入内容
2025-11-03 09:28:55 | INFO     | src.gui.modern_app | _init_startup_state:143 | 启动状态初始化完成（无项目, 有缓存）
2025-11-03 09:35:33 | INFO     | src.core.logging_config | init_logging:134 | 日志系统初始化完成
2025-11-03 09:35:33 | INFO     | src.core.logging_config | init_logging:135 | 日志级别: INFO
2025-11-03 09:35:33 | INFO     | src.core.logging_config | init_logging:136 | 文件日志: 启用
2025-11-03 09:35:33 | ERROR    | src.core.exception_handler | handle_exception:66 | 程序启动失败: SyntaxError: invalid syntax. Perhaps you forgot a comma? (ui_character.py, line 170)
Traceback (most recent call last):
  File "D:\code\play\Zhihu_short_stories\run_modern_app.py", line 32, in main
    from src.gui.modern_app import ModernApp
  File "D:\code\play\Zhihu_short_stories\src\gui\__init__.py", line 3, in <module>
    from .modern_app import ModernApp
  File "D:\code\play\Zhihu_short_stories\src\gui\modern_app.py", line 12, in <module>
    from .mixins.story_modules import StoryMixin
  File "D:\code\play\Zhihu_short_stories\src\gui\mixins\__init__.py", line 5, in <module>
    from .image_modules import ImageMixin
  File "D:\code\play\Zhihu_short_stories\src\gui\mixins\image_modules\__init__.py", line 5, in <module>
    from .ui_character import ImageUICharacterTabMixin
  File "D:\code\play\Zhihu_short_stories\src\gui\mixins\image_modules\ui_character.py", line 170
    		grp_params = ttk.LabelFrame(right, text="🎨 第一步：基础设置", padd ing=(12, 8))
    		                                                      ^^^^^^^^
SyntaxError: invalid syntax. Perhaps you forgot a comma?
2025-11-03 09:35:33 | ERROR    | __main__ | main:72 | 程序启动失败
发生错误: invalid syntax. Perhaps you forgot a comma? (ui_character.py, line 170)
Traceback (most recent call last):
  File "D:\code\play\Zhihu_short_stories\run_modern_app.py", line 32, in main
    from src.gui.modern_app import ModernApp
  File "D:\code\play\Zhihu_short_stories\src\gui\__init__.py", line 3, in <module>
    from .modern_app import ModernApp
  File "D:\code\play\Zhihu_short_stories\src\gui\modern_app.py", line 12, in <module>
    from .mixins.story_modules import StoryMixin
  File "D:\code\play\Zhihu_short_stories\src\gui\mixins\__init__.py", line 5, in <module>
    from .image_modules import ImageMixin
  File "D:\code\play\Zhihu_short_stories\src\gui\mixins\image_modules\__init__.py", line 5, in <module>
    from .ui_character import ImageUICharacterTabMixin
  File "D:\code\play\Zhihu_short_stories\src\gui\mixins\image_modules\ui_character.py", line 170
    		grp_params = ttk.LabelFrame(right, text="🎨 第一步：基础设置", padd ing=(12, 8))
    		                                                      ^^^^^^^^
SyntaxError: invalid syntax. Perhaps you forgot a comma?
2025-11-03 09:36:01 | INFO     | src.core.logging_config | init_logging:134 | 日志系统初始化完成
2025-11-03 09:36:01 | INFO     | src.core.logging_config | init_logging:135 | 日志级别: INFO
2025-11-03 09:36:01 | INFO     | src.core.logging_config | init_logging:136 | 文件日志: 启用
2025-11-03 09:36:02 | INFO     | src.core.logging_config | main:34 | ============================================================
2025-11-03 09:36:02 | INFO     | src.core.logging_config | main:35 | 启动 AI Story Creator Pro
2025-11-03 09:36:02 | INFO     | src.core.logging_config | main:36 | 窗口尺寸: 1500x850
2025-11-03 09:36:02 | INFO     | src.core.logging_config | main:37 | 设计风格: 精致 · 简约 · 专业
2025-11-03 09:36:02 | INFO     | src.core.logging_config | main:38 | ============================================================
2025-11-03 09:36:03 | INFO     | src.gui.modern_app | __init__:92 | ✅ 自动保存功能已启用（每5分钟）
2025-11-03 09:36:04 | INFO     | src.gui.mixins.story_modules.input_cache | _bind_input_cache_events:174 | 输入自动保存已启用
2025-11-03 09:36:04 | INFO     | src.gui.mixins.story_modules.input_cache | _load_input_cache:66 | 已恢复上次输入内容
2025-11-03 09:36:04 | INFO     | src.gui.modern_app | _init_startup_state:143 | 启动状态初始化完成（无项目, 有缓存）
2025-11-03 09:36:07 | INFO     | src.gui.mixins.director_modules.director_mixin | _refresh_shot_combo:96 | 刷新下拉框成功，共 2 个分镜
2025-11-03 09:36:07 | INFO     | src.gui.mixins.director_modules.handlers.project_handler | load_director_data_from_project:118 | 已加载 2 个分镜
2025-11-03 09:36:07 | INFO     | src.gui.mixins.project_mixin | _on_load_project:217 | 使用增强加载功能成功加载项目
2025-11-03 09:36:07 | INFO     | src.gui.mixins.project_mixin | _on_load_project:226 | 后备：单独加载人物数据
2025-11-03 09:36:07 | INFO     | src.gui.mixins.image_modules.char_utils | _load_project_characters:112 | === 开始加载项目人物数据 ===
2025-11-03 09:36:07 | INFO     | src.gui.mixins.image_modules.char_utils | _load_project_characters:117 | 已清空人物列表（之前有 0 个人物）
2025-11-03 09:36:07 | INFO     | src.gui.mixins.image_modules.char_utils | _load_project_characters:127 | 项目路径：projects\完整测试_20251026_184212_20251026_184212
2025-11-03 09:36:07 | INFO     | src.gui.mixins.image_modules.char_utils | _load_project_characters:128 | 人物文件夹路径：projects\完整测试_20251026_184212_20251026_184212\characters
2025-11-03 09:36:07 | INFO     | src.gui.mixins.image_modules.char_utils | _load_project_characters:139 | 检查人物信息文件：projects\完整测试_20251026_184212_20251026_184212\characters\characters_info.json
2025-11-03 09:36:07 | INFO     | src.gui.mixins.image_modules.char_utils | _load_project_characters:140 | 文件是否存在：True
2025-11-03 09:36:07 | INFO     | src.gui.mixins.image_modules.char_utils | _load_project_characters:146 | 📖 已加载人物描述文件：projects\完整测试_20251026_184212_20251026_184212\characters\characters_info.json
2025-11-03 09:36:07 | INFO     | src.gui.mixins.image_modules.char_utils | _load_project_characters:147 | JSON内容类型：<class 'dict'>
2025-11-03 09:36:07 | INFO     | src.gui.mixins.image_modules.char_utils | _load_project_characters:148 | JSON内容长度：5
2025-11-03 09:36:07 | INFO     | src.gui.mixins.image_modules.char_utils | _load_project_characters:171 | 📋 使用扁平格式JSON
2025-11-03 09:36:07 | INFO     | src.gui.mixins.image_modules.char_utils | _load_project_characters:173 | 处理后的characters_info包含 5 个键
2025-11-03 09:36:07 | INFO     | src.gui.mixins.image_modules.char_utils | _load_project_characters:266 | ✅ 已加载 5 个人物（其中 0 个有照片），跳过 0 个无效项
2025-11-03 09:36:07 | INFO     | src.gui.mixins.image_modules.char_utils | _load_project_characters:270 | ✅ 已加载项目人物：['沈苒', '小远', '林舟', '陈明', '张大师']
2025-11-03 09:36:07 | INFO     | src.gui.mixins.image_modules.char_extract | _on_character_selected:256 | 选择人物：沈苒 (索引: 0)
2025-11-03 09:36:07 | INFO     | src.gui.mixins.image_modules.char_extract | _on_character_selected:257 | 人物描述长度：51 字符
2025-11-03 09:36:07 | INFO     | src.gui.mixins.image_modules.char_extract | _on_character_selected:270 | 已加载人物"沈苒"的描述
2025-11-03 09:36:07 | INFO     | src.gui.mixins.image_modules.char_utils | _load_project_characters:283 | 已更新人物列表框，当前显示 5 个人物
2025-11-03 09:36:07 | INFO     | src.gui.mixins.image_modules.char_utils | _load_project_characters:290 | === 人物数据加载完成 ===
2025-11-03 13:30:39 | INFO     | src.core.logging_config | init_logging:134 | 日志系统初始化完成
2025-11-03 13:30:39 | INFO     | src.core.logging_config | init_logging:135 | 日志级别: INFO
2025-11-03 13:30:39 | INFO     | src.core.logging_config | init_logging:136 | 文件日志: 启用
2025-11-03 13:30:40 | INFO     | src.core.logging_config | main:34 | ============================================================
2025-11-03 13:30:40 | INFO     | src.core.logging_config | main:35 | 启动 AI Story Creator Pro
2025-11-03 13:30:40 | INFO     | src.core.logging_config | main:36 | 窗口尺寸: 1500x850
2025-11-03 13:30:40 | INFO     | src.core.logging_config | main:37 | 设计风格: 精致 · 简约 · 专业
2025-11-03 13:30:40 | INFO     | src.core.logging_config | main:38 | ============================================================
2025-11-03 13:30:42 | INFO     | src.gui.modern_app | __init__:92 | ✅ 自动保存功能已启用（每5分钟）
2025-11-03 13:30:42 | INFO     | src.gui.mixins.story_modules.input_cache | _bind_input_cache_events:174 | 输入自动保存已启用
2025-11-03 13:30:42 | INFO     | src.gui.mixins.story_modules.input_cache | _load_input_cache:66 | 已恢复上次输入内容
2025-11-03 13:30:42 | INFO     | src.gui.modern_app | _init_startup_state:143 | 启动状态初始化完成（无项目, 有缓存）
2025-11-03 13:32:23 | INFO     | src.gui.mixins.director_modules.director_mixin | _refresh_shot_combo:96 | 刷新下拉框成功，共 2 个分镜
2025-11-03 13:32:23 | INFO     | src.gui.mixins.director_modules.handlers.project_handler | load_director_data_from_project:118 | 已加载 2 个分镜
2025-11-03 13:32:23 | INFO     | src.gui.mixins.project_mixin | _on_load_project:217 | 使用增强加载功能成功加载项目
2025-11-03 13:32:23 | INFO     | src.gui.mixins.project_mixin | _on_load_project:226 | 后备：单独加载人物数据
2025-11-03 13:32:23 | INFO     | src.gui.mixins.image_modules.char_utils | _load_project_characters:112 | === 开始加载项目人物数据 ===
2025-11-03 13:32:23 | INFO     | src.gui.mixins.image_modules.char_utils | _load_project_characters:117 | 已清空人物列表（之前有 0 个人物）
2025-11-03 13:32:23 | INFO     | src.gui.mixins.image_modules.char_utils | _load_project_characters:127 | 项目路径：projects\完整测试_20251026_184212_20251026_184212
2025-11-03 13:32:23 | INFO     | src.gui.mixins.image_modules.char_utils | _load_project_characters:128 | 人物文件夹路径：projects\完整测试_20251026_184212_20251026_184212\characters
2025-11-03 13:32:23 | INFO     | src.gui.mixins.image_modules.char_utils | _load_project_characters:139 | 检查人物信息文件：projects\完整测试_20251026_184212_20251026_184212\characters\characters_info.json
2025-11-03 13:32:23 | INFO     | src.gui.mixins.image_modules.char_utils | _load_project_characters:140 | 文件是否存在：True
2025-11-03 13:32:23 | INFO     | src.gui.mixins.image_modules.char_utils | _load_project_characters:146 | 📖 已加载人物描述文件：projects\完整测试_20251026_184212_20251026_184212\characters\characters_info.json
2025-11-03 13:32:23 | INFO     | src.gui.mixins.image_modules.char_utils | _load_project_characters:147 | JSON内容类型：<class 'dict'>
2025-11-03 13:32:23 | INFO     | src.gui.mixins.image_modules.char_utils | _load_project_characters:148 | JSON内容长度：5
2025-11-03 13:32:23 | INFO     | src.gui.mixins.image_modules.char_utils | _load_project_characters:171 | 📋 使用扁平格式JSON
2025-11-03 13:32:23 | INFO     | src.gui.mixins.image_modules.char_utils | _load_project_characters:173 | 处理后的characters_info包含 5 个键
2025-11-03 13:32:23 | INFO     | src.gui.mixins.image_modules.char_utils | _load_project_characters:266 | ✅ 已加载 5 个人物（其中 0 个有照片），跳过 0 个无效项
2025-11-03 13:32:23 | INFO     | src.gui.mixins.image_modules.char_utils | _load_project_characters:270 | ✅ 已加载项目人物：['沈苒', '小远', '林舟', '陈明', '张大师']
2025-11-03 13:32:23 | INFO     | src.gui.mixins.image_modules.char_extract | _on_character_selected:256 | 选择人物：沈苒 (索引: 0)
2025-11-03 13:32:23 | INFO     | src.gui.mixins.image_modules.char_extract | _on_character_selected:257 | 人物描述长度：51 字符
2025-11-03 13:32:23 | INFO     | src.gui.mixins.image_modules.char_extract | _on_character_selected:270 | 已加载人物"沈苒"的描述
2025-11-03 13:32:23 | INFO     | src.gui.mixins.image_modules.char_utils | _load_project_characters:283 | 已更新人物列表框，当前显示 5 个人物
2025-11-03 13:32:23 | INFO     | src.gui.mixins.image_modules.char_utils | _load_project_characters:290 | === 人物数据加载完成 ===
2025-11-03 13:34:21 | INFO     | src.core.logging_config | init_logging:134 | 日志系统初始化完成
2025-11-03 13:34:21 | INFO     | src.core.logging_config | init_logging:135 | 日志级别: INFO
2025-11-03 13:34:21 | INFO     | src.core.logging_config | init_logging:136 | 文件日志: 启用
2025-11-03 13:34:22 | INFO     | src.core.logging_config | main:34 | ============================================================
2025-11-03 13:34:22 | INFO     | src.core.logging_config | main:35 | 启动 AI Story Creator Pro
2025-11-03 13:34:22 | INFO     | src.core.logging_config | main:36 | 窗口尺寸: 1500x850
2025-11-03 13:34:22 | INFO     | src.core.logging_config | main:37 | 设计风格: 精致 · 简约 · 专业
2025-11-03 13:34:22 | INFO     | src.core.logging_config | main:38 | ============================================================
2025-11-03 13:34:23 | INFO     | src.gui.modern_app | __init__:92 | ✅ 自动保存功能已启用（每5分钟）
2025-11-03 13:34:24 | INFO     | src.gui.mixins.story_modules.input_cache | _bind_input_cache_events:174 | 输入自动保存已启用
2025-11-03 13:34:24 | INFO     | src.gui.mixins.story_modules.input_cache | _load_input_cache:66 | 已恢复上次输入内容
2025-11-03 13:34:24 | INFO     | src.gui.modern_app | _init_startup_state:143 | 启动状态初始化完成（无项目, 有缓存）
2025-11-03 13:34:41 | INFO     | src.gui.mixins.director_modules.director_mixin | _refresh_shot_combo:96 | 刷新下拉框成功，共 2 个分镜
2025-11-03 13:34:41 | INFO     | src.gui.mixins.director_modules.handlers.project_handler | load_director_data_from_project:118 | 已加载 2 个分镜
2025-11-03 13:34:41 | INFO     | src.gui.mixins.project_mixin | _on_load_project:217 | 使用增强加载功能成功加载项目
2025-11-03 13:34:41 | INFO     | src.gui.mixins.project_mixin | _on_load_project:226 | 后备：单独加载人物数据
2025-11-03 13:34:41 | INFO     | src.gui.mixins.image_modules.char_utils | _load_project_characters:112 | === 开始加载项目人物数据 ===
2025-11-03 13:34:41 | INFO     | src.gui.mixins.image_modules.char_utils | _load_project_characters:117 | 已清空人物列表（之前有 0 个人物）
2025-11-03 13:34:41 | INFO     | src.gui.mixins.image_modules.char_utils | _load_project_characters:127 | 项目路径：projects\完整测试_20251026_184212_20251026_184212
2025-11-03 13:34:41 | INFO     | src.gui.mixins.image_modules.char_utils | _load_project_characters:128 | 人物文件夹路径：projects\完整测试_20251026_184212_20251026_184212\characters
2025-11-03 13:34:41 | INFO     | src.gui.mixins.image_modules.char_utils | _load_project_characters:139 | 检查人物信息文件：projects\完整测试_20251026_184212_20251026_184212\characters\characters_info.json
2025-11-03 13:34:41 | INFO     | src.gui.mixins.image_modules.char_utils | _load_project_characters:140 | 文件是否存在：True
2025-11-03 13:34:41 | INFO     | src.gui.mixins.image_modules.char_utils | _load_project_characters:146 | 📖 已加载人物描述文件：projects\完整测试_20251026_184212_20251026_184212\characters\characters_info.json
2025-11-03 13:34:41 | INFO     | src.gui.mixins.image_modules.char_utils | _load_project_characters:147 | JSON内容类型：<class 'dict'>
2025-11-03 13:34:41 | INFO     | src.gui.mixins.image_modules.char_utils | _load_project_characters:148 | JSON内容长度：5
2025-11-03 13:34:41 | INFO     | src.gui.mixins.image_modules.char_utils | _load_project_characters:171 | 📋 使用扁平格式JSON
2025-11-03 13:34:41 | INFO     | src.gui.mixins.image_modules.char_utils | _load_project_characters:173 | 处理后的characters_info包含 5 个键
2025-11-03 13:34:41 | INFO     | src.gui.mixins.image_modules.char_utils | _load_project_characters:266 | ✅ 已加载 5 个人物（其中 0 个有照片），跳过 0 个无效项
2025-11-03 13:34:41 | INFO     | src.gui.mixins.image_modules.char_utils | _load_project_characters:270 | ✅ 已加载项目人物：['沈苒', '小远', '林舟', '陈明', '张大师']
2025-11-03 13:34:41 | INFO     | src.gui.mixins.image_modules.char_extract | _on_character_selected:256 | 选择人物：沈苒 (索引: 0)
2025-11-03 13:34:41 | INFO     | src.gui.mixins.image_modules.char_extract | _on_character_selected:257 | 人物描述长度：51 字符
2025-11-03 13:34:41 | INFO     | src.gui.mixins.image_modules.char_extract | _on_character_selected:270 | 已加载人物"沈苒"的描述
2025-11-03 13:34:41 | INFO     | src.gui.mixins.image_modules.char_utils | _load_project_characters:283 | 已更新人物列表框，当前显示 5 个人物
2025-11-03 13:34:41 | INFO     | src.gui.mixins.image_modules.char_utils | _load_project_characters:290 | === 人物数据加载完成 ===
2025-11-03 13:34:48 | INFO     | httpx | _send_single_request:1025 | HTTP Request: POST https://api.deepseek.com/v1/chat/completions "HTTP/1.1 200 OK"
2025-11-03 13:36:34 | INFO     | src.gui.mixins.image_modules.handlers.character_photo_handler | handle_generate_photo:61 | 准备生成人物照片：沈苒
2025-11-03 13:36:34 | INFO     | src.gui.mixins.image_modules.handlers.character_photo_handler | handle_generate_photo:62 | 人物描述长度：50 字符
2025-11-03 13:36:34 | INFO     | src.gui.mixins.image_modules.handlers.character_photo_handler | handle_generate_photo:64 | 人物描述预览：性别：女
年龄：30-35岁
发型：披肩长发
体型：中等
服装：居家便服
特征：面容憔悴，黑眼圈深重...
2025-11-03 13:36:34 | INFO     | src.gui.mixins.image_modules.handlers.character_photo_handler | generate_photo_thread:111 | [1/1] 正在生成：正面视图 + 中性表情
2025-11-03 13:36:34 | INFO     | src.gui.mixins.image_modules.handlers.character_photo_handler | generate_photo_thread:123 | [1/1] 人物：沈苒，描述长度：50
2025-11-03 13:36:34 | INFO     | src.gui.mixins.image_modules.handlers.character_photo_generator | generate_photo:68 | === 开始生成人物照片 ===
2025-11-03 13:36:34 | INFO     | src.gui.mixins.image_modules.handlers.character_photo_generator | generate_photo:69 | 人物名称：沈苒
2025-11-03 13:36:34 | INFO     | src.gui.mixins.image_modules.handlers.character_photo_generator | generate_photo:70 | 描述长度：50 字符
2025-11-03 13:36:34 | INFO     | src.gui.mixins.image_modules.handlers.character_photo_generator | generate_photo:72 | 描述预览：性别：女
年龄：30-35岁
发型：披肩长发
体型：中等
服装：居家便服
特征：面容憔悴，黑眼圈深重...
2025-11-03 13:36:34 | INFO     | src.gui.mixins.image_modules.handlers.character_photo_generator | generate_photo:80 | 图片API类型: sd
2025-11-03 13:36:34 | INFO     | src.gui.mixins.image_modules.handlers.character_photo_generator | _generate_with_sd:220 | 模式：txt2img（使用完整人物描述生成）
2025-11-03 13:36:34 | INFO     | src.gui.mixins.image_modules.handlers.character_photo_generator | _generate_with_sd:266 | === SD 标签式提示词（Tag-based Prompt）===
2025-11-03 13:36:34 | INFO     | src.gui.mixins.image_modules.handlers.character_photo_generator | _generate_with_sd:267 | 正向提示词 (前200字符): (solo:1.5), (1person:1.5), solo, 1person, haggard, dark circles under eyes, best quality, high resolution, 1woman, middle-aged woman, mature female, woman, female, not male, Chinese, East Asian, asian...
2025-11-03 13:36:34 | INFO     | src.gui.mixins.image_modules.handlers.character_photo_generator | _generate_with_sd:268 | 正向提示词长度: 566 字符
2025-11-03 13:36:34 | INFO     | src.gui.mixins.image_modules.handlers.character_photo_generator | _generate_with_sd:269 | 负向提示词 (前100字符): low quality, worst quality, blurry, bad anatomy, bad hands, (multiple people:1.5), 2people, 3people,...
2025-11-03 13:36:34 | INFO     | src.gui.mixins.image_modules.handlers.character_photo_generator | _generate_with_sd:270 | 负向提示词长度: 251 字符
2025-11-03 13:36:34 | INFO     | src.gui.mixins.image_modules.handlers.character_photo_generator | _generate_with_sd:320 | 使用 txt2img 模式（生成基准图）
2025-11-03 13:36:34 | INFO     | src.gui.mixins.image_modules.handlers.character_photo_generator | _generate_with_sd:323 | 固定 seed: 32858030
2025-11-03 13:36:49 | INFO     | src.gui.mixins.image_modules.handlers.character_photo_saver | auto_save_photo_with_name:113 | 准备保存到：projects\完整测试_20251026_184212_20251026_184212\characters\沈苒.png
2025-11-03 13:36:49 | INFO     | src.gui.mixins.image_modules.handlers.character_photo_saver | auto_save_photo_with_name:126 | 照片已保存: projects\完整测试_20251026_184212_20251026_184212\characters\沈苒.png (相对路径: characters\沈苒.png)
2025-11-03 13:36:49 | INFO     | src.gui.mixins.image_modules.handlers.character_photo_handler | generate_photo_thread:183 | ✅ [1/1] 正面+中性照片生成成功
2025-11-03 13:36:51 | INFO     | src.gui.mixins.image_modules.char_photo | _on_view_character_gallery:90 | 查找人物"沈苒"的照片：
2025-11-03 13:36:51 | INFO     | src.gui.mixins.image_modules.char_photo | _on_view_character_gallery:91 |   清理后的人物名：沈苒
2025-11-03 13:36:51 | INFO     | src.gui.mixins.image_modules.char_photo | _on_view_character_gallery:92 |   找到 1 张照片
2025-11-03 13:36:51 | INFO     | src.gui.mixins.image_modules.char_photo | _on_view_character_gallery:94 |   照片列表：['沈苒.png']
2025-11-03 13:39:25 | INFO     | src.core.logging_config | init_logging:134 | 日志系统初始化完成
2025-11-03 13:39:25 | INFO     | src.core.logging_config | init_logging:135 | 日志级别: INFO
2025-11-03 13:39:25 | INFO     | src.core.logging_config | init_logging:136 | 文件日志: 启用
2025-11-03 13:39:25 | INFO     | src.core.logging_config | main:34 | ============================================================
2025-11-03 13:39:25 | INFO     | src.core.logging_config | main:35 | 启动 AI Story Creator Pro
2025-11-03 13:39:25 | INFO     | src.core.logging_config | main:36 | 窗口尺寸: 1500x850
2025-11-03 13:39:25 | INFO     | src.core.logging_config | main:37 | 设计风格: 精致 · 简约 · 专业
2025-11-03 13:39:25 | INFO     | src.core.logging_config | main:38 | ============================================================
2025-11-03 13:39:27 | INFO     | src.gui.modern_app | __init__:92 | ✅ 自动保存功能已启用（每5分钟）
2025-11-03 13:39:27 | INFO     | src.gui.mixins.story_modules.input_cache | _bind_input_cache_events:174 | 输入自动保存已启用
2025-11-03 13:39:27 | INFO     | src.gui.mixins.story_modules.input_cache | _load_input_cache:66 | 已恢复上次输入内容
2025-11-03 13:39:27 | INFO     | src.gui.modern_app | _init_startup_state:143 | 启动状态初始化完成（无项目, 有缓存）
2025-11-03 13:39:31 | INFO     | src.gui.mixins.director_modules.director_mixin | _refresh_shot_combo:96 | 刷新下拉框成功，共 2 个分镜
2025-11-03 13:39:31 | INFO     | src.gui.mixins.director_modules.handlers.project_handler | load_director_data_from_project:118 | 已加载 2 个分镜
2025-11-03 13:39:31 | INFO     | src.gui.mixins.project_mixin | _on_load_project:217 | 使用增强加载功能成功加载项目
2025-11-03 13:39:31 | INFO     | src.gui.mixins.project_mixin | _on_load_project:226 | 后备：单独加载人物数据
2025-11-03 13:39:31 | INFO     | src.gui.mixins.image_modules.char_utils | _load_project_characters:112 | === 开始加载项目人物数据 ===
2025-11-03 13:39:31 | INFO     | src.gui.mixins.image_modules.char_utils | _load_project_characters:117 | 已清空人物列表（之前有 0 个人物）
2025-11-03 13:39:31 | INFO     | src.gui.mixins.image_modules.char_utils | _load_project_characters:127 | 项目路径：projects\完整测试_20251026_184212_20251026_184212
2025-11-03 13:39:31 | INFO     | src.gui.mixins.image_modules.char_utils | _load_project_characters:128 | 人物文件夹路径：projects\完整测试_20251026_184212_20251026_184212\characters
2025-11-03 13:39:31 | INFO     | src.gui.mixins.image_modules.char_utils | _load_project_characters:139 | 检查人物信息文件：projects\完整测试_20251026_184212_20251026_184212\characters\characters_info.json
2025-11-03 13:39:31 | INFO     | src.gui.mixins.image_modules.char_utils | _load_project_characters:140 | 文件是否存在：True
2025-11-03 13:39:31 | INFO     | src.gui.mixins.image_modules.char_utils | _load_project_characters:146 | 📖 已加载人物描述文件：projects\完整测试_20251026_184212_20251026_184212\characters\characters_info.json
2025-11-03 13:39:31 | INFO     | src.gui.mixins.image_modules.char_utils | _load_project_characters:147 | JSON内容类型：<class 'dict'>
2025-11-03 13:39:31 | INFO     | src.gui.mixins.image_modules.char_utils | _load_project_characters:148 | JSON内容长度：5
2025-11-03 13:39:31 | INFO     | src.gui.mixins.image_modules.char_utils | _load_project_characters:171 | 📋 使用扁平格式JSON
2025-11-03 13:39:31 | INFO     | src.gui.mixins.image_modules.char_utils | _load_project_characters:173 | 处理后的characters_info包含 5 个键
2025-11-03 13:39:31 | INFO     | src.gui.mixins.image_modules.char_utils | _load_project_characters:266 | ✅ 已加载 5 个人物（其中 0 个有照片），跳过 0 个无效项
2025-11-03 13:39:31 | INFO     | src.gui.mixins.image_modules.char_utils | _load_project_characters:270 | ✅ 已加载项目人物：['沈苒', '小远', '林舟', '陈明', '张大师']
2025-11-03 13:39:31 | INFO     | src.gui.mixins.image_modules.char_extract | _on_character_selected:256 | 选择人物：沈苒 (索引: 0)
2025-11-03 13:39:31 | INFO     | src.gui.mixins.image_modules.char_extract | _on_character_selected:257 | 人物描述长度：50 字符
2025-11-03 13:39:31 | INFO     | src.gui.mixins.image_modules.char_extract | _on_character_selected:270 | 已加载人物"沈苒"的描述
2025-11-03 13:39:31 | INFO     | src.gui.mixins.image_modules.char_utils | _load_project_characters:283 | 已更新人物列表框，当前显示 5 个人物
2025-11-03 13:39:31 | INFO     | src.gui.mixins.image_modules.char_utils | _load_project_characters:290 | === 人物数据加载完成 ===
2025-11-03 13:39:37 | INFO     | httpx | _send_single_request:1025 | HTTP Request: POST https://api.deepseek.com/v1/chat/completions "HTTP/1.1 200 OK"
2025-11-03 13:40:06 | INFO     | src.gui.mixins.image_modules.handlers.character_photo_handler | handle_generate_photo:61 | 准备生成人物照片：沈苒
2025-11-03 13:40:06 | INFO     | src.gui.mixins.image_modules.handlers.character_photo_handler | handle_generate_photo:62 | 人物描述长度：187 字符
2025-11-03 13:40:06 | INFO     | src.gui.mixins.image_modules.handlers.character_photo_handler | handle_generate_photo:64 | 人物描述预览：性别：女
年龄：30-35岁
脸型：瓜子脸，颧骨稍高
肤色：偏白，但因疲惫略显暗淡
眼睛：双眼皮，大眼睛，眼袋明显，眼神疲惫且经常发颤
发型：披肩长发，黑色，自然垂落，十年前常扎马尾
体型：中等身高，...
2025-11-03 13:40:06 | INFO     | src.gui.mixins.image_modules.handlers.character_photo_handler | generate_photo_thread:111 | [1/1] 正在生成：正面视图 + 中性表情
2025-11-03 13:40:06 | INFO     | src.gui.mixins.image_modules.handlers.character_photo_handler | generate_photo_thread:123 | [1/1] 人物：沈苒，描述长度：187
2025-11-03 13:40:06 | INFO     | src.gui.mixins.image_modules.handlers.character_photo_generator | generate_photo:68 | === 开始生成人物照片 ===
2025-11-03 13:40:06 | INFO     | src.gui.mixins.image_modules.handlers.character_photo_generator | generate_photo:69 | 人物名称：沈苒
2025-11-03 13:40:06 | INFO     | src.gui.mixins.image_modules.handlers.character_photo_generator | generate_photo:70 | 描述长度：187 字符
2025-11-03 13:40:06 | INFO     | src.gui.mixins.image_modules.handlers.character_photo_generator | generate_photo:72 | 描述预览：性别：女
年龄：30-35岁
脸型：瓜子脸，颧骨稍高
肤色：偏白，但因疲惫略显暗淡
眼睛：双眼皮，大眼睛，眼袋明显，眼神疲惫且经常发颤
发型：披肩长发，黑色，自然垂落，十年前常扎马尾
体型：中等身高，偏瘦弱，约160-165cm
服装：居家便服，宽松舒适的棉质长袖，颜色素雅，外出时穿普通外套
特征：...
2025-11-03 13:40:06 | INFO     | src.gui.mixins.image_modules.handlers.character_photo_generator | generate_photo:80 | 图片API类型: sd
2025-11-03 13:40:06 | INFO     | src.gui.mixins.image_modules.handlers.character_photo_generator | _generate_with_sd:220 | 模式：txt2img（使用完整人物描述生成）
2025-11-03 13:40:06 | INFO     | src.gui.mixins.image_modules.handlers.character_photo_generator | _generate_with_sd:266 | === SD 标签式提示词（Tag-based Prompt）===
2025-11-03 13:40:06 | INFO     | src.gui.mixins.image_modules.handlers.character_photo_generator | _generate_with_sd:267 | 正向提示词 (前200字符): (solo:1.5), (1person:1.5), solo, 1person, haggard, tired, tense, dark circles under eyes, eye bags, best quality, high resolution, 1woman, middle-aged woman, mature female, woman, female, not male, Ch...
2025-11-03 13:40:06 | INFO     | src.gui.mixins.image_modules.handlers.character_photo_generator | _generate_with_sd:268 | 正向提示词长度: 711 字符
2025-11-03 13:40:06 | INFO     | src.gui.mixins.image_modules.handlers.character_photo_generator | _generate_with_sd:269 | 负向提示词 (前100字符): low quality, worst quality, blurry, bad anatomy, bad hands, (multiple people:1.5), 2people, 3people,...
2025-11-03 13:40:06 | INFO     | src.gui.mixins.image_modules.handlers.character_photo_generator | _generate_with_sd:270 | 负向提示词长度: 251 字符
2025-11-03 13:40:06 | INFO     | src.gui.mixins.image_modules.handlers.character_photo_generator | _generate_with_sd:320 | 使用 txt2img 模式（生成基准图）
2025-11-03 13:40:06 | INFO     | src.gui.mixins.image_modules.handlers.character_photo_generator | _generate_with_sd:323 | 固定 seed: 32858030
2025-11-03 13:40:20 | INFO     | src.gui.mixins.image_modules.handlers.character_photo_saver | auto_save_photo_with_name:113 | 准备保存到：projects\完整测试_20251026_184212_20251026_184212\characters\沈苒.png
2025-11-03 13:40:20 | INFO     | src.gui.mixins.image_modules.handlers.character_photo_saver | auto_save_photo_with_name:126 | 照片已保存: projects\完整测试_20251026_184212_20251026_184212\characters\沈苒.png (相对路径: characters\沈苒.png)
2025-11-03 13:40:20 | INFO     | src.gui.mixins.image_modules.handlers.character_photo_handler | generate_photo_thread:183 | ✅ [1/1] 正面+中性照片生成成功
2025-11-03 13:41:00 | INFO     | src.gui.mixins.image_modules.char_photo | _on_view_character_gallery:90 | 查找人物"沈苒"的照片：
2025-11-03 13:41:00 | INFO     | src.gui.mixins.image_modules.char_photo | _on_view_character_gallery:91 |   清理后的人物名：沈苒
2025-11-03 13:41:00 | INFO     | src.gui.mixins.image_modules.char_photo | _on_view_character_gallery:92 |   找到 1 张照片
2025-11-03 13:41:00 | INFO     | src.gui.mixins.image_modules.char_photo | _on_view_character_gallery:94 |   照片列表：['沈苒.png']
2025-11-03 13:41:13 | INFO     | src.gui.mixins.image_modules.char_extract | _on_character_selected:256 | 选择人物：小远 (索引: 1)
2025-11-03 13:41:13 | INFO     | src.gui.mixins.image_modules.char_extract | _on_character_selected:257 | 人物描述长度：50 字符
2025-11-03 13:41:13 | INFO     | src.gui.mixins.image_modules.char_extract | _on_character_selected:270 | 已加载人物"小远"的描述
2025-11-03 13:41:17 | INFO     | httpx | _send_single_request:1025 | HTTP Request: POST https://api.deepseek.com/v1/chat/completions "HTTP/1.1 200 OK"
2025-11-03 13:41:36 | INFO     | src.gui.mixins.image_modules.handlers.character_photo_handler | handle_generate_photo:61 | 准备生成人物照片：小远
2025-11-03 13:41:36 | INFO     | src.gui.mixins.image_modules.handlers.character_photo_handler | handle_generate_photo:62 | 人物描述长度：190 字符
2025-11-03 13:41:36 | INFO     | src.gui.mixins.image_modules.handlers.character_photo_handler | handle_generate_photo:64 | 人物描述预览：性别：男
年龄：10岁
脸型：圆脸或娃娃脸，带有儿童的稚嫩感
肤色：健康红润的儿童肤色
眼睛：大眼睛，眼神清澈明亮，充满孩童的天真
发型：短发，整洁利落，符合小学生形象
体型：偏瘦小，身高约140cm...
2025-11-03 13:41:36 | INFO     | src.gui.mixins.image_modules.handlers.character_photo_handler | generate_photo_thread:111 | [1/1] 正在生成：正面视图 + 中性表情
2025-11-03 13:41:36 | INFO     | src.gui.mixins.image_modules.handlers.character_photo_handler | generate_photo_thread:123 | [1/1] 人物：小远，描述长度：190
2025-11-03 13:41:36 | INFO     | src.gui.mixins.image_modules.handlers.character_photo_generator | generate_photo:68 | === 开始生成人物照片 ===
2025-11-03 13:41:36 | INFO     | src.gui.mixins.image_modules.handlers.character_photo_generator | generate_photo:69 | 人物名称：小远
2025-11-03 13:41:36 | INFO     | src.gui.mixins.image_modules.handlers.character_photo_generator | generate_photo:70 | 描述长度：190 字符
2025-11-03 13:41:36 | INFO     | src.gui.mixins.image_modules.handlers.character_photo_generator | generate_photo:72 | 描述预览：性别：男
年龄：10岁
脸型：圆脸或娃娃脸，带有儿童的稚嫩感
肤色：健康红润的儿童肤色
眼睛：大眼睛，眼神清澈明亮，充满孩童的天真
发型：短发，整洁利落，符合小学生形象
体型：偏瘦小，身高约140cm左右，属于正常10岁男孩体型
服装：校服或休闲运动装，可能穿着T恤和短裤，舒适便于活动
特征：表情活...
2025-11-03 13:41:36 | INFO     | src.gui.mixins.image_modules.handlers.character_photo_generator | generate_photo:80 | 图片API类型: sd
2025-11-03 13:41:36 | INFO     | src.gui.mixins.image_modules.handlers.character_photo_generator | _generate_with_sd:220 | 模式：txt2img（使用完整人物描述生成）
2025-11-03 13:41:36 | INFO     | src.gui.mixins.image_modules.handlers.character_photo_generator | _generate_with_sd:266 | === SD 标签式提示词（Tag-based Prompt）===
2025-11-03 13:41:36 | INFO     | src.gui.mixins.image_modules.handlers.character_photo_generator | _generate_with_sd:267 | 正向提示词 (前200字符): (solo:1.5), (1person:1.5), solo, 1person, best quality, high resolution, 1boy, boy, male child, child, young boy, 10 years old, 10 year old boy, male, not female, Chinese, East Asian, asian, short hai...
2025-11-03 13:41:36 | INFO     | src.gui.mixins.image_modules.handlers.character_photo_generator | _generate_with_sd:268 | 正向提示词长度: 598 字符
2025-11-03 13:41:36 | INFO     | src.gui.mixins.image_modules.handlers.character_photo_generator | _generate_with_sd:269 | 负向提示词 (前100字符): low quality, worst quality, blurry, bad anatomy, bad hands, (multiple people:1.5), 2people, 3people,...
2025-11-03 13:41:36 | INFO     | src.gui.mixins.image_modules.handlers.character_photo_generator | _generate_with_sd:270 | 负向提示词长度: 261 字符
2025-11-03 13:41:36 | INFO     | src.gui.mixins.image_modules.handlers.character_photo_generator | _generate_with_sd:320 | 使用 txt2img 模式（生成基准图）
2025-11-03 13:41:36 | INFO     | src.gui.mixins.image_modules.handlers.character_photo_generator | _generate_with_sd:323 | 固定 seed: 316211617
2025-11-03 13:41:52 | INFO     | src.gui.mixins.image_modules.handlers.character_photo_saver | auto_save_photo_with_name:113 | 准备保存到：projects\完整测试_20251026_184212_20251026_184212\characters\小远.png
2025-11-03 13:41:52 | INFO     | src.gui.mixins.image_modules.handlers.character_photo_saver | auto_save_photo_with_name:126 | 照片已保存: projects\完整测试_20251026_184212_20251026_184212\characters\小远.png (相对路径: characters\小远.png)
2025-11-03 13:41:52 | INFO     | src.gui.mixins.image_modules.handlers.character_photo_handler | generate_photo_thread:183 | ✅ [1/1] 正面+中性照片生成成功
2025-11-03 13:41:55 | INFO     | src.gui.mixins.image_modules.char_photo | _on_view_character_gallery:90 | 查找人物"小远"的照片：
2025-11-03 13:41:55 | INFO     | src.gui.mixins.image_modules.char_photo | _on_view_character_gallery:91 |   清理后的人物名：小远
2025-11-03 13:41:55 | INFO     | src.gui.mixins.image_modules.char_photo | _on_view_character_gallery:92 |   找到 1 张照片
2025-11-03 13:41:55 | INFO     | src.gui.mixins.image_modules.char_photo | _on_view_character_gallery:94 |   照片列表：['小远.png']
2025-11-03 13:42:09 | INFO     | src.gui.mixins.image_modules.char_extract | _on_character_selected:256 | 选择人物：林舟 (索引: 2)
2025-11-03 13:42:09 | INFO     | src.gui.mixins.image_modules.char_extract | _on_character_selected:257 | 人物描述长度：62 字符
2025-11-03 13:42:09 | INFO     | src.gui.mixins.image_modules.char_extract | _on_character_selected:270 | 已加载人物"林舟"的描述
2025-11-03 13:42:12 | INFO     | httpx | _send_single_request:1025 | HTTP Request: POST https://api.deepseek.com/v1/chat/completions "HTTP/1.1 200 OK"
2025-11-03 13:42:27 | INFO     | src.gui.mixins.image_modules.handlers.character_photo_handler | handle_generate_photo:61 | 准备生成人物照片：林舟
2025-11-03 13:42:27 | INFO     | src.gui.mixins.image_modules.handlers.character_photo_handler | handle_generate_photo:62 | 人物描述长度：275 字符
2025-11-03 13:42:27 | INFO     | src.gui.mixins.image_modules.handlers.character_photo_handler | handle_generate_photo:64 | 人物描述预览：性别：男
年龄：20-25岁（根据十年前为沈苒写歌及工作身份推测）
脸型：清秀的瓜子脸（根据照片描述"笑得阳光灿烂"推测）
肤色：白皙（根据"白衬衫一尘不染"及学生气质推测）
眼睛：双眼皮，眼睛明亮有...
2025-11-03 13:42:27 | INFO     | src.gui.mixins.image_modules.handlers.character_photo_handler | generate_photo_thread:111 | [1/1] 正在生成：正面视图 + 中性表情
2025-11-03 13:42:27 | INFO     | src.gui.mixins.image_modules.handlers.character_photo_handler | generate_photo_thread:123 | [1/1] 人物：林舟，描述长度：275
2025-11-03 13:42:27 | INFO     | src.gui.mixins.image_modules.handlers.character_photo_generator | generate_photo:68 | === 开始生成人物照片 ===
2025-11-03 13:42:27 | INFO     | src.gui.mixins.image_modules.handlers.character_photo_generator | generate_photo:69 | 人物名称：林舟
2025-11-03 13:42:27 | INFO     | src.gui.mixins.image_modules.handlers.character_photo_generator | generate_photo:70 | 描述长度：275 字符
2025-11-03 13:42:27 | INFO     | src.gui.mixins.image_modules.handlers.character_photo_generator | generate_photo:72 | 描述预览：性别：男
年龄：20-25岁（根据十年前为沈苒写歌及工作身份推测）
脸型：清秀的瓜子脸（根据照片描述"笑得阳光灿烂"推测）
肤色：白皙（根据"白衬衫一尘不染"及学生气质推测）
眼睛：双眼皮，眼睛明亮有神，眼神温柔（根据"眼神温柔得能滴出水来"、"朝她微笑"等描述）
发型：黑色短发，清爽利落（根据学生...
2025-11-03 13:42:27 | INFO     | src.gui.mixins.image_modules.handlers.character_photo_generator | generate_photo:80 | 图片API类型: sd
2025-11-03 13:42:27 | INFO     | src.gui.mixins.image_modules.handlers.character_photo_generator | _generate_with_sd:220 | 模式：txt2img（使用完整人物描述生成）
2025-11-03 13:42:27 | INFO     | src.gui.mixins.image_modules.handlers.character_photo_generator | _generate_with_sd:266 | === SD 标签式提示词（Tag-based Prompt）===
2025-11-03 13:42:27 | INFO     | src.gui.mixins.image_modules.handlers.character_photo_generator | _generate_with_sd:267 | 正向提示词 (前200字符): (solo:1.5), (1person:1.5), solo, 1person, best quality, high resolution, 1man, 25 years old, young man, adult male, man, male, not female, Chinese, East Asian, asian, short hair, shirt, white shirt, j...
2025-11-03 13:42:27 | INFO     | src.gui.mixins.image_modules.handlers.character_photo_generator | _generate_with_sd:268 | 正向提示词长度: 627 字符
2025-11-03 13:42:27 | INFO     | src.gui.mixins.image_modules.handlers.character_photo_generator | _generate_with_sd:269 | 负向提示词 (前100字符): low quality, worst quality, blurry, bad anatomy, bad hands, (multiple people:1.5), 2people, 3people,...
2025-11-03 13:42:27 | INFO     | src.gui.mixins.image_modules.handlers.character_photo_generator | _generate_with_sd:270 | 负向提示词长度: 214 字符
2025-11-03 13:42:27 | INFO     | src.gui.mixins.image_modules.handlers.character_photo_generator | _generate_with_sd:320 | 使用 txt2img 模式（生成基准图）
2025-11-03 13:42:27 | INFO     | src.gui.mixins.image_modules.handlers.character_photo_generator | _generate_with_sd:323 | 固定 seed: 673830575
2025-11-03 13:42:41 | INFO     | src.gui.mixins.image_modules.handlers.character_photo_saver | auto_save_photo_with_name:113 | 准备保存到：projects\完整测试_20251026_184212_20251026_184212\characters\林舟.png
2025-11-03 13:42:42 | INFO     | src.gui.mixins.image_modules.handlers.character_photo_saver | auto_save_photo_with_name:126 | 照片已保存: projects\完整测试_20251026_184212_20251026_184212\characters\林舟.png (相对路径: characters\林舟.png)
2025-11-03 13:42:42 | INFO     | src.gui.mixins.image_modules.handlers.character_photo_handler | generate_photo_thread:183 | ✅ [1/1] 正面+中性照片生成成功
2025-11-03 13:42:46 | INFO     | src.gui.mixins.image_modules.char_photo | _on_view_character_gallery:90 | 查找人物"林舟"的照片：
2025-11-03 13:42:46 | INFO     | src.gui.mixins.image_modules.char_photo | _on_view_character_gallery:91 |   清理后的人物名：林舟
2025-11-03 13:42:46 | INFO     | src.gui.mixins.image_modules.char_photo | _on_view_character_gallery:92 |   找到 1 张照片
2025-11-03 13:42:46 | INFO     | src.gui.mixins.image_modules.char_photo | _on_view_character_gallery:94 |   照片列表：['林舟.png']
2025-11-03 13:42:55 | INFO     | src.gui.mixins.image_modules.char_extract | _on_character_selected:256 | 选择人物：陈明 (索引: 3)
2025-11-03 13:42:55 | INFO     | src.gui.mixins.image_modules.char_extract | _on_character_selected:257 | 人物描述长度：0 字符
2025-11-03 13:42:55 | WARNING  | src.gui.mixins.image_modules.char_extract | _on_character_selected:277 | 人物"陈明"的描述为空，需要生成
2025-11-03 13:42:58 | INFO     | httpx | _send_single_request:1025 | HTTP Request: POST https://api.deepseek.com/v1/chat/completions "HTTP/1.1 200 OK"
2025-11-03 13:43:07 | INFO     | src.gui.mixins.image_modules.handlers.character_photo_handler | handle_generate_photo:61 | 准备生成人物照片：陈明
2025-11-03 13:43:07 | INFO     | src.gui.mixins.image_modules.handlers.character_photo_handler | handle_generate_photo:62 | 人物描述长度：215 字符
2025-11-03 13:43:07 | INFO     | src.gui.mixins.image_modules.handlers.character_photo_handler | handle_generate_photo:64 | 人物描述预览：性别：男
年龄：35-40岁
脸型：成熟男性脸型，颧骨分明
肤色：自然肤色，因情绪波动时而显得苍白
眼睛：中等大小，眼神锐利，情绪激动时瞳孔放大，带有压抑和愤怒的神情
发型：短发，整洁利落，商务人士常...
2025-11-03 13:43:07 | INFO     | src.gui.mixins.image_modules.handlers.character_photo_handler | generate_photo_thread:111 | [1/1] 正在生成：正面视图 + 中性表情
2025-11-03 13:43:07 | INFO     | src.gui.mixins.image_modules.handlers.character_photo_handler | generate_photo_thread:123 | [1/1] 人物：陈明，描述长度：215
2025-11-03 13:43:07 | INFO     | src.gui.mixins.image_modules.handlers.character_photo_generator | generate_photo:68 | === 开始生成人物照片 ===
2025-11-03 13:43:07 | INFO     | src.gui.mixins.image_modules.handlers.character_photo_generator | generate_photo:69 | 人物名称：陈明
2025-11-03 13:43:07 | INFO     | src.gui.mixins.image_modules.handlers.character_photo_generator | generate_photo:70 | 描述长度：215 字符
2025-11-03 13:43:07 | INFO     | src.gui.mixins.image_modules.handlers.character_photo_generator | generate_photo:72 | 描述预览：性别：男
年龄：35-40岁
脸型：成熟男性脸型，颧骨分明
肤色：自然肤色，因情绪波动时而显得苍白
眼睛：中等大小，眼神锐利，情绪激动时瞳孔放大，带有压抑和愤怒的神情
发型：短发，整洁利落，商务人士常见发型
体型：中等身材，匀称健壮，约175-180cm
服装：日常商务休闲装，可能包括衬衫和长裤，居...
2025-11-03 13:43:07 | INFO     | src.gui.mixins.image_modules.handlers.character_photo_generator | generate_photo:80 | 图片API类型: sd
2025-11-03 13:43:07 | INFO     | src.gui.mixins.image_modules.handlers.character_photo_generator | _generate_with_sd:220 | 模式：txt2img（使用完整人物描述生成）
2025-11-03 13:43:07 | INFO     | src.gui.mixins.image_modules.handlers.character_photo_generator | _generate_with_sd:266 | === SD 标签式提示词（Tag-based Prompt）===
2025-11-03 13:43:07 | INFO     | src.gui.mixins.image_modules.handlers.character_photo_generator | _generate_with_sd:267 | 正向提示词 (前200字符): (solo:1.5), (1person:1.5), solo, 1person, pale skin, tense, best quality, high resolution, 1man, middle-aged man, mature male, man, male, not female, Chinese, East Asian, asian, short hair, shirt, lon...
2025-11-03 13:43:07 | INFO     | src.gui.mixins.image_modules.handlers.character_photo_generator | _generate_with_sd:268 | 正向提示词长度: 631 字符
2025-11-03 13:43:07 | INFO     | src.gui.mixins.image_modules.handlers.character_photo_generator | _generate_with_sd:269 | 负向提示词 (前100字符): low quality, worst quality, blurry, bad anatomy, bad hands, (multiple people:1.5), 2people, 3people,...
2025-11-03 13:43:07 | INFO     | src.gui.mixins.image_modules.handlers.character_photo_generator | _generate_with_sd:270 | 负向提示词长度: 259 字符
2025-11-03 13:43:07 | INFO     | src.gui.mixins.image_modules.handlers.character_photo_generator | _generate_with_sd:320 | 使用 txt2img 模式（生成基准图）
2025-11-03 13:43:07 | INFO     | src.gui.mixins.image_modules.handlers.character_photo_generator | _generate_with_sd:323 | 固定 seed: 823745907
2025-11-03 13:43:23 | INFO     | src.gui.mixins.image_modules.handlers.character_photo_saver | auto_save_photo_with_name:113 | 准备保存到：projects\完整测试_20251026_184212_20251026_184212\characters\陈明.png
2025-11-03 13:43:23 | INFO     | src.gui.mixins.image_modules.handlers.character_photo_saver | auto_save_photo_with_name:126 | 照片已保存: projects\完整测试_20251026_184212_20251026_184212\characters\陈明.png (相对路径: characters\陈明.png)
2025-11-03 13:43:23 | INFO     | src.gui.mixins.image_modules.handlers.character_photo_handler | generate_photo_thread:183 | ✅ [1/1] 正面+中性照片生成成功
2025-11-03 13:43:25 | INFO     | src.gui.mixins.image_modules.char_photo | _on_view_character_gallery:90 | 查找人物"陈明"的照片：
2025-11-03 13:43:25 | INFO     | src.gui.mixins.image_modules.char_photo | _on_view_character_gallery:91 |   清理后的人物名：陈明
2025-11-03 13:43:25 | INFO     | src.gui.mixins.image_modules.char_photo | _on_view_character_gallery:92 |   找到 1 张照片
2025-11-03 13:43:25 | INFO     | src.gui.mixins.image_modules.char_photo | _on_view_character_gallery:94 |   照片列表：['陈明.png']
2025-11-03 13:43:39 | INFO     | src.gui.mixins.image_modules.char_extract | _on_character_selected:256 | 选择人物：张大师 (索引: 4)
2025-11-03 13:43:39 | INFO     | src.gui.mixins.image_modules.char_extract | _on_character_selected:257 | 人物描述长度：43 字符
2025-11-03 13:43:39 | INFO     | src.gui.mixins.image_modules.char_extract | _on_character_selected:270 | 已加载人物"张大师"的描述
2025-11-03 13:43:42 | INFO     | httpx | _send_single_request:1025 | HTTP Request: POST https://api.deepseek.com/v1/chat/completions "HTTP/1.1 200 OK"
2025-11-03 13:43:51 | INFO     | src.gui.mixins.image_modules.handlers.character_photo_handler | handle_generate_photo:61 | 准备生成人物照片：张大师
2025-11-03 13:43:51 | INFO     | src.gui.mixins.image_modules.handlers.character_photo_handler | handle_generate_photo:62 | 人物描述长度：173 字符
2025-11-03 13:43:51 | INFO     | src.gui.mixins.image_modules.handlers.character_photo_handler | handle_generate_photo:64 | 人物描述预览：性别：男
年龄：45-50岁
脸型：方脸，面部轮廓分明
肤色：自然偏黄，略显粗糙
眼睛：细长眼，单眼皮，眼神锐利而专注
发型：黑色短发，整齐后梳，露出饱满额头
体型：中等身材，略微发福，约175cm
...
2025-11-03 13:43:51 | INFO     | src.gui.mixins.image_modules.handlers.character_photo_handler | generate_photo_thread:111 | [1/1] 正在生成：正面视图 + 中性表情
2025-11-03 13:43:51 | INFO     | src.gui.mixins.image_modules.handlers.character_photo_handler | generate_photo_thread:123 | [1/1] 人物：张大师，描述长度：173
2025-11-03 13:43:51 | INFO     | src.gui.mixins.image_modules.handlers.character_photo_generator | generate_photo:68 | === 开始生成人物照片 ===
2025-11-03 13:43:51 | INFO     | src.gui.mixins.image_modules.handlers.character_photo_generator | generate_photo:69 | 人物名称：张大师
2025-11-03 13:43:51 | INFO     | src.gui.mixins.image_modules.handlers.character_photo_generator | generate_photo:70 | 描述长度：173 字符
2025-11-03 13:43:51 | INFO     | src.gui.mixins.image_modules.handlers.character_photo_generator | generate_photo:72 | 描述预览：性别：男
年龄：45-50岁
脸型：方脸，面部轮廓分明
肤色：自然偏黄，略显粗糙
眼睛：细长眼，单眼皮，眼神锐利而专注
发型：黑色短发，整齐后梳，露出饱满额头
体型：中等身材，略微发福，约175cm
服装：传统唐装，深蓝色绸缎面料，立领盘扣，款式正式
特征：眉头常皱，表情严肃凝重；手持罗盘时动作沉稳...
2025-11-03 13:43:51 | INFO     | src.gui.mixins.image_modules.handlers.character_photo_generator | generate_photo:80 | 图片API类型: sd
2025-11-03 13:43:51 | INFO     | src.gui.mixins.image_modules.handlers.character_photo_generator | _generate_with_sd:220 | 模式：txt2img（使用完整人物描述生成）
2025-11-03 13:43:51 | INFO     | src.gui.mixins.image_modules.handlers.character_photo_generator | _generate_with_sd:266 | === SD 标签式提示词（Tag-based Prompt）===
2025-11-03 13:43:51 | INFO     | src.gui.mixins.image_modules.handlers.character_photo_generator | _generate_with_sd:267 | 正向提示词 (前200字符): (solo:1.5), (1person:1.5), solo, 1person, best quality, high resolution, 1man, middle-aged man, mature male, man, male, not female, Chinese, East Asian, asian, short hair, black, blue, formal, full bo...
2025-11-03 13:43:51 | INFO     | src.gui.mixins.image_modules.handlers.character_photo_generator | _generate_with_sd:268 | 正向提示词长度: 520 字符
2025-11-03 13:43:51 | INFO     | src.gui.mixins.image_modules.handlers.character_photo_generator | _generate_with_sd:269 | 负向提示词 (前100字符): low quality, worst quality, blurry, bad anatomy, bad hands, (multiple people:1.5), 2people, 3people,...
2025-11-03 13:43:51 | INFO     | src.gui.mixins.image_modules.handlers.character_photo_generator | _generate_with_sd:270 | 负向提示词长度: 259 字符
2025-11-03 13:43:51 | INFO     | src.gui.mixins.image_modules.handlers.character_photo_generator | _generate_with_sd:320 | 使用 txt2img 模式（生成基准图）
2025-11-03 13:43:51 | INFO     | src.gui.mixins.image_modules.handlers.character_photo_generator | _generate_with_sd:323 | 固定 seed: 2629098164
2025-11-03 13:44:05 | INFO     | src.gui.mixins.image_modules.handlers.character_photo_saver | auto_save_photo_with_name:113 | 准备保存到：projects\完整测试_20251026_184212_20251026_184212\characters\张大师.png
2025-11-03 13:44:05 | INFO     | src.gui.mixins.image_modules.handlers.character_photo_saver | auto_save_photo_with_name:126 | 照片已保存: projects\完整测试_20251026_184212_20251026_184212\characters\张大师.png (相对路径: characters\张大师.png)
2025-11-03 13:44:05 | INFO     | src.gui.mixins.image_modules.handlers.character_photo_handler | generate_photo_thread:183 | ✅ [1/1] 正面+中性照片生成成功
2025-11-03 13:44:46 | INFO     | src.gui.mixins.image_modules.char_photo | _on_view_character_gallery:90 | 查找人物"张大师"的照片：
2025-11-03 13:44:46 | INFO     | src.gui.mixins.image_modules.char_photo | _on_view_character_gallery:91 |   清理后的人物名：张大师
2025-11-03 13:44:46 | INFO     | src.gui.mixins.image_modules.char_photo | _on_view_character_gallery:92 |   找到 1 张照片
2025-11-03 13:44:46 | INFO     | src.gui.mixins.image_modules.char_photo | _on_view_character_gallery:94 |   照片列表：['张大师.png']
2025-11-03 13:46:48 | INFO     | src.core.logging_config | init_logging:134 | 日志系统初始化完成
2025-11-03 13:46:48 | INFO     | src.core.logging_config | init_logging:135 | 日志级别: INFO
2025-11-03 13:46:48 | INFO     | src.core.logging_config | init_logging:136 | 文件日志: 启用
2025-11-03 13:46:49 | INFO     | src.core.logging_config | main:34 | ============================================================
2025-11-03 13:46:49 | INFO     | src.core.logging_config | main:35 | 启动 AI Story Creator Pro
2025-11-03 13:46:49 | INFO     | src.core.logging_config | main:36 | 窗口尺寸: 1500x850
2025-11-03 13:46:49 | INFO     | src.core.logging_config | main:37 | 设计风格: 精致 · 简约 · 专业
2025-11-03 13:46:49 | INFO     | src.core.logging_config | main:38 | ============================================================
2025-11-03 13:46:50 | INFO     | src.gui.modern_app | __init__:92 | ✅ 自动保存功能已启用（每5分钟）
2025-11-03 13:46:51 | INFO     | src.gui.mixins.story_modules.input_cache | _bind_input_cache_events:174 | 输入自动保存已启用
2025-11-03 13:46:51 | INFO     | src.gui.mixins.story_modules.input_cache | _load_input_cache:66 | 已恢复上次输入内容
2025-11-03 13:46:51 | INFO     | src.gui.modern_app | _init_startup_state:143 | 启动状态初始化完成（无项目, 有缓存）
2025-11-03 13:46:53 | INFO     | src.gui.mixins.director_modules.director_mixin | _refresh_shot_combo:96 | 刷新下拉框成功，共 2 个分镜
2025-11-03 13:46:53 | INFO     | src.gui.mixins.director_modules.handlers.project_handler | load_director_data_from_project:118 | 已加载 2 个分镜
2025-11-03 13:46:53 | INFO     | src.gui.mixins.project_mixin | _on_load_project:217 | 使用增强加载功能成功加载项目
2025-11-03 13:46:53 | INFO     | src.gui.mixins.project_mixin | _on_load_project:226 | 后备：单独加载人物数据
2025-11-03 13:46:53 | INFO     | src.gui.mixins.image_modules.char_utils | _load_project_characters:112 | === 开始加载项目人物数据 ===
2025-11-03 13:46:53 | INFO     | src.gui.mixins.image_modules.char_utils | _load_project_characters:117 | 已清空人物列表（之前有 0 个人物）
2025-11-03 13:46:53 | INFO     | src.gui.mixins.image_modules.char_utils | _load_project_characters:127 | 项目路径：projects\完整测试_20251026_184212_20251026_184212
2025-11-03 13:46:53 | INFO     | src.gui.mixins.image_modules.char_utils | _load_project_characters:128 | 人物文件夹路径：projects\完整测试_20251026_184212_20251026_184212\characters
2025-11-03 13:46:53 | INFO     | src.gui.mixins.image_modules.char_utils | _load_project_characters:139 | 检查人物信息文件：projects\完整测试_20251026_184212_20251026_184212\characters\characters_info.json
2025-11-03 13:46:53 | INFO     | src.gui.mixins.image_modules.char_utils | _load_project_characters:140 | 文件是否存在：True
2025-11-03 13:46:53 | INFO     | src.gui.mixins.image_modules.char_utils | _load_project_characters:146 | 📖 已加载人物描述文件：projects\完整测试_20251026_184212_20251026_184212\characters\characters_info.json
2025-11-03 13:46:53 | INFO     | src.gui.mixins.image_modules.char_utils | _load_project_characters:147 | JSON内容类型：<class 'dict'>
2025-11-03 13:46:53 | INFO     | src.gui.mixins.image_modules.char_utils | _load_project_characters:148 | JSON内容长度：5
2025-11-03 13:46:53 | INFO     | src.gui.mixins.image_modules.char_utils | _load_project_characters:171 | 📋 使用扁平格式JSON
2025-11-03 13:46:53 | INFO     | src.gui.mixins.image_modules.char_utils | _load_project_characters:173 | 处理后的characters_info包含 5 个键
2025-11-03 13:46:53 | INFO     | src.gui.mixins.image_modules.char_utils | _load_project_characters:266 | ✅ 已加载 5 个人物（其中 0 个有照片），跳过 0 个无效项
2025-11-03 13:46:53 | INFO     | src.gui.mixins.image_modules.char_utils | _load_project_characters:270 | ✅ 已加载项目人物：['沈苒', '小远', '林舟', '陈明', '张大师']
2025-11-03 13:46:53 | INFO     | src.gui.mixins.image_modules.char_extract | _on_character_selected:256 | 选择人物：沈苒 (索引: 0)
2025-11-03 13:46:53 | INFO     | src.gui.mixins.image_modules.char_extract | _on_character_selected:257 | 人物描述长度：187 字符
2025-11-03 13:46:53 | INFO     | src.gui.mixins.image_modules.char_extract | _on_character_selected:270 | 已加载人物"沈苒"的描述
2025-11-03 13:46:53 | INFO     | src.gui.mixins.image_modules.char_utils | _load_project_characters:283 | 已更新人物列表框，当前显示 5 个人物
2025-11-03 13:46:53 | INFO     | src.gui.mixins.image_modules.char_utils | _load_project_characters:290 | === 人物数据加载完成 ===
2025-11-03 13:49:49 | INFO     | src.core.logging_config | init_logging:134 | 日志系统初始化完成
2025-11-03 13:49:49 | INFO     | src.core.logging_config | init_logging:135 | 日志级别: INFO
2025-11-03 13:49:49 | INFO     | src.core.logging_config | init_logging:136 | 文件日志: 启用
2025-11-03 13:49:50 | INFO     | src.core.logging_config | main:34 | ============================================================
2025-11-03 13:49:50 | INFO     | src.core.logging_config | main:35 | 启动 AI Story Creator Pro
2025-11-03 13:49:50 | INFO     | src.core.logging_config | main:36 | 窗口尺寸: 1500x850
2025-11-03 13:49:50 | INFO     | src.core.logging_config | main:37 | 设计风格: 精致 · 简约 · 专业
2025-11-03 13:49:50 | INFO     | src.core.logging_config | main:38 | ============================================================
2025-11-03 13:49:51 | INFO     | src.gui.modern_app | __init__:92 | ✅ 自动保存功能已启用（每5分钟）
2025-11-03 13:49:52 | INFO     | src.gui.mixins.story_modules.input_cache | _bind_input_cache_events:174 | 输入自动保存已启用
2025-11-03 13:49:52 | INFO     | src.gui.mixins.story_modules.input_cache | _load_input_cache:66 | 已恢复上次输入内容
2025-11-03 13:49:52 | INFO     | src.gui.modern_app | _init_startup_state:143 | 启动状态初始化完成（无项目, 有缓存）
2025-11-03 13:49:57 | INFO     | src.gui.mixins.director_modules.director_mixin | _refresh_shot_combo:96 | 刷新下拉框成功，共 2 个分镜
2025-11-03 13:49:57 | INFO     | src.gui.mixins.director_modules.handlers.project_handler | load_director_data_from_project:118 | 已加载 2 个分镜
2025-11-03 13:49:57 | INFO     | src.gui.mixins.project_mixin | _on_load_project:217 | 使用增强加载功能成功加载项目
2025-11-03 13:49:57 | INFO     | src.gui.mixins.project_mixin | _on_load_project:226 | 后备：单独加载人物数据
2025-11-03 13:49:57 | INFO     | src.gui.mixins.image_modules.char_utils | _load_project_characters:112 | === 开始加载项目人物数据 ===
2025-11-03 13:49:57 | INFO     | src.gui.mixins.image_modules.char_utils | _load_project_characters:117 | 已清空人物列表（之前有 0 个人物）
2025-11-03 13:49:57 | INFO     | src.gui.mixins.image_modules.char_utils | _load_project_characters:127 | 项目路径：projects\完整测试_20251026_184212_20251026_184212
2025-11-03 13:49:57 | INFO     | src.gui.mixins.image_modules.char_utils | _load_project_characters:128 | 人物文件夹路径：projects\完整测试_20251026_184212_20251026_184212\characters
2025-11-03 13:49:57 | INFO     | src.gui.mixins.image_modules.char_utils | _load_project_characters:139 | 检查人物信息文件：projects\完整测试_20251026_184212_20251026_184212\characters\characters_info.json
2025-11-03 13:49:57 | INFO     | src.gui.mixins.image_modules.char_utils | _load_project_characters:140 | 文件是否存在：True
2025-11-03 13:49:57 | INFO     | src.gui.mixins.image_modules.char_utils | _load_project_characters:146 | 📖 已加载人物描述文件：projects\完整测试_20251026_184212_20251026_184212\characters\characters_info.json
2025-11-03 13:49:57 | INFO     | src.gui.mixins.image_modules.char_utils | _load_project_characters:147 | JSON内容类型：<class 'dict'>
2025-11-03 13:49:57 | INFO     | src.gui.mixins.image_modules.char_utils | _load_project_characters:148 | JSON内容长度：5
2025-11-03 13:49:57 | INFO     | src.gui.mixins.image_modules.char_utils | _load_project_characters:171 | 📋 使用扁平格式JSON
2025-11-03 13:49:57 | INFO     | src.gui.mixins.image_modules.char_utils | _load_project_characters:173 | 处理后的characters_info包含 5 个键
2025-11-03 13:49:57 | INFO     | src.gui.mixins.image_modules.char_utils | _load_project_characters:266 | ✅ 已加载 5 个人物（其中 0 个有照片），跳过 0 个无效项
2025-11-03 13:49:57 | INFO     | src.gui.mixins.image_modules.char_utils | _load_project_characters:270 | ✅ 已加载项目人物：['沈苒', '小远', '林舟', '陈明', '张大师']
2025-11-03 13:49:57 | INFO     | src.gui.mixins.image_modules.char_extract | _on_character_selected:256 | 选择人物：沈苒 (索引: 0)
2025-11-03 13:49:57 | INFO     | src.gui.mixins.image_modules.char_extract | _on_character_selected:257 | 人物描述长度：187 字符
2025-11-03 13:49:57 | INFO     | src.gui.mixins.image_modules.char_extract | _on_character_selected:270 | 已加载人物"沈苒"的描述
2025-11-03 13:49:57 | INFO     | src.gui.mixins.image_modules.char_utils | _load_project_characters:283 | 已更新人物列表框，当前显示 5 个人物
2025-11-03 13:49:57 | INFO     | src.gui.mixins.image_modules.char_utils | _load_project_characters:290 | === 人物数据加载完成 ===
2025-11-03 13:52:03 | INFO     | src.core.logging_config | init_logging:134 | 日志系统初始化完成
2025-11-03 13:52:03 | INFO     | src.core.logging_config | init_logging:135 | 日志级别: INFO
2025-11-03 13:52:03 | INFO     | src.core.logging_config | init_logging:136 | 文件日志: 启用
2025-11-03 13:52:04 | INFO     | src.core.logging_config | main:34 | ============================================================
2025-11-03 13:52:04 | INFO     | src.core.logging_config | main:35 | 启动 AI Story Creator Pro
2025-11-03 13:52:04 | INFO     | src.core.logging_config | main:36 | 窗口尺寸: 1500x850
2025-11-03 13:52:04 | INFO     | src.core.logging_config | main:37 | 设计风格: 精致 · 简约 · 专业
2025-11-03 13:52:04 | INFO     | src.core.logging_config | main:38 | ============================================================
2025-11-03 13:52:05 | INFO     | src.gui.modern_app | __init__:92 | ✅ 自动保存功能已启用（每5分钟）
2025-11-03 13:52:05 | INFO     | src.gui.mixins.story_modules.input_cache | _bind_input_cache_events:174 | 输入自动保存已启用
2025-11-03 13:52:05 | INFO     | src.gui.mixins.story_modules.input_cache | _load_input_cache:66 | 已恢复上次输入内容
2025-11-03 13:52:05 | INFO     | src.gui.modern_app | _init_startup_state:143 | 启动状态初始化完成（无项目, 有缓存）
2025-11-03 13:52:08 | INFO     | src.gui.mixins.director_modules.director_mixin | _refresh_shot_combo:96 | 刷新下拉框成功，共 2 个分镜
2025-11-03 13:52:08 | INFO     | src.gui.mixins.director_modules.handlers.project_handler | load_director_data_from_project:118 | 已加载 2 个分镜
2025-11-03 13:52:08 | INFO     | src.gui.mixins.project_mixin | _on_load_project:217 | 使用增强加载功能成功加载项目
2025-11-03 13:52:08 | INFO     | src.gui.mixins.project_mixin | _on_load_project:226 | 后备：单独加载人物数据
2025-11-03 13:52:08 | INFO     | src.gui.mixins.image_modules.char_utils | _load_project_characters:112 | === 开始加载项目人物数据 ===
2025-11-03 13:52:08 | INFO     | src.gui.mixins.image_modules.char_utils | _load_project_characters:117 | 已清空人物列表（之前有 0 个人物）
2025-11-03 13:52:08 | INFO     | src.gui.mixins.image_modules.char_utils | _load_project_characters:127 | 项目路径：projects\完整测试_20251026_184212_20251026_184212
2025-11-03 13:52:08 | INFO     | src.gui.mixins.image_modules.char_utils | _load_project_characters:128 | 人物文件夹路径：projects\完整测试_20251026_184212_20251026_184212\characters
2025-11-03 13:52:08 | INFO     | src.gui.mixins.image_modules.char_utils | _load_project_characters:139 | 检查人物信息文件：projects\完整测试_20251026_184212_20251026_184212\characters\characters_info.json
2025-11-03 13:52:08 | INFO     | src.gui.mixins.image_modules.char_utils | _load_project_characters:140 | 文件是否存在：True
2025-11-03 13:52:08 | INFO     | src.gui.mixins.image_modules.char_utils | _load_project_characters:146 | 📖 已加载人物描述文件：projects\完整测试_20251026_184212_20251026_184212\characters\characters_info.json
2025-11-03 13:52:08 | INFO     | src.gui.mixins.image_modules.char_utils | _load_project_characters:147 | JSON内容类型：<class 'dict'>
2025-11-03 13:52:08 | INFO     | src.gui.mixins.image_modules.char_utils | _load_project_characters:148 | JSON内容长度：5
2025-11-03 13:52:08 | INFO     | src.gui.mixins.image_modules.char_utils | _load_project_characters:171 | 📋 使用扁平格式JSON
2025-11-03 13:52:08 | INFO     | src.gui.mixins.image_modules.char_utils | _load_project_characters:173 | 处理后的characters_info包含 5 个键
2025-11-03 13:52:08 | INFO     | src.gui.mixins.image_modules.char_utils | _load_project_characters:266 | ✅ 已加载 5 个人物（其中 0 个有照片），跳过 0 个无效项
2025-11-03 13:52:08 | INFO     | src.gui.mixins.image_modules.char_utils | _load_project_characters:270 | ✅ 已加载项目人物：['沈苒', '小远', '林舟', '陈明', '张大师']
2025-11-03 13:52:08 | INFO     | src.gui.mixins.image_modules.char_extract | _on_character_selected:256 | 选择人物：沈苒 (索引: 0)
2025-11-03 13:52:08 | INFO     | src.gui.mixins.image_modules.char_extract | _on_character_selected:257 | 人物描述长度：187 字符
2025-11-03 13:52:08 | INFO     | src.gui.mixins.image_modules.char_extract | _on_character_selected:270 | 已加载人物"沈苒"的描述
2025-11-03 13:52:08 | INFO     | src.gui.mixins.image_modules.char_utils | _load_project_characters:283 | 已更新人物列表框，当前显示 5 个人物
2025-11-03 13:52:08 | INFO     | src.gui.mixins.image_modules.char_utils | _load_project_characters:290 | === 人物数据加载完成 ===
2025-11-03 13:53:42 | INFO     | src.core.logging_config | init_logging:134 | 日志系统初始化完成
2025-11-03 13:53:42 | INFO     | src.core.logging_config | init_logging:135 | 日志级别: INFO
2025-11-03 13:53:42 | INFO     | src.core.logging_config | init_logging:136 | 文件日志: 启用
2025-11-03 13:53:43 | INFO     | src.core.logging_config | main:34 | ============================================================
2025-11-03 13:53:43 | INFO     | src.core.logging_config | main:35 | 启动 AI Story Creator Pro
2025-11-03 13:53:43 | INFO     | src.core.logging_config | main:36 | 窗口尺寸: 1500x850
2025-11-03 13:53:43 | INFO     | src.core.logging_config | main:37 | 设计风格: 精致 · 简约 · 专业
2025-11-03 13:53:43 | INFO     | src.core.logging_config | main:38 | ============================================================
2025-11-03 13:53:44 | INFO     | src.gui.modern_app | __init__:92 | ✅ 自动保存功能已启用（每5分钟）
2025-11-03 13:53:44 | INFO     | src.gui.mixins.story_modules.input_cache | _bind_input_cache_events:174 | 输入自动保存已启用
2025-11-03 13:53:44 | INFO     | src.gui.mixins.story_modules.input_cache | _load_input_cache:66 | 已恢复上次输入内容
2025-11-03 13:53:44 | INFO     | src.gui.modern_app | _init_startup_state:143 | 启动状态初始化完成（无项目, 有缓存）
2025-11-03 13:53:47 | INFO     | src.gui.mixins.director_modules.director_mixin | _refresh_shot_combo:96 | 刷新下拉框成功，共 2 个分镜
2025-11-03 13:53:47 | INFO     | src.gui.mixins.director_modules.handlers.project_handler | load_director_data_from_project:118 | 已加载 2 个分镜
2025-11-03 13:53:47 | INFO     | src.gui.mixins.project_mixin | _on_load_project:217 | 使用增强加载功能成功加载项目
2025-11-03 13:53:47 | INFO     | src.gui.mixins.project_mixin | _on_load_project:226 | 后备：单独加载人物数据
2025-11-03 13:53:47 | INFO     | src.gui.mixins.image_modules.char_utils | _load_project_characters:112 | === 开始加载项目人物数据 ===
2025-11-03 13:53:47 | INFO     | src.gui.mixins.image_modules.char_utils | _load_project_characters:117 | 已清空人物列表（之前有 0 个人物）
2025-11-03 13:53:47 | INFO     | src.gui.mixins.image_modules.char_utils | _load_project_characters:127 | 项目路径：projects\完整测试_20251026_184212_20251026_184212
2025-11-03 13:53:47 | INFO     | src.gui.mixins.image_modules.char_utils | _load_project_characters:128 | 人物文件夹路径：projects\完整测试_20251026_184212_20251026_184212\characters
2025-11-03 13:53:47 | INFO     | src.gui.mixins.image_modules.char_utils | _load_project_characters:139 | 检查人物信息文件：projects\完整测试_20251026_184212_20251026_184212\characters\characters_info.json
2025-11-03 13:53:47 | INFO     | src.gui.mixins.image_modules.char_utils | _load_project_characters:140 | 文件是否存在：True
2025-11-03 13:53:47 | INFO     | src.gui.mixins.image_modules.char_utils | _load_project_characters:146 | 📖 已加载人物描述文件：projects\完整测试_20251026_184212_20251026_184212\characters\characters_info.json
2025-11-03 13:53:47 | INFO     | src.gui.mixins.image_modules.char_utils | _load_project_characters:147 | JSON内容类型：<class 'dict'>
2025-11-03 13:53:47 | INFO     | src.gui.mixins.image_modules.char_utils | _load_project_characters:148 | JSON内容长度：5
2025-11-03 13:53:47 | INFO     | src.gui.mixins.image_modules.char_utils | _load_project_characters:171 | 📋 使用扁平格式JSON
2025-11-03 13:53:47 | INFO     | src.gui.mixins.image_modules.char_utils | _load_project_characters:173 | 处理后的characters_info包含 5 个键
2025-11-03 13:53:47 | INFO     | src.gui.mixins.image_modules.char_utils | _load_project_characters:266 | ✅ 已加载 5 个人物（其中 0 个有照片），跳过 0 个无效项
2025-11-03 13:53:47 | INFO     | src.gui.mixins.image_modules.char_utils | _load_project_characters:270 | ✅ 已加载项目人物：['沈苒', '小远', '林舟', '陈明', '张大师']
2025-11-03 13:53:47 | INFO     | src.gui.mixins.image_modules.char_extract | _on_character_selected:256 | 选择人物：沈苒 (索引: 0)
2025-11-03 13:53:47 | INFO     | src.gui.mixins.image_modules.char_extract | _on_character_selected:257 | 人物描述长度：187 字符
2025-11-03 13:53:47 | INFO     | src.gui.mixins.image_modules.char_extract | _on_character_selected:270 | 已加载人物"沈苒"的描述
2025-11-03 13:53:47 | INFO     | src.gui.mixins.image_modules.char_utils | _load_project_characters:283 | 已更新人物列表框，当前显示 5 个人物
2025-11-03 13:53:47 | INFO     | src.gui.mixins.image_modules.char_utils | _load_project_characters:290 | === 人物数据加载完成 ===
2025-11-03 13:56:03 | INFO     | src.core.logging_config | init_logging:134 | 日志系统初始化完成
2025-11-03 13:56:03 | INFO     | src.core.logging_config | init_logging:135 | 日志级别: INFO
2025-11-03 13:56:03 | INFO     | src.core.logging_config | init_logging:136 | 文件日志: 启用
2025-11-03 13:56:03 | INFO     | src.core.logging_config | main:34 | ============================================================
2025-11-03 13:56:03 | INFO     | src.core.logging_config | main:35 | 启动 AI Story Creator Pro
2025-11-03 13:56:03 | INFO     | src.core.logging_config | main:36 | 窗口尺寸: 1500x850
2025-11-03 13:56:03 | INFO     | src.core.logging_config | main:37 | 设计风格: 精致 · 简约 · 专业
2025-11-03 13:56:03 | INFO     | src.core.logging_config | main:38 | ============================================================
2025-11-03 13:56:05 | INFO     | src.gui.modern_app | __init__:92 | ✅ 自动保存功能已启用（每5分钟）
2025-11-03 13:56:05 | INFO     | src.gui.mixins.story_modules.input_cache | _bind_input_cache_events:174 | 输入自动保存已启用
2025-11-03 13:56:05 | INFO     | src.gui.mixins.story_modules.input_cache | _load_input_cache:66 | 已恢复上次输入内容
2025-11-03 13:56:05 | INFO     | src.gui.modern_app | _init_startup_state:143 | 启动状态初始化完成（无项目, 有缓存）
2025-11-03 13:56:09 | INFO     | src.gui.mixins.director_modules.director_mixin | _refresh_shot_combo:96 | 刷新下拉框成功，共 2 个分镜
2025-11-03 13:56:09 | INFO     | src.gui.mixins.director_modules.handlers.project_handler | load_director_data_from_project:118 | 已加载 2 个分镜
2025-11-03 13:56:09 | INFO     | src.gui.mixins.project_mixin | _on_load_project:217 | 使用增强加载功能成功加载项目
2025-11-03 13:56:09 | INFO     | src.gui.mixins.project_mixin | _on_load_project:226 | 后备：单独加载人物数据
2025-11-03 13:56:09 | INFO     | src.gui.mixins.image_modules.char_utils | _load_project_characters:112 | === 开始加载项目人物数据 ===
2025-11-03 13:56:09 | INFO     | src.gui.mixins.image_modules.char_utils | _load_project_characters:117 | 已清空人物列表（之前有 0 个人物）
2025-11-03 13:56:09 | INFO     | src.gui.mixins.image_modules.char_utils | _load_project_characters:127 | 项目路径：projects\完整测试_20251026_184212_20251026_184212
2025-11-03 13:56:09 | INFO     | src.gui.mixins.image_modules.char_utils | _load_project_characters:128 | 人物文件夹路径：projects\完整测试_20251026_184212_20251026_184212\characters
2025-11-03 13:56:09 | INFO     | src.gui.mixins.image_modules.char_utils | _load_project_characters:139 | 检查人物信息文件：projects\完整测试_20251026_184212_20251026_184212\characters\characters_info.json
2025-11-03 13:56:09 | INFO     | src.gui.mixins.image_modules.char_utils | _load_project_characters:140 | 文件是否存在：True
2025-11-03 13:56:09 | INFO     | src.gui.mixins.image_modules.char_utils | _load_project_characters:146 | 📖 已加载人物描述文件：projects\完整测试_20251026_184212_20251026_184212\characters\characters_info.json
2025-11-03 13:56:09 | INFO     | src.gui.mixins.image_modules.char_utils | _load_project_characters:147 | JSON内容类型：<class 'dict'>
2025-11-03 13:56:09 | INFO     | src.gui.mixins.image_modules.char_utils | _load_project_characters:148 | JSON内容长度：5
2025-11-03 13:56:09 | INFO     | src.gui.mixins.image_modules.char_utils | _load_project_characters:171 | 📋 使用扁平格式JSON
2025-11-03 13:56:09 | INFO     | src.gui.mixins.image_modules.char_utils | _load_project_characters:173 | 处理后的characters_info包含 5 个键
2025-11-03 13:56:09 | INFO     | src.gui.mixins.image_modules.char_utils | _load_project_characters:266 | ✅ 已加载 5 个人物（其中 0 个有照片），跳过 0 个无效项
2025-11-03 13:56:09 | INFO     | src.gui.mixins.image_modules.char_utils | _load_project_characters:270 | ✅ 已加载项目人物：['沈苒', '小远', '林舟', '陈明', '张大师']
2025-11-03 13:56:09 | INFO     | src.gui.mixins.image_modules.char_extract | _on_character_selected:256 | 选择人物：沈苒 (索引: 0)
2025-11-03 13:56:09 | INFO     | src.gui.mixins.image_modules.char_extract | _on_character_selected:257 | 人物描述长度：187 字符
2025-11-03 13:56:09 | INFO     | src.gui.mixins.image_modules.char_extract | _on_character_selected:270 | 已加载人物"沈苒"的描述
2025-11-03 13:56:09 | INFO     | src.gui.mixins.image_modules.char_utils | _load_project_characters:283 | 已更新人物列表框，当前显示 5 个人物
2025-11-03 13:56:09 | INFO     | src.gui.mixins.image_modules.char_utils | _load_project_characters:290 | === 人物数据加载完成 ===
2025-11-03 14:03:36 | INFO     | src.gui.mixins.image_modules.handlers.character_photo_handler | handle_generate_photo:61 | 准备生成人物照片：沈苒
2025-11-03 14:03:36 | INFO     | src.gui.mixins.image_modules.handlers.character_photo_handler | handle_generate_photo:62 | 人物描述长度：187 字符
2025-11-03 14:03:36 | INFO     | src.gui.mixins.image_modules.handlers.character_photo_handler | handle_generate_photo:64 | 人物描述预览：性别：女
年龄：30-35岁
脸型：瓜子脸，颧骨稍高
肤色：偏白，但因疲惫略显暗淡
眼睛：双眼皮，大眼睛，眼袋明显，眼神疲惫且经常发颤
发型：披肩长发，黑色，自然垂落，十年前常扎马尾
体型：中等身高，...
2025-11-03 14:03:36 | INFO     | src.gui.mixins.image_modules.handlers.character_photo_handler | generate_photo_thread:111 | [1/1] 正在生成：正面视图 + 中性表情
2025-11-03 14:03:36 | INFO     | src.gui.mixins.image_modules.handlers.character_photo_handler | generate_photo_thread:123 | [1/1] 人物：沈苒，描述长度：187
2025-11-03 14:03:36 | INFO     | src.gui.mixins.image_modules.handlers.character_photo_generator | generate_photo:68 | === 开始生成人物照片 ===
2025-11-03 14:03:36 | INFO     | src.gui.mixins.image_modules.handlers.character_photo_generator | generate_photo:69 | 人物名称：沈苒
2025-11-03 14:03:36 | INFO     | src.gui.mixins.image_modules.handlers.character_photo_generator | generate_photo:70 | 描述长度：187 字符
2025-11-03 14:03:36 | INFO     | src.gui.mixins.image_modules.handlers.character_photo_generator | generate_photo:72 | 描述预览：性别：女
年龄：30-35岁
脸型：瓜子脸，颧骨稍高
肤色：偏白，但因疲惫略显暗淡
眼睛：双眼皮，大眼睛，眼袋明显，眼神疲惫且经常发颤
发型：披肩长发，黑色，自然垂落，十年前常扎马尾
体型：中等身高，偏瘦弱，约160-165cm
服装：居家便服，宽松舒适的棉质长袖，颜色素雅，外出时穿普通外套
特征：...
2025-11-03 14:03:36 | INFO     | src.gui.mixins.image_modules.handlers.character_photo_generator | generate_photo:80 | 图片API类型: sd
2025-11-03 14:03:36 | INFO     | src.gui.mixins.image_modules.handlers.character_photo_generator | _generate_with_sd:220 | 模式：txt2img（使用完整人物描述生成）
2025-11-03 14:03:36 | INFO     | src.gui.mixins.image_modules.handlers.character_photo_generator | _generate_with_sd:266 | === SD 标签式提示词（Tag-based Prompt）===
2025-11-03 14:03:36 | INFO     | src.gui.mixins.image_modules.handlers.character_photo_generator | _generate_with_sd:267 | 正向提示词 (前200字符): (solo:1.5), (1person:1.5), solo, 1person, haggard, tired, tense, dark circles under eyes, eye bags, best quality, high resolution, 1woman, middle-aged woman, mature female, woman, female, not male, Ch...
2025-11-03 14:03:36 | INFO     | src.gui.mixins.image_modules.handlers.character_photo_generator | _generate_with_sd:268 | 正向提示词长度: 760 字符
2025-11-03 14:03:36 | INFO     | src.gui.mixins.image_modules.handlers.character_photo_generator | _generate_with_sd:269 | 负向提示词 (前100字符): low quality, worst quality, blurry, bad anatomy, bad hands, (multiple people:1.5), 2people, 3people,...
2025-11-03 14:03:36 | INFO     | src.gui.mixins.image_modules.handlers.character_photo_generator | _generate_with_sd:270 | 负向提示词长度: 446 字符
2025-11-03 14:03:36 | INFO     | src.gui.mixins.image_modules.handlers.character_photo_generator | _generate_with_sd:320 | 使用 txt2img 模式（生成基准图）
2025-11-03 14:03:36 | INFO     | src.gui.mixins.image_modules.handlers.character_photo_generator | _generate_with_sd:323 | 固定 seed: 32858030
2025-11-03 14:03:50 | INFO     | src.gui.mixins.image_modules.handlers.character_photo_saver | auto_save_photo_with_name:113 | 准备保存到：projects\完整测试_20251026_184212_20251026_184212\characters\沈苒.png
2025-11-03 14:03:50 | INFO     | src.gui.mixins.image_modules.handlers.character_photo_saver | auto_save_photo_with_name:126 | 照片已保存: projects\完整测试_20251026_184212_20251026_184212\characters\沈苒.png (相对路径: characters\沈苒.png)
2025-11-03 14:03:50 | INFO     | src.gui.mixins.image_modules.handlers.character_photo_handler | generate_photo_thread:183 | ✅ [1/1] 正面+中性照片生成成功
2025-11-03 14:04:59 | INFO     | httpx | _send_single_request:1025 | HTTP Request: POST https://api.gpt.ge/v1/images/generations "HTTP/1.1 200 OK"
2025-11-03 14:05:05 | INFO     | src.gui.mixins.image_modules.handlers.character_photo_handler | handle_generate_photo:61 | 准备生成人物照片：沈苒
2025-11-03 14:05:05 | INFO     | src.gui.mixins.image_modules.handlers.character_photo_handler | handle_generate_photo:62 | 人物描述长度：187 字符
2025-11-03 14:05:05 | INFO     | src.gui.mixins.image_modules.handlers.character_photo_handler | handle_generate_photo:64 | 人物描述预览：性别：女
年龄：30-35岁
脸型：瓜子脸，颧骨稍高
肤色：偏白，但因疲惫略显暗淡
眼睛：双眼皮，大眼睛，眼袋明显，眼神疲惫且经常发颤
发型：披肩长发，黑色，自然垂落，十年前常扎马尾
体型：中等身高，...
2025-11-03 14:05:05 | INFO     | src.gui.mixins.image_modules.handlers.character_photo_handler | generate_photo_thread:111 | [1/1] 正在生成：正面视图 + 中性表情
2025-11-03 14:05:05 | INFO     | src.gui.mixins.image_modules.handlers.character_photo_handler | generate_photo_thread:123 | [1/1] 人物：沈苒，描述长度：187
2025-11-03 14:05:05 | INFO     | src.gui.mixins.image_modules.handlers.character_photo_generator | generate_photo:68 | === 开始生成人物照片 ===
2025-11-03 14:05:05 | INFO     | src.gui.mixins.image_modules.handlers.character_photo_generator | generate_photo:69 | 人物名称：沈苒
2025-11-03 14:05:05 | INFO     | src.gui.mixins.image_modules.handlers.character_photo_generator | generate_photo:70 | 描述长度：187 字符
2025-11-03 14:05:05 | INFO     | src.gui.mixins.image_modules.handlers.character_photo_generator | generate_photo:72 | 描述预览：性别：女
年龄：30-35岁
脸型：瓜子脸，颧骨稍高
肤色：偏白，但因疲惫略显暗淡
眼睛：双眼皮，大眼睛，眼袋明显，眼神疲惫且经常发颤
发型：披肩长发，黑色，自然垂落，十年前常扎马尾
体型：中等身高，偏瘦弱，约160-165cm
服装：居家便服，宽松舒适的棉质长袖，颜色素雅，外出时穿普通外套
特征：...
2025-11-03 14:05:05 | INFO     | src.gui.mixins.image_modules.handlers.character_photo_generator | generate_photo:80 | 图片API类型: openai
2025-11-03 14:05:05 | INFO     | src.gui.mixins.image_modules.handlers.character_photo_generator | _generate_with_openai:403 | OPENAI英文自然语言提示词 (正面+中性): Single person portrait photo, only one person, full body shot photo of one female person Chinese 5，眼神疲惫且经常发颤
发型：披肩长发，十年前常扎马尾
体型：中等身高，整体透露疲惫和紧张感, 脸型：瓜子脸, 脸型：瓜子脸, 脸型：瓜子脸, 十年前常扎马尾，发型：披肩长发, 十年前常扎马尾，发型：披肩长...
2025-11-03 14:05:22 | INFO     | httpx | _send_single_request:1025 | HTTP Request: POST https://api.gpt.ge/v1/images/generations "HTTP/1.1 200 OK"
2025-11-03 14:05:24 | INFO     | src.gui.mixins.image_modules.handlers.character_photo_saver | auto_save_photo_with_name:113 | 准备保存到：projects\完整测试_20251026_184212_20251026_184212\characters\沈苒.png
2025-11-03 14:05:25 | INFO     | src.gui.mixins.image_modules.handlers.character_photo_saver | auto_save_photo_with_name:126 | 照片已保存: projects\完整测试_20251026_184212_20251026_184212\characters\沈苒.png (相对路径: characters\沈苒.png)
2025-11-03 14:05:25 | INFO     | src.gui.mixins.image_modules.handlers.character_photo_handler | generate_photo_thread:183 | ✅ [1/1] 正面+中性照片生成成功
2025-11-03 14:06:45 | INFO     | src.gui.mixins.image_modules.char_photo | _on_view_character_gallery:90 | 查找人物"沈苒"的照片：
2025-11-03 14:06:45 | INFO     | src.gui.mixins.image_modules.char_photo | _on_view_character_gallery:91 |   清理后的人物名：沈苒
2025-11-03 14:06:45 | INFO     | src.gui.mixins.image_modules.char_photo | _on_view_character_gallery:92 |   找到 1 张照片
2025-11-03 14:06:45 | INFO     | src.gui.mixins.image_modules.char_photo | _on_view_character_gallery:94 |   照片列表：['沈苒.png']
2025-11-03 14:07:05 | INFO     | src.gui.mixins.image_modules.char_extract | _on_character_selected:256 | 选择人物：小远 (索引: 1)
2025-11-03 14:07:05 | INFO     | src.gui.mixins.image_modules.char_extract | _on_character_selected:257 | 人物描述长度：190 字符
2025-11-03 14:07:05 | INFO     | src.gui.mixins.image_modules.char_extract | _on_character_selected:270 | 已加载人物"小远"的描述
2025-11-03 14:07:12 | INFO     | src.gui.mixins.image_modules.handlers.character_photo_handler | handle_generate_photo:61 | 准备生成人物照片：小远
2025-11-03 14:07:12 | INFO     | src.gui.mixins.image_modules.handlers.character_photo_handler | handle_generate_photo:62 | 人物描述长度：190 字符
2025-11-03 14:07:12 | INFO     | src.gui.mixins.image_modules.handlers.character_photo_handler | handle_generate_photo:64 | 人物描述预览：性别：男
年龄：10岁
脸型：圆脸或娃娃脸，带有儿童的稚嫩感
肤色：健康红润的儿童肤色
眼睛：大眼睛，眼神清澈明亮，充满孩童的天真
发型：短发，整洁利落，符合小学生形象
体型：偏瘦小，身高约140cm...
2025-11-03 14:07:12 | INFO     | src.gui.mixins.image_modules.handlers.character_photo_handler | generate_photo_thread:111 | [1/1] 正在生成：正面视图 + 中性表情
2025-11-03 14:07:12 | INFO     | src.gui.mixins.image_modules.handlers.character_photo_handler | generate_photo_thread:123 | [1/1] 人物：小远，描述长度：190
2025-11-03 14:07:12 | INFO     | src.gui.mixins.image_modules.handlers.character_photo_generator | generate_photo:68 | === 开始生成人物照片 ===
2025-11-03 14:07:12 | INFO     | src.gui.mixins.image_modules.handlers.character_photo_generator | generate_photo:69 | 人物名称：小远
2025-11-03 14:07:12 | INFO     | src.gui.mixins.image_modules.handlers.character_photo_generator | generate_photo:70 | 描述长度：190 字符
2025-11-03 14:07:12 | INFO     | src.gui.mixins.image_modules.handlers.character_photo_generator | generate_photo:72 | 描述预览：性别：男
年龄：10岁
脸型：圆脸或娃娃脸，带有儿童的稚嫩感
肤色：健康红润的儿童肤色
眼睛：大眼睛，眼神清澈明亮，充满孩童的天真
发型：短发，整洁利落，符合小学生形象
体型：偏瘦小，身高约140cm左右，属于正常10岁男孩体型
服装：校服或休闲运动装，可能穿着T恤和短裤，舒适便于活动
特征：表情活...
2025-11-03 14:07:12 | INFO     | src.gui.mixins.image_modules.handlers.character_photo_generator | generate_photo:80 | 图片API类型: openai
2025-11-03 14:07:12 | INFO     | src.gui.mixins.image_modules.handlers.character_photo_generator | _generate_with_openai:403 | OPENAI英文自然语言提示词 (正面+中性): Single person portrait photo, only one person, full body shot photo of one 10-year-old boy Chinese 0，属于正常10岁男孩体型
服装：校服或休闲运动装，充满孩童的天真
发型：短发，可能穿着T恤和短裤，性别：男
年龄：10岁
脸型：圆脸或娃娃脸，带有儿童的稚嫩感
肤色：健康红润的儿童肤色
眼睛：大眼睛 ...
2025-11-03 14:07:30 | INFO     | httpx | _send_single_request:1025 | HTTP Request: POST https://api.gpt.ge/v1/images/generations "HTTP/1.1 200 OK"
2025-11-03 14:07:34 | INFO     | src.gui.mixins.image_modules.handlers.character_photo_saver | auto_save_photo_with_name:113 | 准备保存到：projects\完整测试_20251026_184212_20251026_184212\characters\小远.png
2025-11-03 14:07:34 | INFO     | src.gui.mixins.image_modules.handlers.character_photo_saver | auto_save_photo_with_name:126 | 照片已保存: projects\完整测试_20251026_184212_20251026_184212\characters\小远.png (相对路径: characters\小远.png)
2025-11-03 14:07:34 | INFO     | src.gui.mixins.image_modules.handlers.character_photo_handler | generate_photo_thread:183 | ✅ [1/1] 正面+中性照片生成成功
2025-11-03 14:08:40 | INFO     | src.core.logging_config | init_logging:134 | 日志系统初始化完成
2025-11-03 14:08:40 | INFO     | src.core.logging_config | init_logging:135 | 日志级别: INFO
2025-11-03 14:08:40 | INFO     | src.core.logging_config | init_logging:136 | 文件日志: 启用
2025-11-03 14:08:41 | INFO     | src.core.logging_config | main:34 | ============================================================
2025-11-03 14:08:41 | INFO     | src.core.logging_config | main:35 | 启动 AI Story Creator Pro
2025-11-03 14:08:41 | INFO     | src.core.logging_config | main:36 | 窗口尺寸: 1500x850
2025-11-03 14:08:41 | INFO     | src.core.logging_config | main:37 | 设计风格: 精致 · 简约 · 专业
2025-11-03 14:08:41 | INFO     | src.core.logging_config | main:38 | ============================================================
2025-11-03 14:08:42 | INFO     | src.gui.modern_app | __init__:92 | ✅ 自动保存功能已启用（每5分钟）
2025-11-03 14:08:42 | INFO     | src.gui.mixins.story_modules.input_cache | _bind_input_cache_events:174 | 输入自动保存已启用
2025-11-03 14:08:42 | INFO     | src.gui.mixins.story_modules.input_cache | _load_input_cache:66 | 已恢复上次输入内容
2025-11-03 14:08:42 | INFO     | src.gui.modern_app | _init_startup_state:143 | 启动状态初始化完成（无项目, 有缓存）
2025-11-03 14:08:47 | INFO     | src.gui.mixins.director_modules.director_mixin | _refresh_shot_combo:96 | 刷新下拉框成功，共 2 个分镜
2025-11-03 14:08:47 | INFO     | src.gui.mixins.director_modules.handlers.project_handler | load_director_data_from_project:118 | 已加载 2 个分镜
2025-11-03 14:08:47 | INFO     | src.gui.mixins.project_mixin | _on_load_project:217 | 使用增强加载功能成功加载项目
2025-11-03 14:08:47 | INFO     | src.gui.mixins.project_mixin | _on_load_project:226 | 后备：单独加载人物数据
2025-11-03 14:08:47 | INFO     | src.gui.mixins.image_modules.char_utils | _load_project_characters:112 | === 开始加载项目人物数据 ===
2025-11-03 14:08:47 | INFO     | src.gui.mixins.image_modules.char_utils | _load_project_characters:117 | 已清空人物列表（之前有 0 个人物）
2025-11-03 14:08:47 | INFO     | src.gui.mixins.image_modules.char_utils | _load_project_characters:127 | 项目路径：projects\完整测试_20251026_184212_20251026_184212
2025-11-03 14:08:47 | INFO     | src.gui.mixins.image_modules.char_utils | _load_project_characters:128 | 人物文件夹路径：projects\完整测试_20251026_184212_20251026_184212\characters
2025-11-03 14:08:47 | INFO     | src.gui.mixins.image_modules.char_utils | _load_project_characters:139 | 检查人物信息文件：projects\完整测试_20251026_184212_20251026_184212\characters\characters_info.json
2025-11-03 14:08:47 | INFO     | src.gui.mixins.image_modules.char_utils | _load_project_characters:140 | 文件是否存在：True
2025-11-03 14:08:47 | INFO     | src.gui.mixins.image_modules.char_utils | _load_project_characters:146 | 📖 已加载人物描述文件：projects\完整测试_20251026_184212_20251026_184212\characters\characters_info.json
2025-11-03 14:08:47 | INFO     | src.gui.mixins.image_modules.char_utils | _load_project_characters:147 | JSON内容类型：<class 'dict'>
2025-11-03 14:08:47 | INFO     | src.gui.mixins.image_modules.char_utils | _load_project_characters:148 | JSON内容长度：5
2025-11-03 14:08:47 | INFO     | src.gui.mixins.image_modules.char_utils | _load_project_characters:171 | 📋 使用扁平格式JSON
2025-11-03 14:08:47 | INFO     | src.gui.mixins.image_modules.char_utils | _load_project_characters:173 | 处理后的characters_info包含 5 个键
2025-11-03 14:08:47 | INFO     | src.gui.mixins.image_modules.char_utils | _load_project_characters:266 | ✅ 已加载 5 个人物（其中 0 个有照片），跳过 0 个无效项
2025-11-03 14:08:47 | INFO     | src.gui.mixins.image_modules.char_utils | _load_project_characters:270 | ✅ 已加载项目人物：['沈苒', '小远', '林舟', '陈明', '张大师']
2025-11-03 14:08:47 | INFO     | src.gui.mixins.image_modules.char_extract | _on_character_selected:256 | 选择人物：沈苒 (索引: 0)
2025-11-03 14:08:47 | INFO     | src.gui.mixins.image_modules.char_extract | _on_character_selected:257 | 人物描述长度：187 字符
2025-11-03 14:08:47 | INFO     | src.gui.mixins.image_modules.char_extract | _on_character_selected:270 | 已加载人物"沈苒"的描述
2025-11-03 14:08:47 | INFO     | src.gui.mixins.image_modules.char_utils | _load_project_characters:283 | 已更新人物列表框，当前显示 5 个人物
2025-11-03 14:08:47 | INFO     | src.gui.mixins.image_modules.char_utils | _load_project_characters:290 | === 人物数据加载完成 ===
2025-11-03 14:09:02 | INFO     | src.gui.mixins.image_modules.char_extract | _on_character_selected:256 | 选择人物：张大师 (索引: 4)
2025-11-03 14:09:02 | INFO     | src.gui.mixins.image_modules.char_extract | _on_character_selected:257 | 人物描述长度：173 字符
2025-11-03 14:09:02 | INFO     | src.gui.mixins.image_modules.char_extract | _on_character_selected:270 | 已加载人物"张大师"的描述
2025-11-03 14:09:05 | INFO     | src.gui.mixins.image_modules.handlers.character_photo_handler | handle_generate_photo:61 | 准备生成人物照片：张大师
2025-11-03 14:09:05 | INFO     | src.gui.mixins.image_modules.handlers.character_photo_handler | handle_generate_photo:62 | 人物描述长度：173 字符
2025-11-03 14:09:05 | INFO     | src.gui.mixins.image_modules.handlers.character_photo_handler | handle_generate_photo:64 | 人物描述预览：性别：男
年龄：45-50岁
脸型：方脸，面部轮廓分明
肤色：自然偏黄，略显粗糙
眼睛：细长眼，单眼皮，眼神锐利而专注
发型：黑色短发，整齐后梳，露出饱满额头
体型：中等身材，略微发福，约175cm
...
2025-11-03 14:09:05 | INFO     | src.gui.mixins.image_modules.handlers.character_photo_handler | generate_photo_thread:111 | [1/1] 正在生成：正面视图 + 中性表情
2025-11-03 14:09:05 | INFO     | src.gui.mixins.image_modules.handlers.character_photo_handler | generate_photo_thread:123 | [1/1] 人物：张大师，描述长度：173
2025-11-03 14:09:05 | INFO     | src.gui.mixins.image_modules.handlers.character_photo_generator | generate_photo:68 | === 开始生成人物照片 ===
2025-11-03 14:09:05 | INFO     | src.gui.mixins.image_modules.handlers.character_photo_generator | generate_photo:69 | 人物名称：张大师
2025-11-03 14:09:05 | INFO     | src.gui.mixins.image_modules.handlers.character_photo_generator | generate_photo:70 | 描述长度：173 字符
2025-11-03 14:09:05 | INFO     | src.gui.mixins.image_modules.handlers.character_photo_generator | generate_photo:72 | 描述预览：性别：男
年龄：45-50岁
脸型：方脸，面部轮廓分明
肤色：自然偏黄，略显粗糙
眼睛：细长眼，单眼皮，眼神锐利而专注
发型：黑色短发，整齐后梳，露出饱满额头
体型：中等身材，略微发福，约175cm
服装：传统唐装，深蓝色绸缎面料，立领盘扣，款式正式
特征：眉头常皱，表情严肃凝重；手持罗盘时动作沉稳...
2025-11-03 14:09:05 | INFO     | src.gui.mixins.image_modules.handlers.character_photo_generator | generate_photo:80 | 图片API类型: sd
2025-11-03 14:09:05 | INFO     | src.gui.mixins.image_modules.handlers.character_photo_generator | _generate_with_sd:220 | 模式：txt2img（使用完整人物描述生成）
2025-11-03 14:09:05 | INFO     | src.gui.mixins.image_modules.handlers.character_photo_generator | _generate_with_sd:266 | === SD 标签式提示词（Tag-based Prompt）===
2025-11-03 14:09:05 | INFO     | src.gui.mixins.image_modules.handlers.character_photo_generator | _generate_with_sd:267 | 正向提示词 (前200字符): (solo:2.0), (1person:2.0), (only one person:2.0), solo, 1person, only one person, single person, one person only, one character only, no other people, photorealistic, (photorealistic:1.5), realistic, ...
2025-11-03 14:09:05 | INFO     | src.gui.mixins.image_modules.handlers.character_photo_generator | _generate_with_sd:268 | 正向提示词长度: 991 字符
2025-11-03 14:09:05 | INFO     | src.gui.mixins.image_modules.handlers.character_photo_generator | _generate_with_sd:269 | 负向提示词 (前100字符): low quality, worst quality, blurry, blurred, bad anatomy, bad hands, deformed, malformed, (multiple ...
2025-11-03 14:09:05 | INFO     | src.gui.mixins.image_modules.handlers.character_photo_generator | _generate_with_sd:270 | 负向提示词长度: 1309 字符
2025-11-03 14:09:05 | INFO     | src.gui.mixins.image_modules.handlers.character_photo_generator | _generate_with_sd:320 | 使用 txt2img 模式（生成基准图）
2025-11-03 14:09:05 | INFO     | src.gui.mixins.image_modules.handlers.character_photo_generator | _generate_with_sd:323 | 固定 seed: 2629098164
2025-11-03 14:09:19 | INFO     | src.gui.mixins.image_modules.handlers.character_photo_saver | auto_save_photo_with_name:113 | 准备保存到：projects\完整测试_20251026_184212_20251026_184212\characters\张大师.png
2025-11-03 14:09:20 | INFO     | src.gui.mixins.image_modules.handlers.character_photo_saver | auto_save_photo_with_name:126 | 照片已保存: projects\完整测试_20251026_184212_20251026_184212\characters\张大师.png (相对路径: characters\张大师.png)
2025-11-03 14:09:20 | INFO     | src.gui.mixins.image_modules.handlers.character_photo_handler | generate_photo_thread:183 | ✅ [1/1] 正面+中性照片生成成功
2025-11-03 14:10:34 | INFO     | src.gui.mixins.image_modules.char_photo | _on_view_character_gallery:90 | 查找人物"张大师"的照片：
2025-11-03 14:10:34 | INFO     | src.gui.mixins.image_modules.char_photo | _on_view_character_gallery:91 |   清理后的人物名：张大师
2025-11-03 14:10:34 | INFO     | src.gui.mixins.image_modules.char_photo | _on_view_character_gallery:92 |   找到 1 张照片
2025-11-03 14:10:34 | INFO     | src.gui.mixins.image_modules.char_photo | _on_view_character_gallery:94 |   照片列表：['张大师.png']
2025-11-03 14:23:58 | INFO     | src.gui.mixins.image_modules.char_extract | _on_character_selected:256 | 选择人物：陈明 (索引: 3)
2025-11-03 14:23:58 | INFO     | src.gui.mixins.image_modules.char_extract | _on_character_selected:257 | 人物描述长度：215 字符
2025-11-03 14:23:58 | INFO     | src.gui.mixins.image_modules.char_extract | _on_character_selected:270 | 已加载人物"陈明"的描述
2025-11-03 14:24:00 | INFO     | src.gui.mixins.image_modules.handlers.character_photo_handler | handle_generate_photo:61 | 准备生成人物照片：陈明
2025-11-03 14:24:00 | INFO     | src.gui.mixins.image_modules.handlers.character_photo_handler | handle_generate_photo:62 | 人物描述长度：215 字符
2025-11-03 14:24:00 | INFO     | src.gui.mixins.image_modules.handlers.character_photo_handler | handle_generate_photo:64 | 人物描述预览：性别：男
年龄：35-40岁
脸型：成熟男性脸型，颧骨分明
肤色：自然肤色，因情绪波动时而显得苍白
眼睛：中等大小，眼神锐利，情绪激动时瞳孔放大，带有压抑和愤怒的神情
发型：短发，整洁利落，商务人士常...
2025-11-03 14:24:00 | INFO     | src.gui.mixins.image_modules.handlers.character_photo_handler | generate_photo_thread:111 | [1/1] 正在生成：正面视图 + 中性表情
2025-11-03 14:24:00 | INFO     | src.gui.mixins.image_modules.handlers.character_photo_handler | generate_photo_thread:123 | [1/1] 人物：陈明，描述长度：215
2025-11-03 14:24:00 | INFO     | src.gui.mixins.image_modules.handlers.character_photo_generator | generate_photo:68 | === 开始生成人物照片 ===
2025-11-03 14:24:00 | INFO     | src.gui.mixins.image_modules.handlers.character_photo_generator | generate_photo:69 | 人物名称：陈明
2025-11-03 14:24:00 | INFO     | src.gui.mixins.image_modules.handlers.character_photo_generator | generate_photo:70 | 描述长度：215 字符
2025-11-03 14:24:00 | INFO     | src.gui.mixins.image_modules.handlers.character_photo_generator | generate_photo:72 | 描述预览：性别：男
年龄：35-40岁
脸型：成熟男性脸型，颧骨分明
肤色：自然肤色，因情绪波动时而显得苍白
眼睛：中等大小，眼神锐利，情绪激动时瞳孔放大，带有压抑和愤怒的神情
发型：短发，整洁利落，商务人士常见发型
体型：中等身材，匀称健壮，约175-180cm
服装：日常商务休闲装，可能包括衬衫和长裤，居...
2025-11-03 14:24:00 | INFO     | src.gui.mixins.image_modules.handlers.character_photo_generator | generate_photo:80 | 图片API类型: sd
2025-11-03 14:24:00 | INFO     | src.gui.mixins.image_modules.handlers.character_photo_generator | _generate_with_sd:220 | 模式：txt2img（使用完整人物描述生成）
2025-11-03 14:24:00 | INFO     | src.gui.mixins.image_modules.handlers.character_photo_generator | _generate_with_sd:266 | === SD 标签式提示词（Tag-based Prompt）===
2025-11-03 14:24:00 | INFO     | src.gui.mixins.image_modules.handlers.character_photo_generator | _generate_with_sd:267 | 正向提示词 (前200字符): (solo:2.0), (1person:2.0), (only one person:2.0), solo, 1person, only one person, single person, one person only, one character only, no other people, pale skin, tense, photorealistic, (photorealistic...
2025-11-03 14:24:00 | INFO     | src.gui.mixins.image_modules.handlers.character_photo_generator | _generate_with_sd:268 | 正向提示词长度: 981 字符
2025-11-03 14:24:00 | INFO     | src.gui.mixins.image_modules.handlers.character_photo_generator | _generate_with_sd:269 | 负向提示词 (前100字符): low quality, worst quality, blurry, blurred, bad anatomy, bad hands, deformed, malformed, (multiple ...
2025-11-03 14:24:00 | INFO     | src.gui.mixins.image_modules.handlers.character_photo_generator | _generate_with_sd:270 | 负向提示词长度: 1309 字符
2025-11-03 14:24:00 | INFO     | src.gui.mixins.image_modules.handlers.character_photo_generator | _generate_with_sd:320 | 使用 txt2img 模式（生成基准图）
2025-11-03 14:24:00 | INFO     | src.gui.mixins.image_modules.handlers.character_photo_generator | _generate_with_sd:323 | 固定 seed: 823745907
2025-11-03 14:24:15 | INFO     | src.gui.mixins.image_modules.handlers.character_photo_saver | auto_save_photo_with_name:113 | 准备保存到：projects\完整测试_20251026_184212_20251026_184212\characters\陈明.png
2025-11-03 14:24:15 | INFO     | src.gui.mixins.image_modules.handlers.character_photo_saver | auto_save_photo_with_name:126 | 照片已保存: projects\完整测试_20251026_184212_20251026_184212\characters\陈明.png (相对路径: characters\陈明.png)
2025-11-03 14:24:15 | INFO     | src.gui.mixins.image_modules.handlers.character_photo_handler | generate_photo_thread:183 | ✅ [1/1] 正面+中性照片生成成功
2025-11-03 14:38:24 | INFO     | __main__ | main:61 | 用户中断，正在退出...
2025-11-07 11:34:41 | INFO     | src.core.logging_config | init_logging:134 | 日志系统初始化完成
2025-11-07 11:34:41 | INFO     | src.core.logging_config | init_logging:135 | 日志级别: INFO
2025-11-07 11:34:41 | INFO     | src.core.logging_config | init_logging:136 | 文件日志: 启用
2025-11-07 11:34:44 | INFO     | src.core.logging_config | main:34 | ============================================================
2025-11-07 11:34:44 | INFO     | src.core.logging_config | main:35 | 启动 AI Story Creator Pro
2025-11-07 11:34:44 | INFO     | src.core.logging_config | main:36 | 窗口尺寸: 1500x850
2025-11-07 11:34:44 | INFO     | src.core.logging_config | main:37 | 设计风格: 精致 · 简约 · 专业
2025-11-07 11:34:44 | INFO     | src.core.logging_config | main:38 | ============================================================
2025-11-07 11:34:46 | INFO     | src.gui.modern_app | __init__:92 | ✅ 自动保存功能已启用（每5分钟）
2025-11-07 11:34:46 | INFO     | src.gui.mixins.story_modules.input_cache | _bind_input_cache_events:174 | 输入自动保存已启用
2025-11-07 11:34:46 | INFO     | src.gui.mixins.story_modules.input_cache | _load_input_cache:66 | 已恢复上次输入内容
2025-11-07 11:34:46 | INFO     | src.gui.modern_app | _init_startup_state:143 | 启动状态初始化完成（无项目, 有缓存）
2025-11-07 11:34:52 | INFO     | src.gui.mixins.director_modules.director_mixin | _refresh_shot_combo:96 | 刷新下拉框成功，共 2 个分镜
2025-11-07 11:34:52 | INFO     | src.gui.mixins.director_modules.handlers.project_handler | load_director_data_from_project:118 | 已加载 2 个分镜
2025-11-07 11:34:52 | INFO     | src.gui.mixins.project_mixin | _on_load_project:217 | 使用增强加载功能成功加载项目
2025-11-07 11:34:52 | INFO     | src.gui.mixins.project_mixin | _on_load_project:226 | 后备：单独加载人物数据
2025-11-07 11:34:52 | INFO     | src.gui.mixins.image_modules.char_utils | _load_project_characters:112 | === 开始加载项目人物数据 ===
2025-11-07 11:34:52 | INFO     | src.gui.mixins.image_modules.char_utils | _load_project_characters:117 | 已清空人物列表（之前有 0 个人物）
2025-11-07 11:34:52 | INFO     | src.gui.mixins.image_modules.char_utils | _load_project_characters:127 | 项目路径：projects\完整测试_20251026_184212_20251026_184212
2025-11-07 11:34:52 | INFO     | src.gui.mixins.image_modules.char_utils | _load_project_characters:128 | 人物文件夹路径：projects\完整测试_20251026_184212_20251026_184212\characters
2025-11-07 11:34:52 | INFO     | src.gui.mixins.image_modules.char_utils | _load_project_characters:139 | 检查人物信息文件：projects\完整测试_20251026_184212_20251026_184212\characters\characters_info.json
2025-11-07 11:34:52 | INFO     | src.gui.mixins.image_modules.char_utils | _load_project_characters:140 | 文件是否存在：True
2025-11-07 11:34:52 | INFO     | src.gui.mixins.image_modules.char_utils | _load_project_characters:146 | 📖 已加载人物描述文件：projects\完整测试_20251026_184212_20251026_184212\characters\characters_info.json
2025-11-07 11:34:52 | INFO     | src.gui.mixins.image_modules.char_utils | _load_project_characters:147 | JSON内容类型：<class 'dict'>
2025-11-07 11:34:52 | INFO     | src.gui.mixins.image_modules.char_utils | _load_project_characters:148 | JSON内容长度：5
2025-11-07 11:34:52 | INFO     | src.gui.mixins.image_modules.char_utils | _load_project_characters:171 | 📋 使用扁平格式JSON
2025-11-07 11:34:52 | INFO     | src.gui.mixins.image_modules.char_utils | _load_project_characters:173 | 处理后的characters_info包含 5 个键
2025-11-07 11:34:52 | INFO     | src.gui.mixins.image_modules.char_utils | _load_project_characters:266 | ✅ 已加载 5 个人物（其中 0 个有照片），跳过 0 个无效项
2025-11-07 11:34:52 | INFO     | src.gui.mixins.image_modules.char_utils | _load_project_characters:270 | ✅ 已加载项目人物：['沈苒', '小远', '林舟', '陈明', '张大师']
2025-11-07 11:34:52 | INFO     | src.gui.mixins.image_modules.char_extract | _on_character_selected:256 | 选择人物：沈苒 (索引: 0)
2025-11-07 11:34:52 | INFO     | src.gui.mixins.image_modules.char_extract | _on_character_selected:257 | 人物描述长度：187 字符
2025-11-07 11:34:52 | INFO     | src.gui.mixins.image_modules.char_extract | _on_character_selected:270 | 已加载人物"沈苒"的描述
2025-11-07 11:34:52 | INFO     | src.gui.mixins.image_modules.char_utils | _load_project_characters:283 | 已更新人物列表框，当前显示 5 个人物
2025-11-07 11:34:52 | INFO     | src.gui.mixins.image_modules.char_utils | _load_project_characters:290 | === 人物数据加载完成 ===
2025-11-07 11:37:46 | INFO     | httpx | _send_single_request:1025 | HTTP Request: POST https://api.deepseek.com/v1/chat/completions "HTTP/1.1 200 OK"
2025-11-07 11:38:06 | INFO     | httpx | _send_single_request:1025 | HTTP Request: POST https://api.deepseek.com/v1/chat/completions "HTTP/1.1 200 OK"
2025-11-07 11:38:45 | INFO     | httpx | _send_single_request:1025 | HTTP Request: POST https://api.deepseek.com/v1/chat/completions "HTTP/1.1 200 OK"
2025-11-07 11:39:51 | INFO     | httpx | _send_single_request:1025 | HTTP Request: POST https://api.deepseek.com/v1/chat/completions "HTTP/1.1 200 OK"
2025-11-07 11:40:57 | INFO     | httpx | _send_single_request:1025 | HTTP Request: POST https://api.deepseek.com/v1/chat/completions "HTTP/1.1 200 OK"
2025-11-07 11:41:32 | INFO     | httpx | _send_single_request:1025 | HTTP Request: POST https://api.deepseek.com/v1/chat/completions "HTTP/1.1 200 OK"
2025-11-07 11:41:52 | INFO     | httpx | _send_single_request:1025 | HTTP Request: POST https://api.deepseek.com/v1/chat/completions "HTTP/1.1 200 OK"
2025-11-07 11:46:07 | INFO     | httpx | _send_single_request:1025 | HTTP Request: POST https://api.deepseek.com/v1/chat/completions "HTTP/1.1 200 OK"
2025-11-07 11:47:21 | INFO     | src.services.zhihu.browser_manager | initialize:79 | 浏览器初始化成功
2025-11-07 11:47:21 | INFO     | src.services.zhihu.login_handler | check_login_status:28 | 正在访问知乎首页...
2025-11-07 11:47:26 | INFO     | src.services.zhihu.login_handler | check_login_status:52 | 检测到已登录（找到用户元素）
2025-11-07 11:47:26 | INFO     | src.services.zhihu.article_publisher | _navigate_to_editor:104 | 正在打开创作中心...
2025-11-07 11:47:28 | INFO     | httpx | _send_single_request:1025 | HTTP Request: POST https://api.deepseek.com/v1/chat/completions "HTTP/1.1 200 OK"
2025-11-07 11:47:30 | INFO     | src.services.zhihu.article_publisher | _navigate_to_editor:115 | 找到创作中心按钮，点击...
2025-11-07 11:47:30 | INFO     | src.gui.mixins.image_modules.char_extract | extract_thread:90 | AI响应原始内容: ```json
{
  "characters": ["林岚", "张大爷"]
}
```...
2025-11-07 11:47:30 | INFO     | src.gui.mixins.image_modules.char_extract | extract_thread:107 | 成功解析JSON: {'characters': ['林岚', '张大爷']}
2025-11-07 11:47:30 | INFO     | src.gui.mixins.image_modules.char_extract | extract_thread:174 | 成功提取到 2 个人物: ['林岚', '张大爷']
2025-11-07 11:47:30 | INFO     | src.gui.mixins.image_modules.char_extract | _on_character_selected:256 | 选择人物：林岚 (索引: 0)
2025-11-07 11:47:30 | INFO     | src.gui.mixins.image_modules.char_extract | _on_character_selected:257 | 人物描述长度：0 字符
2025-11-07 11:47:30 | WARNING  | src.gui.mixins.image_modules.char_extract | _on_character_selected:277 | 人物"林岚"的描述为空，需要生成
2025-11-07 11:47:33 | INFO     | src.services.zhihu.article_publisher | _navigate_to_editor:126 | 已进入创作中心
2025-11-07 11:47:33 | INFO     | src.services.zhihu.article_publisher | _navigate_to_editor:133 | 查找「内容创作」按钮...
2025-11-07 11:47:33 | WARNING  | src.services.zhihu.article_publisher | _navigate_to_editor:141 | 未找到「内容创作」按钮
2025-11-07 11:47:33 | INFO     | src.services.zhihu.article_publisher | _navigate_to_editor:150 | 查找「发布文章」选项...
2025-11-07 11:47:34 | INFO     | src.gui.mixins.image_modules.char_extract | _on_character_selected:256 | 选择人物：林岚 (索引: 0)
2025-11-07 11:47:34 | INFO     | src.gui.mixins.image_modules.char_extract | _on_character_selected:257 | 人物描述长度：0 字符
2025-11-07 11:47:34 | WARNING  | src.gui.mixins.image_modules.char_extract | _on_character_selected:277 | 人物"林岚"的描述为空，需要生成
2025-11-07 11:47:37 | INFO     | httpx | _send_single_request:1025 | HTTP Request: POST https://api.deepseek.com/v1/chat/completions "HTTP/1.1 200 OK"
2025-11-07 11:47:38 | WARNING  | src.services.zhihu.article_publisher | _navigate_to_editor:171 | 等待「发布文章」超时，尝试直接跳转...
2025-11-07 11:47:42 | INFO     | src.services.zhihu.article_publisher | _navigate_to_editor:189 | 等待编辑器加载...
2025-11-07 11:47:42 | INFO     | src.services.zhihu.article_publisher | _navigate_to_editor:203 | 编辑器已加载 (selector: .public-DraftEditor-content)
2025-11-07 11:47:44 | INFO     | src.services.zhihu.article_publisher | _input_title_and_content:232 | 正在输入标题: 回声井...
2025-11-07 11:47:44 | INFO     | src.services.zhihu.article_publisher | _input_title_and_content:246 | 找到标题输入框 (selector: textarea[placeholder*="标题"])
2025-11-07 11:47:46 | INFO     | src.services.zhihu.article_publisher | _input_title_and_content:256 | 标题已输入: 回声井...
2025-11-07 11:47:48 | INFO     | src.services.zhihu.article_publisher | _input_title_and_content:273 | 正在输入内容，共 8482 字符...
2025-11-07 11:47:48 | INFO     | src.services.zhihu.article_publisher | _input_title_and_content:288 | 找到内容编辑器 (selector: [contenteditable="true"])
2025-11-07 11:47:50 | INFO     | src.services.zhihu.article_publisher | _input_content_stream:346 | 使用流式输入模式（逐字输入）
2025-11-07 11:48:10 | INFO     | src.gui.mixins.image_modules.char_extract | _on_character_selected:256 | 选择人物：张大爷 (索引: 1)
2025-11-07 11:48:10 | INFO     | src.gui.mixins.image_modules.char_extract | _on_character_selected:257 | 人物描述长度：0 字符
2025-11-07 11:48:10 | WARNING  | src.gui.mixins.image_modules.char_extract | _on_character_selected:277 | 人物"张大爷"的描述为空，需要生成
2025-11-07 11:48:12 | INFO     | httpx | _send_single_request:1025 | HTTP Request: POST https://api.deepseek.com/v1/chat/completions "HTTP/1.1 200 OK"
2025-11-07 12:01:55 | INFO     | src.services.zhihu.article_publisher | _input_content_stream:362 | 流式输入完成，共 255 段
2025-11-07 12:01:55 | INFO     | src.services.zhihu.article_publisher | _input_title_and_content:313 | 内容已成功填充，共 8482 字符
2025-11-07 12:01:57 | INFO     | src.services.zhihu.article_publisher | _set_question_submission:446 | 正在处理投稿至问题...
2025-11-07 12:01:58 | INFO     | src.services.zhihu.article_publisher | _set_question_submission:458 | 已点击投稿至问题下拉框
2025-11-07 12:02:00 | INFO     | src.services.zhihu.article_publisher | _set_question_submission:474 | 找到弹窗容器 (selector: div[class*="Modal"])
2025-11-07 12:02:01 | INFO     | src.services.zhihu.article_publisher | _set_question_submission:511 | 已点击「选择」按钮
2025-11-07 12:02:02 | INFO     | src.services.zhihu.article_publisher | _set_question_submission:544 | 已点击「确定」按钮，问题选择完成！
2025-11-07 12:02:03 | INFO     | src.services.zhihu.article_publisher | _set_creation_declaration:561 | 正在设置创作声明...
2025-11-07 12:02:04 | INFO     | src.services.zhihu.article_publisher | _set_creation_declaration:573 | 已点击创作声明下拉框
2025-11-07 12:02:05 | INFO     | src.services.zhihu.article_publisher | _set_creation_declaration:588 | 已设置创作声明为「虚构创作」
2025-11-07 12:02:06 | INFO     | src.services.zhihu.article_publisher | _add_topics:607 | 正在提取话题词...
2025-11-07 12:02:07 | INFO     | src.services.zhihu.article_publisher | _add_topics:614 | 提取到话题词: 悬疑, 恐怖, 都市
2025-11-07 12:02:07 | INFO     | src.services.zhihu.article_publisher | _add_topics:628 | 找到添加话题按钮 (selector: button:has-text("添加话题"))
2025-11-07 12:02:07 | INFO     | src.services.zhihu.article_publisher | _add_topics:635 | 准备添加话题: 悬疑
2025-11-07 12:02:08 | INFO     | src.services.zhihu.article_publisher | _add_topics:651 | 找到话题输入框 (selector: input[placeholder*="话题"])
2025-11-07 12:02:08 | INFO     | src.services.zhihu.article_publisher | _add_topics:658 | 已输入话题文字: 悬疑
2025-11-07 12:02:10 | WARNING  | src.services.zhihu.article_publisher | _add_topics:668 | 未找到话题下拉选项，尝试按回车
2025-11-07 12:02:11 | INFO     | src.services.zhihu.article_publisher | _add_topics:672 | 话题添加完成: 悬疑
2025-11-07 12:02:11 | INFO     | src.services.zhihu.article_publisher | _wait_for_publish_complete:688 | 准备点击发布按钮
2025-11-07 12:02:15 | INFO     | src.services.zhihu.article_publisher | _wait_for_publish_complete:714 | 找到主按钮 (selector: button.Button--primary:has-text("发布"))
2025-11-07 12:02:15 | INFO     | src.services.zhihu.article_publisher | _wait_for_publish_complete:735 | 找到发布按钮！准备点击...
2025-11-07 12:02:16 | INFO     | src.services.zhihu.article_publisher | _wait_for_publish_complete:740 | 已成功点击「发布」按钮！
2025-11-07 12:02:19 | INFO     | src.services.zhihu.article_publisher | _wait_for_publish_complete:759 | 文章已发布: https://zhuanlan.zhihu.com/p/1970095067986376616/edit
2025-11-07 12:02:19 | INFO     | src.services.zhihu.browser_manager | close:100 | 浏览器已关闭
2025-11-07 12:02:19 | INFO     | src.services.zhihu.browser_manager | close:108 | Playwright 已停止
